"Trial.order","Subject","Subject.number","Trial.name","correct","response","RT","leksikalnost","FWD_BCW","LF_HF","CONC_ABS","izvorna_rec","trial.number","rec","task"
1,"s1.dat",1,"t167",1,"3",892,"pseudorec","backw","LF","conc",NA,167,"KOMFON","ALD"
1,"s1.dat",1,"t167",1,"3",892,"pseudorec","backw","LF","conc",NA,167,"KARBOZ","VLD"
2,"s1.dat",1,"t96",1,"1",711,"rec","forw","LF","abst","nerad",96,"NERAD","ALD"
2,"s1.dat",1,"t96",1,"1",711,"rec","forw","LF","abst","elita",96,"ELITA","VLD"
3,"s1.dat",1,"t134",0,"None",NA,"pseudorec","backw","HF","abst",NA,134,"DIZEB","ALD"
3,"s1.dat",1,"t134",0,"None",NA,"pseudorec","backw","HF","abst",NA,134,"LOTOG","VLD"
5,"s1.dat",1,"t133",1,"3",1272,"pseudorec","backw","HF","abst",NA,133,"ŠTAPIZ","ALD"
5,"s1.dat",1,"t133",1,"3",1272,"pseudorec","backw","HF","abst",NA,133,"LIRIZ","VLD"
6,"s1.dat",1,"t190",1,"3",1272,"pseudorec","forw","HF","abst",NA,190,"ŠVERG","ALD"
6,"s1.dat",1,"t190",1,"3",1272,"pseudorec","forw","HF","abst",NA,190,"METAT","VLD"
7,"s1.dat",1,"t43",0,"3",NA,"rec","backw","LF","abst","požuda",43,"ADUŽOP","ALD"
7,"s1.dat",1,"t43",0,"3",NA,"rec","backw","LF","abst","namena",43,"ANEMAN","VLD"
8,"s1.dat",1,"t79",1,"1",601,"rec","forw","HF","conc","marama",79,"MARAMA","ALD"
8,"s1.dat",1,"t79",1,"1",601,"rec","forw","HF","conc","kolica",79,"KOLICA","VLD"
9,"s1.dat",1,"t226",1,"3",1453,"pseudorec","forw","LF","conc",NA,226,"BALZAL","ALD"
9,"s1.dat",1,"t226",1,"3",1453,"pseudorec","forw","LF","conc",NA,226,"RITUAC","VLD"
10,"s1.dat",1,"t6",0,"None",NA,"rec","backw","HF","abst","svrha",6,"AHRVS","ALD"
10,"s1.dat",1,"t6",0,"None",NA,"rec","backw","HF","abst","obnova",6,"AVONBO","VLD"
12,"s1.dat",1,"t4",0,"None",NA,"rec","backw","HF","abst","namera",4,"AREMAN","ALD"
12,"s1.dat",1,"t4",0,"None",NA,"rec","backw","HF","abst","osveta",4,"ATEVSO","VLD"
14,"s1.dat",1,"t77",1,"1",641,"rec","forw","HF","conc","točak",77,"TOČAK","ALD"
14,"s1.dat",1,"t77",1,"1",641,"rec","forw","HF","conc","kesten",77,"KESTEN","VLD"
15,"s1.dat",1,"t121",0,"None",NA,"pseudorec","backw","HF","abst",NA,121,"TROVAB","ALD"
15,"s1.dat",1,"t121",0,"None",NA,"pseudorec","backw","HF","abst",NA,121,"KORDOB","VLD"
17,"s1.dat",1,"t218",0,"None",NA,"pseudorec","forw","LF","abst",NA,218,"ROVAG","ALD"
17,"s1.dat",1,"t218",0,"None",NA,"pseudorec","forw","LF","abst",NA,218,"EPITEZ","VLD"
19,"s1.dat",1,"t225",0,"None",NA,"pseudorec","forw","LF","abst",NA,225,"BULDOF","ALD"
19,"s1.dat",1,"t225",0,"None",NA,"pseudorec","forw","LF","abst",NA,225,"TUMOČ","VLD"
21,"s1.dat",1,"t157",0,"None",NA,"pseudorec","backw","LF","abst",NA,157,"TITAČ","ALD"
21,"s1.dat",1,"t157",0,"None",NA,"pseudorec","backw","LF","abst",NA,157,"ŠAPTAK","VLD"
23,"s1.dat",1,"t89",1,"1",631,"rec","forw","HF","conc","prozor",89,"PROZOR","ALD"
23,"s1.dat",1,"t89",1,"1",631,"rec","forw","HF","conc","vrata",89,"VRATA","VLD"
24,"s1.dat",1,"t189",1,"3",1242,"pseudorec","forw","HF","abst",NA,189,"LOGOK","ALD"
24,"s1.dat",1,"t189",1,"3",1242,"pseudorec","forw","HF","abst",NA,189,"BEĆAŠ","VLD"
25,"s1.dat",1,"t105",1,"1",641,"rec","forw","LF","abst","logika",105,"LOGIKA","ALD"
25,"s1.dat",1,"t105",1,"1",641,"rec","forw","LF","abst","oprez",105,"OPREZ","VLD"
26,"s1.dat",1,"t141",1,"3",731,"pseudorec","backw","HF","conc",NA,141,"VODNIB","ALD"
26,"s1.dat",1,"t141",1,"3",731,"pseudorec","backw","HF","conc",NA,141,"CIMEC","VLD"
27,"s1.dat",1,"t163",1,"3",1422,"pseudorec","backw","LF","abst",NA,163,"BERBET","ALD"
27,"s1.dat",1,"t163",1,"3",1422,"pseudorec","backw","LF","abst",NA,163,"PRESEB","VLD"
28,"s1.dat",1,"t33",1,"1",1462,"rec","backw","LF","abst","opoziv",33,"VIZOPO","ALD"
28,"s1.dat",1,"t33",1,"1",1462,"rec","backw","LF","abst","renome",33,"EMONER","VLD"
29,"s1.dat",1,"t201",0,"None",NA,"pseudorec","forw","HF","conc",NA,201,"CIKLOP","ALD"
29,"s1.dat",1,"t201",0,"None",NA,"pseudorec","forw","HF","conc",NA,201,"DESPON","VLD"
31,"s1.dat",1,"t136",1,"3",1222,"pseudorec","backw","HF","conc",NA,136,"TURBAH","ALD"
31,"s1.dat",1,"t136",1,"3",1222,"pseudorec","backw","HF","conc",NA,136,"AZBESČ","VLD"
32,"s1.dat",1,"t197",0,"None",NA,"pseudorec","forw","HF","conc",NA,197,"SISAB","ALD"
32,"s1.dat",1,"t197",0,"None",NA,"pseudorec","forw","HF","conc",NA,197,"KLIKET","VLD"
35,"s1.dat",1,"t63",1,"1",571,"rec","forw","HF","abst","motiv",63,"MOTIV","ALD"
35,"s1.dat",1,"t63",1,"1",571,"rec","forw","HF","abst","celina",63,"CELINA","VLD"
36,"s1.dat",1,"t216",1,"3",1092,"pseudorec","forw","LF","abst",NA,216,"SENJAT","ALD"
36,"s1.dat",1,"t216",1,"3",1092,"pseudorec","forw","LF","abst",NA,216,"IDIOB","VLD"
37,"s1.dat",1,"t59",1,"1",1262,"rec","backw","LF","conc","delfin",59,"NIFLED","ALD"
37,"s1.dat",1,"t59",1,"1",1262,"rec","backw","LF","conc","papuča",59,"AČUPAP","VLD"
38,"s1.dat",1,"t10",1,"1",1052,"rec","backw","HF","abst","značaj",10,"JAČANZ","ALD"
38,"s1.dat",1,"t10",1,"1",1052,"rec","backw","HF","abst","svest",10,"TSEVS","VLD"
39,"s1.dat",1,"t214",0,"None",NA,"pseudorec","forw","LF","abst",NA,214,"PITOR","ALD"
39,"s1.dat",1,"t214",0,"None",NA,"pseudorec","forw","LF","abst",NA,214,"PIJAD","VLD"
41,"s1.dat",1,"t62",1,"1",621,"rec","forw","HF","abst","izdaja",62,"IZDAJA","ALD"
41,"s1.dat",1,"t62",1,"1",621,"rec","forw","HF","abst","uzrok",62,"UZROK","VLD"
42,"s1.dat",1,"t29",1,"1",1082,"rec","backw","HF","conc","kamen",29,"NEMAK","ALD"
42,"s1.dat",1,"t29",1,"1",1082,"rec","backw","HF","conc","cveće",29,"EĆEVC","VLD"
43,"s1.dat",1,"t240",1,"3",1472,"pseudorec","forw","LF","conc",NA,240,"VOSKAB","ALD"
43,"s1.dat",1,"t240",1,"3",1472,"pseudorec","forw","LF","conc",NA,240,"TRILEN","VLD"
44,"s1.dat",1,"t179",1,"3",1452,"pseudorec","backw","LF","conc",NA,179,"PETLIR","ALD"
44,"s1.dat",1,"t179",1,"3",1452,"pseudorec","backw","LF","conc",NA,179,"KANTAC","VLD"
45,"s1.dat",1,"t73",1,"1",621,"rec","forw","HF","abst","zakon",73,"ZAKON","ALD"
45,"s1.dat",1,"t73",1,"1",621,"rec","forw","HF","abst","istina",73,"ISTINA","VLD"
46,"s1.dat",1,"t8",1,"1",1402,"rec","backw","HF","abst","pojava",8,"AVAJOP","ALD"
46,"s1.dat",1,"t8",1,"1",1402,"rec","backw","HF","abst","pravda",8,"ADVARP","VLD"
47,"s1.dat",1,"t148",1,"3",1242,"pseudorec","backw","HF","conc",NA,148,"PRELER","ALD"
47,"s1.dat",1,"t148",1,"3",1242,"pseudorec","backw","HF","conc",NA,148,"BAZAP","VLD"
48,"s1.dat",1,"t207",0,"None",NA,"pseudorec","forw","HF","conc",NA,207,"ZAREM","ALD"
48,"s1.dat",1,"t207",0,"None",NA,"pseudorec","forw","HF","conc",NA,207,"BONTOZ","VLD"
50,"s1.dat",1,"t116",1,"1",761,"rec","forw","LF","conc","konjak",116,"KONJAK","ALD"
50,"s1.dat",1,"t116",1,"1",761,"rec","forw","LF","conc","čaplja",116,"ČAPLJA","VLD"
51,"s1.dat",1,"t78",1,"1",501,"rec","forw","HF","conc","korito",78,"KORITO","ALD"
51,"s1.dat",1,"t78",1,"1",501,"rec","forw","HF","conc","jastuk",78,"JASTUK","VLD"
52,"s1.dat",1,"t224",1,"3",1081,"pseudorec","forw","LF","abst",NA,224,"BOJLEG","ALD"
52,"s1.dat",1,"t224",1,"3",1081,"pseudorec","forw","LF","abst",NA,224,"DISTIC","VLD"
53,"s1.dat",1,"t129",0,"None",NA,"pseudorec","backw","HF","abst",NA,129,"AKTEF","ALD"
53,"s1.dat",1,"t129",0,"None",NA,"pseudorec","backw","HF","abst",NA,129,"AFEKAL","VLD"
55,"s1.dat",1,"t146",0,"None",NA,"pseudorec","backw","HF","conc",NA,146,"FOSIK","ALD"
55,"s1.dat",1,"t146",0,"None",NA,"pseudorec","backw","HF","conc",NA,146,"DRIPAG","VLD"
57,"s1.dat",1,"t31",0,"None",NA,"rec","backw","LF","abst","izazov",31,"VOZAZI","ALD"
57,"s1.dat",1,"t31",0,"None",NA,"rec","backw","LF","abst","etika",31,"AKITE","VLD"
59,"s1.dat",1,"t173",1,"3",1302,"pseudorec","backw","LF","conc",NA,173,"IMPORK","ALD"
59,"s1.dat",1,"t173",1,"3",1302,"pseudorec","backw","LF","conc",NA,173,"LENJOČ","VLD"
60,"s1.dat",1,"t74",1,"1",731,"rec","forw","HF","abst","sreća",74,"SREĆA","ALD"
60,"s1.dat",1,"t74",1,"1",731,"rec","forw","HF","abst","odnos",74,"ODNOS","VLD"
61,"s1.dat",1,"t13",1,"1",1101,"rec","backw","HF","abst","samoća",13,"AĆOMAS","ALD"
61,"s1.dat",1,"t13",1,"1",1101,"rec","backw","HF","abst","tajna",13,"ANJAT","VLD"
62,"s1.dat",1,"t48",1,"1",1322,"rec","backw","LF","conc","burek",48,"KERUB","ALD"
62,"s1.dat",1,"t48",1,"1",1322,"rec","backw","LF","conc","cucla",48,"ALCUC","VLD"
63,"s1.dat",1,"t154",0,"None",NA,"pseudorec","backw","LF","abst",NA,154,"REZOL","ALD"
63,"s1.dat",1,"t154",0,"None",NA,"pseudorec","backw","LF","abst",NA,154,"SKRON","VLD"
65,"s1.dat",1,"t67",1,"1",671,"rec","forw","HF","abst","sezona",67,"SEZONA","ALD"
65,"s1.dat",1,"t67",1,"1",671,"rec","forw","HF","abst","propis",67,"PROPIS","VLD"
66,"s1.dat",1,"t144",1,"3",1191,"pseudorec","backw","HF","conc",NA,144,"MASIT","ALD"
66,"s1.dat",1,"t144",1,"3",1191,"pseudorec","backw","HF","conc",NA,144,"SLANIB","VLD"
67,"s1.dat",1,"t1",1,"1",1452,"rec","backw","HF","abst","novost",1,"TSOVON","ALD"
67,"s1.dat",1,"t1",1,"1",1452,"rec","backw","HF","abst","metoda",1,"ADOTEM","VLD"
68,"s1.dat",1,"t131",0,"None",NA,"pseudorec","backw","HF","abst",NA,131,"PORIG","ALD"
68,"s1.dat",1,"t131",0,"None",NA,"pseudorec","backw","HF","abst",NA,131,"PATROZ","VLD"
70,"s1.dat",1,"t72",1,"1",530,"rec","forw","HF","abst","uslov",72,"USLOV","ALD"
70,"s1.dat",1,"t72",1,"1",530,"rec","forw","HF","abst","uspeh",72,"USPEH","VLD"
71,"s1.dat",1,"t205",1,"3",1181,"pseudorec","forw","HF","conc",NA,205,"PEŠKIG","ALD"
71,"s1.dat",1,"t205",1,"3",1181,"pseudorec","forw","HF","conc",NA,205,"EVNUB","VLD"
72,"s1.dat",1,"t228",0,"None",NA,"pseudorec","forw","LF","conc",NA,228,"ULKUG","ALD"
72,"s1.dat",1,"t228",0,"None",NA,"pseudorec","forw","LF","conc",NA,228,"FLANEG","VLD"
74,"s1.dat",1,"t194",1,"3",1432,"pseudorec","forw","HF","abst",NA,194,"SONAĐ","ALD"
74,"s1.dat",1,"t194",1,"3",1432,"pseudorec","forw","HF","abst",NA,194,"ŠPRIĐ","ALD"
75,"s1.dat",1,"t168",0,"None",NA,"pseudorec","backw","LF","conc",NA,168,"JELEP","ALD"
75,"s1.dat",1,"t168",0,"None",NA,"pseudorec","backw","LF","conc",NA,168,"ĆUMEP","VLD"
77,"s1.dat",1,"t223",0,"None",NA,"pseudorec","forw","LF","abst",NA,223,"OPILJAL","ALD"
77,"s1.dat",1,"t223",0,"None",NA,"pseudorec","forw","LF","abst",NA,223,"IZOTOC","VLD"
79,"s1.dat",1,"t27",1,"1",1252,"rec","backw","HF","conc","stena",27,"ANETS","ALD"
79,"s1.dat",1,"t27",1,"1",1252,"rec","backw","HF","conc","mleko",27,"OKELM","VLD"
80,"s1.dat",1,"t169",1,"3",1272,"pseudorec","backw","LF","conc",NA,169,"GULAN","ALD"
80,"s1.dat",1,"t169",1,"3",1272,"pseudorec","backw","LF","conc",NA,169,"CIGAF","VLD"
81,"s1.dat",1,"t165",1,"3",1262,"pseudorec","backw","LF","abst",NA,165,"KARMIG","ALD"
81,"s1.dat",1,"t165",1,"3",1262,"pseudorec","backw","LF","abst",NA,165,"SIRUL","VLD"
82,"s1.dat",1,"t82",1,"1",541,"rec","forw","HF","conc","kaput",82,"KAPUT","ALD"
82,"s1.dat",1,"t82",1,"1",541,"rec","forw","HF","conc","klavir",82,"KLAVIR","VLD"
83,"s1.dat",1,"t111",1,"1",902,"rec","forw","LF","conc","perika",111,"PERIKA","ALD"
83,"s1.dat",1,"t111",1,"1",902,"rec","forw","LF","conc","pelena",111,"PELENA","VLD"
84,"s1.dat",1,"t69",1,"1",551,"rec","forw","HF","abst","znanje",69,"ZNANJE","ALD"
84,"s1.dat",1,"t69",1,"1",551,"rec","forw","HF","abst","sumnja",69,"SUMNJA","VLD"
85,"s1.dat",1,"t108",1,"1",491,"rec","forw","LF","conc","tegla",108,"TEGLA","ALD"
85,"s1.dat",1,"t108",1,"1",491,"rec","forw","LF","conc","kompot",108,"KOMPOT","VLD"
86,"s1.dat",1,"t110",1,"1",501,"rec","forw","LF","conc","ranac",110,"RANAC","ALD"
86,"s1.dat",1,"t110",1,"1",501,"rec","forw","LF","conc","kliker",110,"KLIKER","VLD"
87,"s1.dat",1,"t176",1,"3",961,"pseudorec","backw","LF","conc",NA,176,"PUTEF","ALD"
87,"s1.dat",1,"t176",1,"3",961,"pseudorec","backw","LF","conc",NA,176,"NAGIR","VLD"
88,"s1.dat",1,"t196",1,"3",1091,"pseudorec","forw","HF","conc",NA,196,"SVRAL","ALD"
88,"s1.dat",1,"t196",1,"3",1091,"pseudorec","forw","HF","conc",NA,196,"BIZOK","VLD"
89,"s1.dat",1,"t83",1,"1",621,"rec","forw","HF","conc","klupa",83,"KLUPA","ALD"
89,"s1.dat",1,"t83",1,"1",621,"rec","forw","HF","conc","zavesa",83,"ZAVESA","VLD"
90,"s1.dat",1,"t37",0,"None",NA,"rec","backw","LF","abst","nužda",37,"ADŽUN","ALD"
90,"s1.dat",1,"t37",0,"None",NA,"rec","backw","LF","abst","pobuda",37,"ADUBOP","VLD"
92,"s1.dat",1,"t195",1,"3",1071,"pseudorec","forw","HF","abst",NA,195,"SVEKAN","ALD"
92,"s1.dat",1,"t195",1,"3",1071,"pseudorec","forw","HF","abst",NA,195,"TOTEK","VLD"
93,"s1.dat",1,"t12",0,"3",NA,"rec","backw","HF","abst","nemir",12,"RIMEN","ALD"
93,"s1.dat",1,"t12",0,"3",NA,"rec","backw","HF","abst","pomoć",12,"ĆOMOP","VLD"
94,"s1.dat",1,"t91",1,"1",741,"rec","forw","LF","abst","ucena",91,"UCENA","ALD"
94,"s1.dat",1,"t91",1,"1",741,"rec","forw","LF","abst","naboj",91,"NABOJ","VLD"
95,"s1.dat",1,"t19",0,"None",NA,"rec","backw","HF","conc","sekira",19,"ARIKES","ALD"
95,"s1.dat",1,"t19",0,"None",NA,"rec","backw","HF","conc","rakija",19,"AJIKAR","VLD"
97,"s1.dat",1,"t64",1,"1",641,"rec","forw","HF","abst","pretnja",64,"PRETNJA","ALD"
97,"s1.dat",1,"t64",1,"1",641,"rec","forw","HF","abst","milost",64,"MILOST","VLD"
98,"s1.dat",1,"t209",0,"None",NA,"pseudorec","forw","HF","conc",NA,209,"ARGOP","ALD"
98,"s1.dat",1,"t209",0,"None",NA,"pseudorec","forw","HF","conc",NA,209,"HARAK","VLD"
100,"s1.dat",1,"t65",1,"1",551,"rec","forw","HF","abst","savest",65,"SAVEST","ALD"
100,"s1.dat",1,"t65",1,"1",551,"rec","forw","HF","abst","ideja",65,"IDEJA","VLD"
101,"s1.dat",1,"t30",1,"1",1072,"rec","backw","HF","conc","glava",30,"AVALG","ALD"
101,"s1.dat",1,"t30",1,"1",1072,"rec","backw","HF","conc","trava",30,"AVART","VLD"
102,"s1.dat",1,"t117",1,"1",681,"rec","forw","LF","conc","kvaka",117,"KVAKA","ALD"
102,"s1.dat",1,"t117",1,"1",681,"rec","forw","LF","conc","šerpa",117,"ŠERPA","VLD"
103,"s1.dat",1,"t211",0,"None",NA,"pseudorec","forw","LF","abst",NA,211,"KEPEN","ALD"
103,"s1.dat",1,"t211",0,"None",NA,"pseudorec","forw","LF","abst",NA,211,"FLUOŠ","VLD"
105,"s1.dat",1,"t122",1,"3",1192,"pseudorec","backw","HF","abst",NA,122,"PREGIT","ALD"
105,"s1.dat",1,"t122",1,"3",1192,"pseudorec","backw","HF","abst",NA,122,"FETUP","VLD"
106,"s1.dat",1,"t170",0,"None",NA,"pseudorec","backw","LF","conc",NA,170,"PORTIN","ALD"
106,"s1.dat",1,"t170",0,"None",NA,"pseudorec","backw","LF","conc",NA,170,"ŠESTAM","VLD"
108,"s1.dat",1,"t28",1,"1",902,"rec","backw","HF","conc","livada",28,"ADAVIL","ALD"
108,"s1.dat",1,"t28",1,"1",902,"rec","backw","HF","conc","slika",28,"AKILS","VLD"
109,"s1.dat",1,"t188",0,"None",NA,"pseudorec","forw","HF","abst",NA,188,"TENOZ","ALD"
109,"s1.dat",1,"t188",0,"None",NA,"pseudorec","forw","HF","abst",NA,188,"KOKTEZ","VLD"
111,"s1.dat",1,"t88",1,"1",521,"rec","forw","HF","conc","zgrada",88,"ZGRADA","ALD"
111,"s1.dat",1,"t88",1,"1",521,"rec","forw","HF","conc","knjiga",88,"KNJIGA","VLD"
112,"s1.dat",1,"t229",1,"3",941,"pseudorec","forw","LF","conc",NA,229,"REBUL","ALD"
112,"s1.dat",1,"t229",1,"3",941,"pseudorec","forw","LF","conc",NA,229,"NABOH","VLD"
113,"s1.dat",1,"t127",0,"None",NA,"pseudorec","backw","HF","abst",NA,127,"JAJNIL","ALD"
113,"s1.dat",1,"t127",0,"None",NA,"pseudorec","backw","HF","abst",NA,127,"RATLUZ","VLD"
115,"s1.dat",1,"t182",0,"None",NA,"pseudorec","forw","HF","abst",NA,182,"CVETIL","ALD"
115,"s1.dat",1,"t182",0,"None",NA,"pseudorec","forw","HF","abst",NA,182,"DOLAŠ","VLD"
117,"s1.dat",1,"t237",1,"3",1312,"pseudorec","forw","LF","conc",NA,237,"IZDAP","ALD"
117,"s1.dat",1,"t237",1,"3",1312,"pseudorec","forw","LF","conc",NA,237,"FAGOH","VLD"
118,"s1.dat",1,"t51",0,"3",NA,"rec","backw","LF","conc","pekmez",51,"ZEMKEP","ALD"
118,"s1.dat",1,"t51",0,"3",NA,"rec","backw","LF","conc","šaran",51,"NARAŠ","VLD"
119,"s1.dat",1,"t236",0,"None",NA,"pseudorec","forw","LF","conc",NA,236,"UMNJAF","ALD"
119,"s1.dat",1,"t236",0,"None",NA,"pseudorec","forw","LF","conc",NA,236,"HR~AN","ALD"
121,"s1.dat",1,"t11",1,"1",1372,"rec","backw","HF","abst","zanos",11,"SONAZ","ALD"
121,"s1.dat",1,"t11",1,"1",1372,"rec","backw","HF","abst","smisao",11,"OASIMS","VLD"
122,"s1.dat",1,"t102",1,"1",871,"rec","forw","LF","abst","ljutnja",102,"LJUTNJA","ALD"
122,"s1.dat",1,"t102",1,"1",871,"rec","forw","LF","abst","profit",102,"PROFIT","VLD"
123,"s1.dat",1,"t145",1,"3",1171,"pseudorec","backw","HF","conc",NA,145,"TREZOB","ALD"
123,"s1.dat",1,"t145",1,"3",1171,"pseudorec","backw","HF","conc",NA,145,"HAMEŠ","VLD"
124,"s1.dat",1,"t15",1,"1",971,"rec","backw","HF","abst","misao",15,"OASIM","ALD"
124,"s1.dat",1,"t15",1,"1",971,"rec","backw","HF","abst","snaga",15,"AGANS","VLD"
125,"s1.dat",1,"t103",1,"1",772,"rec","forw","LF","abst","fizika",103,"FIZIKA","ALD"
125,"s1.dat",1,"t103",1,"1",772,"rec","forw","LF","abst","nedelo",103,"NEDELO","VLD"
126,"s1.dat",1,"t54",1,"1",911,"rec","backw","LF","conc","klovn",54,"NVOLK","ALD"
126,"s1.dat",1,"t54",1,"1",911,"rec","backw","LF","conc","štuka",54,"AKUTŠ","VLD"
127,"s1.dat",1,"t99",1,"1",571,"rec","forw","LF","abst","otkaz",99,"OTKAZ","ALD"
127,"s1.dat",1,"t99",1,"1",571,"rec","forw","LF","abst","zakup",99,"ZAKUP","VLD"
128,"s1.dat",1,"t208",1,"3",1091,"pseudorec","forw","HF","conc",NA,208,"GREJAP","ALD"
128,"s1.dat",1,"t208",1,"3",1091,"pseudorec","forw","HF","conc",NA,208,"TIKEN","VLD"
129,"s1.dat",1,"t94",1,"1",671,"rec","forw","LF","abst","trenje",94,"TRENJE","ALD"
129,"s1.dat",1,"t94",1,"1",671,"rec","forw","LF","abst","deoba",94,"DEOBA","VLD"
130,"s1.dat",1,"t113",1,"1",601,"rec","forw","LF","conc","alatka",113,"ALATKA","ALD"
130,"s1.dat",1,"t113",1,"1",601,"rec","forw","LF","conc","zebra",113,"ZEBRA","VLD"
131,"s1.dat",1,"t181",0,"None",NA,"pseudorec","forw","HF","abst",NA,181,"SOMUH","ALD"
131,"s1.dat",1,"t181",0,"None",NA,"pseudorec","forw","HF","abst",NA,181,"TANIH","VLD"
133,"s1.dat",1,"t124",0,"None",NA,"pseudorec","backw","HF","abst",NA,124,"SVINJAB","ALD"
133,"s1.dat",1,"t124",0,"None",NA,"pseudorec","backw","HF","abst",NA,124,"SPANAR","VLD"
135,"s1.dat",1,"t178",0,"None",NA,"pseudorec","backw","LF","conc",NA,178,"MANGUD","ALD"
135,"s1.dat",1,"t178",0,"None",NA,"pseudorec","backw","LF","conc",NA,178,"STALAV","VLD"
137,"s1.dat",1,"t86",1,"1",551,"rec","forw","HF","conc","krevet",86,"KREVET","ALD"
137,"s1.dat",1,"t86",1,"1",551,"rec","forw","HF","conc","lopta",86,"LOPTA","VLD"
138,"s1.dat",1,"t40",0,"3",NA,"rec","backw","LF","abst","aspekt",40,"TKEPSA","ALD"
138,"s1.dat",1,"t40",0,"3",NA,"rec","backw","LF","abst","revolt",40,"TLOVER","VLD"
139,"s1.dat",1,"t222",0,"None",NA,"pseudorec","forw","LF","abst",NA,222,"BAROL","ALD"
139,"s1.dat",1,"t222",0,"None",NA,"pseudorec","forw","LF","abst",NA,222,"TREGEN","VLD"
141,"s1.dat",1,"t159",1,"3",931,"pseudorec","backw","LF","abst",NA,159,"MALEG","ALD"
141,"s1.dat",1,"t159",1,"3",931,"pseudorec","backw","LF","abst",NA,159,"MADAZ","VLD"
142,"s1.dat",1,"t135",1,"3",922,"pseudorec","backw","HF","abst",NA,135,"LEMUK","ALD"
142,"s1.dat",1,"t135",1,"3",922,"pseudorec","backw","HF","abst",NA,135,"FALUČ","VLD"
143,"s1.dat",1,"t183",1,"3",1392,"pseudorec","forw","HF","abst",NA,183,"POGAJ","ALD"
143,"s1.dat",1,"t183",1,"3",1392,"pseudorec","forw","HF","abst",NA,183,"GURMAB","VLD"
144,"s1.dat",1,"t14",1,"1",1292,"rec","backw","HF","abst","posao",14,"OASOP","ALD"
144,"s1.dat",1,"t14",1,"1",1292,"rec","backw","HF","abst","strah",14,"HARTS","VLD"
145,"s1.dat",1,"t138",1,"3",1493,"pseudorec","backw","HF","conc",NA,138,"MAGNEG","ALD"
145,"s1.dat",1,"t138",1,"3",1493,"pseudorec","backw","HF","conc",NA,138,"KAPLAB","VLD"
146,"s1.dat",1,"t58",0,"3",NA,"rec","backw","LF","conc","makaze",58,"EZAKAM","ALD"
146,"s1.dat",1,"t58",0,"3",NA,"rec","backw","LF","conc","banana",58,"ANANAB","VLD"
147,"s1.dat",1,"t203",1,"3",1382,"pseudorec","forw","HF","conc",NA,203,"TAPIZ","ALD"
147,"s1.dat",1,"t203",1,"3",1382,"pseudorec","forw","HF","conc",NA,203,"KONDOP","VLD"
148,"s1.dat",1,"t57",0,"None",NA,"rec","backw","LF","conc","ekser",57,"RESKE","ALD"
148,"s1.dat",1,"t57",0,"None",NA,"rec","backw","LF","conc","kokos",57,"SOKOK","VLD"
150,"s1.dat",1,"t71",1,"1",630,"rec","forw","HF","abst","slutnja",71,"SLUTNJA","ALD"
150,"s1.dat",1,"t71",1,"1",630,"rec","forw","HF","abst","razvoj",71,"RAZVOJ","VLD"
151,"s1.dat",1,"t199",0,"None",NA,"pseudorec","forw","HF","conc",NA,199,"BORDEP","ALD"
151,"s1.dat",1,"t199",0,"None",NA,"pseudorec","forw","HF","conc",NA,199,"KLIPAĆ","VLD"
153,"s1.dat",1,"t175",0,"None",NA,"pseudorec","backw","LF","conc",NA,175,"UDOVAL","ALD"
153,"s1.dat",1,"t175",0,"None",NA,"pseudorec","backw","LF","conc",NA,175,"AKCENAŠ","VLD"
155,"s1.dat",1,"t20",1,"1",1332,"rec","backw","HF","conc","cipela",20,"ALEPIC","ALD"
155,"s1.dat",1,"t20",1,"1",1332,"rec","backw","HF","conc","konac",20,"CANOK","VLD"
156,"s1.dat",1,"t68",1,"1",732,"rec","forw","HF","abst","izraz",68,"IZRAZ","ALD"
156,"s1.dat",1,"t68",1,"1",732,"rec","forw","HF","abst","utisak",68,"UTISAK","VLD"
157,"s1.dat",1,"t166",1,"3",1402,"pseudorec","backw","LF","conc",NA,166,"SVETAF","ALD"
157,"s1.dat",1,"t166",1,"3",1402,"pseudorec","backw","LF","conc",NA,166,"BIOLOR","VLD"
158,"s1.dat",1,"t158",1,"3",1482,"pseudorec","backw","LF","abst",NA,158,"KAJAC","ALD"
158,"s1.dat",1,"t158",1,"3",1482,"pseudorec","backw","LF","abst",NA,158,"ĆEVAK","VLD"
159,"s1.dat",1,"t61",0,"None",NA,"rec","forw","HF","abst","nemoć",61,"NEMOĆ","ALD"
159,"s1.dat",1,"t61",0,"None",NA,"rec","forw","HF","abst","sudba",61,"SUDBA","VLD"
161,"s1.dat",1,"t38",1,"1",1352,"rec","backw","LF","abst","afera",38,"AREFA","ALD"
161,"s1.dat",1,"t38",1,"1",1352,"rec","backw","LF","abst","dogma",38,"AMGOD","VLD"
162,"s1.dat",1,"t172",1,"3",1452,"pseudorec","backw","LF","conc",NA,172,"MASEF","ALD"
162,"s1.dat",1,"t172",1,"3",1452,"pseudorec","backw","LF","conc",NA,172,"LIMIR","VLD"
163,"s1.dat",1,"t53",1,"1",1231,"rec","backw","LF","conc","šnicla",53,"ALCINŠ","ALD"
163,"s1.dat",1,"t53",1,"1",1231,"rec","backw","LF","conc","salama",53,"AMALAS","VLD"
164,"s1.dat",1,"t213",1,"3",1051,"pseudorec","forw","LF","abst",NA,213,"DOSLUZ","ALD"
164,"s1.dat",1,"t213",1,"3",1051,"pseudorec","forw","LF","abst",NA,213,"ODVOC","VLD"
165,"s1.dat",1,"t66",1,"1",761,"rec","forw","HF","abst","period",66,"PERIOD","ALD"
165,"s1.dat",1,"t66",1,"1",761,"rec","forw","HF","abst","otpor",66,"OTPOR","VLD"
166,"s1.dat",1,"t232",1,"3",1112,"pseudorec","forw","LF","conc",NA,232,"TOALEB","ALD"
166,"s1.dat",1,"t232",1,"3",1112,"pseudorec","forw","LF","conc",NA,232,"FAZOR","VLD"
167,"s1.dat",1,"t164",0,"None",NA,"pseudorec","backw","LF","abst",NA,164,"SULTAK","ALD"
167,"s1.dat",1,"t164",0,"None",NA,"pseudorec","backw","LF","abst",NA,164,"BILTEG","VLD"
169,"s1.dat",1,"t219",1,"3",1022,"pseudorec","forw","LF","abst",NA,219,"POKOB","ALD"
169,"s1.dat",1,"t219",1,"3",1022,"pseudorec","forw","LF","abst",NA,219,"REDAF","VLD"
170,"s1.dat",1,"t191",0,"None",NA,"pseudorec","forw","HF","abst",NA,191,"BAMBUK","ALD"
170,"s1.dat",1,"t191",0,"None",NA,"pseudorec","forw","HF","abst",NA,191,"VERMUJ","VLD"
172,"s1.dat",1,"t70",1,"1",661,"rec","forw","HF","abst","briga",70,"BRIGA","ALD"
172,"s1.dat",1,"t70",1,"1",661,"rec","forw","HF","abst","napor",70,"NAPOR","VLD"
173,"s1.dat",1,"t160",1,"3",1152,"pseudorec","backw","LF","abst",NA,160,"ŠAFRAK","ALD"
173,"s1.dat",1,"t160",1,"3",1152,"pseudorec","backw","LF","abst",NA,160,"GEOLOT","VLD"
174,"s1.dat",1,"t46",0,"None",NA,"rec","backw","LF","conc","maslac",46,"CALSAM","ALD"
174,"s1.dat",1,"t46",0,"None",NA,"rec","backw","LF","conc","cvekla",46,"ALKEVC","VLD"
176,"s1.dat",1,"t25",1,"1",1192,"rec","backw","HF","conc","jabuka",25,"AKUBAJ","ALD"
176,"s1.dat",1,"t25",1,"1",1192,"rec","backw","HF","conc","lanac",25,"CANAL","VLD"
177,"s1.dat",1,"t9",0,"None",NA,"rec","backw","HF","abst","mašta",9,"ATŠAM","ALD"
177,"s1.dat",1,"t9",0,"None",NA,"rec","backw","HF","abst","razlog",9,"GOLZAR","VLD"
179,"s1.dat",1,"t90",1,"1",591,"rec","forw","HF","conc","grana",90,"GRANA","ALD"
179,"s1.dat",1,"t90",1,"1",591,"rec","forw","HF","conc","ptica",90,"PTICA","VLD"
180,"s1.dat",1,"t32",1,"1",1252,"rec","backw","LF","abst","gadost",32,"TSODAG","ALD"
180,"s1.dat",1,"t32",1,"1",1252,"rec","backw","LF","abst","dosluh",32,"HULSOD","VLD"
181,"s1.dat",1,"t119",1,"1",711,"rec","forw","LF","conc","flauta",119,"FLAUTA","ALD"
181,"s1.dat",1,"t119",1,"1",711,"rec","forw","LF","conc","kecelja",119,"KECELJA","VLD"
182,"s1.dat",1,"t97",1,"1",771,"rec","forw","LF","abst","bruka",97,"BRUKA","ALD"
182,"s1.dat",1,"t97",1,"1",771,"rec","forw","LF","abst","manjak",97,"MANJAK","VLD"
183,"s1.dat",1,"t137",1,"3",1212,"pseudorec","backw","HF","conc",NA,137,"POLEZ","ALD"
183,"s1.dat",1,"t137",1,"3",1212,"pseudorec","backw","HF","conc",NA,137,"STICAP","VLD"
184,"s1.dat",1,"t184",0,"None",NA,"pseudorec","forw","HF","abst",NA,184,"BUBNJAC","ALD"
184,"s1.dat",1,"t184",0,"None",NA,"pseudorec","forw","HF","abst",NA,184,"JEDNJAZ","VLD"
186,"s1.dat",1,"t221",1,"3",1162,"pseudorec","forw","LF","abst",NA,221,"KVARŠ","ALD"
186,"s1.dat",1,"t221",1,"3",1162,"pseudorec","forw","LF","abst",NA,221,"CELEP","VLD"
187,"s1.dat",1,"t81",1,"1",661,"rec","forw","HF","conc","strela",81,"STRELA","ALD"
187,"s1.dat",1,"t81",1,"1",661,"rec","forw","HF","conc","kamion",81,"KAMION","VLD"
188,"s1.dat",1,"t101",1,"1",510,"rec","forw","LF","abst","domet",101,"DOMET","ALD"
188,"s1.dat",1,"t101",1,"1",510,"rec","forw","LF","abst","ispad",101,"ISPAD","VLD"
189,"s1.dat",1,"t22",0,"None",NA,"rec","backw","HF","conc","čamac",22,"CAMAČ","ALD"
189,"s1.dat",1,"t22",0,"None",NA,"rec","backw","HF","conc","hrast",22,"TSARH","VLD"
191,"s1.dat",1,"t84",1,"1",601,"rec","forw","HF","conc","sveća",84,"SVEĆA","ALD"
191,"s1.dat",1,"t84",1,"1",601,"rec","forw","HF","conc","školjka",84,"ŠKOLJKA","VLD"
192,"s1.dat",1,"t104",1,"1",601,"rec","forw","LF","abst","divota",104,"DIVOTA","ALD"
192,"s1.dat",1,"t104",1,"1",601,"rec","forw","LF","abst","efekat",104,"EFEKAT","VLD"
193,"s1.dat",1,"t202",1,"3",1282,"pseudorec","forw","HF","conc",NA,202,"ŠTANK","ALD"
193,"s1.dat",1,"t202",1,"3",1282,"pseudorec","forw","HF","conc",NA,202,"PANTEK","VLD"
194,"s1.dat",1,"t24",0,"None",NA,"rec","backw","HF","conc","breza",24,"AZERB","ALD"
194,"s1.dat",1,"t24",0,"None",NA,"rec","backw","HF","conc","leptir",24,"RITPEL","VLD"
196,"s1.dat",1,"t107",1,"1",631,"rec","forw","LF","conc","sarma",107,"SARMA","ALD"
196,"s1.dat",1,"t107",1,"1",631,"rec","forw","LF","conc","čioda",107,"ČIODA","VLD"
197,"s1.dat",1,"t55",1,"1",1302,"rec","backw","LF","conc","zumbul",55,"LUBMUZ","ALD"
197,"s1.dat",1,"t55",1,"1",1302,"rec","backw","LF","conc","kaktus",55,"SUTKAK","VLD"
198,"s1.dat",1,"t3",1,"1",1122,"rec","backw","HF","abst","kriza",3,"AZIRK","ALD"
198,"s1.dat",1,"t3",1,"1",1122,"rec","backw","HF","abst","uticaj",3,"JACITU","VLD"
199,"s1.dat",1,"t151",0,"None",NA,"pseudorec","backw","LF","abst",NA,151,"PRIZIT","ALD"
199,"s1.dat",1,"t151",0,"None",NA,"pseudorec","backw","LF","abst",NA,151,"PASAM","VLD"
201,"s1.dat",1,"t152",0,"None",NA,"pseudorec","backw","LF","abst",NA,152,"KAJMAR","ALD"
201,"s1.dat",1,"t152",0,"None",NA,"pseudorec","backw","LF","abst",NA,152,"VEŠTAP","VLD"
203,"s1.dat",1,"t230",0,"None",NA,"pseudorec","forw","LF","conc",NA,230,"CINIB","ALD"
203,"s1.dat",1,"t230",0,"None",NA,"pseudorec","forw","LF","conc",NA,230,"KONZUP","VLD"
205,"s1.dat",1,"t18",1,"1",1182,"rec","backw","HF","conc","brašno",18,"ONŠARB","ALD"
205,"s1.dat",1,"t18",1,"1",1182,"rec","backw","HF","conc","sanduk",18,"KUDNAS","VLD"
206,"s1.dat",1,"t140",1,"3",1352,"pseudorec","backw","HF","conc",NA,140,"LUKSUR","ALD"
206,"s1.dat",1,"t140",1,"3",1352,"pseudorec","backw","HF","conc",NA,140,"UZGOT","VLD"
207,"s1.dat",1,"t238",1,"3",1472,"pseudorec","forw","LF","conc",NA,238,"RASAL","ALD"
207,"s1.dat",1,"t238",1,"3",1472,"pseudorec","forw","LF","conc",NA,238,"JASTOM","VLD"
208,"s1.dat",1,"t153",0,"None",NA,"pseudorec","backw","LF","abst",NA,153,"PERŠUĐ","ALD"
208,"s1.dat",1,"t153",0,"None",NA,"pseudorec","backw","LF","abst",NA,153,"LOSIOR","VLD"
210,"s1.dat",1,"t147",1,"3",1031,"pseudorec","backw","HF","conc",NA,147,"PATAR","ALD"
210,"s1.dat",1,"t147",1,"3",1031,"pseudorec","backw","HF","conc",NA,147,"VELUT","VLD"
211,"s1.dat",1,"t217",1,"3",971,"pseudorec","forw","LF","abst",NA,217,"SERUP","ALD"
211,"s1.dat",1,"t217",1,"3",971,"pseudorec","forw","LF","abst",NA,217,"REZAG","VLD"
212,"s1.dat",1,"t162",1,"3",1362,"pseudorec","backw","LF","abst",NA,162,"BAROZ","ALD"
212,"s1.dat",1,"t162",1,"3",1362,"pseudorec","backw","LF","abst",NA,162,"NAKOČ","VLD"
213,"s1.dat",1,"t233",1,"3",1101,"pseudorec","forw","LF","conc",NA,233,"DRZNIL","ALD"
213,"s1.dat",1,"t233",1,"3",1101,"pseudorec","forw","LF","conc",NA,233,"NAMAG","VLD"
214,"s1.dat",1,"t128",1,"3",1352,"pseudorec","backw","HF","abst",NA,128,"TAJGUP","ALD"
214,"s1.dat",1,"t128",1,"3",1352,"pseudorec","backw","HF","abst",NA,128,"MASLAB","VLD"
215,"s1.dat",1,"t231",1,"3",1422,"pseudorec","forw","LF","conc",NA,231,"MLEKAF","ALD"
215,"s1.dat",1,"t231",1,"3",1422,"pseudorec","forw","LF","conc",NA,231,"KENGUN","VLD"
216,"s1.dat",1,"t109",1,"1",841,"rec","forw","LF","conc","kiosk",109,"KIOSK","ALD"
216,"s1.dat",1,"t109",1,"1",841,"rec","forw","LF","conc","lavor",109,"LAVOR","VLD"
217,"s1.dat",1,"t130",1,"3",851,"pseudorec","backw","HF","abst",NA,130,"REPTIK","ALD"
217,"s1.dat",1,"t130",1,"3",851,"pseudorec","backw","HF","abst",NA,130,"POVEJ","VLD"
218,"s1.dat",1,"t215",1,"3",1162,"pseudorec","forw","LF","abst",NA,215,"OPOZIN","ALD"
218,"s1.dat",1,"t215",1,"3",1162,"pseudorec","forw","LF","abst",NA,215,"PO~EF","ALD"
219,"s1.dat",1,"t200",1,"3",1302,"pseudorec","forw","HF","conc",NA,200,"PROSAR","ALD"
219,"s1.dat",1,"t200",1,"3",1302,"pseudorec","forw","HF","conc",NA,200,"KOSMOR","VLD"
220,"s1.dat",1,"t50",1,"1",762,"rec","backw","LF","conc","ananas",50,"SANANA","ALD"
220,"s1.dat",1,"t50",1,"1",762,"rec","backw","LF","conc","kajmak",50,"KAMJAK","VLD"
221,"s1.dat",1,"t180",1,"3",901,"pseudorec","backw","LF","conc",NA,180,"RAZVOC","ALD"
221,"s1.dat",1,"t180",1,"3",901,"pseudorec","backw","LF","conc",NA,180,"FILTEB","VLD"
222,"s1.dat",1,"t36",0,"None",NA,"rec","backw","LF","abst","idila",36,"ALIDI","ALD"
222,"s1.dat",1,"t36",0,"None",NA,"rec","backw","LF","abst","impuls",36,"SLUPMI","VLD"
224,"s1.dat",1,"t85",1,"1",621,"rec","forw","HF","conc","koleno",85,"KOLENO","ALD"
224,"s1.dat",1,"t85",1,"1",621,"rec","forw","HF","conc","pepeo",85,"PEPEO","VLD"
225,"s1.dat",1,"t126",1,"3",1402,"pseudorec","backw","HF","abst",NA,126,"KANAZ","ALD"
225,"s1.dat",1,"t126",1,"3",1402,"pseudorec","backw","HF","abst",NA,126,"FELJTOZ","VLD"
226,"s1.dat",1,"t171",1,"3",952,"pseudorec","backw","LF","conc",NA,171,"OTKLOR","ALD"
226,"s1.dat",1,"t171",1,"3",952,"pseudorec","backw","LF","conc",NA,171,"FOKUJ","VLD"
227,"s1.dat",1,"t47",0,"None",NA,"rec","backw","LF","conc","spanać",47,"ĆANAPS","ALD"
227,"s1.dat",1,"t47",0,"None",NA,"rec","backw","LF","conc","pereca",47,"ACEREP","VLD"
229,"s1.dat",1,"t234",1,"3",1212,"pseudorec","forw","LF","conc",NA,234,"MURAB","ALD"
229,"s1.dat",1,"t234",1,"3",1212,"pseudorec","forw","LF","conc",NA,234,"MA~OT","ALD"
230,"s1.dat",1,"t17",1,"1",1212,"rec","backw","HF","conc","čekić",17,"ĆIKEČ","ALD"
230,"s1.dat",1,"t17",1,"1",1212,"rec","backw","HF","conc","smokva",17,"AVKOMS","VLD"
231,"s1.dat",1,"t112",1,"1",511,"rec","forw","LF","conc","zvečka",112,"ZVEČKA","ALD"
231,"s1.dat",1,"t112",1,"1",511,"rec","forw","LF","conc","torta",112,"TORTA","VLD"
232,"s1.dat",1,"t198",1,"3",1382,"pseudorec","forw","HF","conc",NA,198,"GNJURAB","ALD"
232,"s1.dat",1,"t198",1,"3",1382,"pseudorec","forw","HF","conc",NA,198,"NITKOZ","VLD"
233,"s1.dat",1,"t41",0,"3",NA,"rec","backw","LF","abst","status",41,"SUTATS","ALD"
233,"s1.dat",1,"t41",0,"3",NA,"rec","backw","LF","abst","tegoba",41,"ABOGET","VLD"
234,"s1.dat",1,"t185",1,"3",1412,"pseudorec","forw","HF","abst",NA,185,"FARMET","ALD"
234,"s1.dat",1,"t185",1,"3",1412,"pseudorec","forw","HF","abst",NA,185,"RABIĐ","ALD"
235,"s1.dat",1,"t212",0,"None",NA,"pseudorec","forw","LF","abst",NA,212,"TIRKIB","ALD"
235,"s1.dat",1,"t212",0,"None",NA,"pseudorec","forw","LF","abst",NA,212,"KRETEP","VLD"
237,"s1.dat",1,"t174",1,"3",1252,"pseudorec","backw","LF","conc",NA,174,"VOKAB","ALD"
237,"s1.dat",1,"t174",1,"3",1252,"pseudorec","backw","LF","conc",NA,174,"ZIDIB","VLD"
238,"s1.dat",1,"t161",1,"3",1392,"pseudorec","backw","LF","abst",NA,161,"VASKRM","ALD"
238,"s1.dat",1,"t161",1,"3",1392,"pseudorec","backw","LF","abst",NA,161,"SVIRAZ","VLD"
239,"s1.dat",1,"t80",1,"1",781,"rec","forw","HF","conc","topola",80,"TOPOLA","ALD"
239,"s1.dat",1,"t80",1,"1",781,"rec","forw","HF","conc","grožĐ‘e",80,"GROŽĐE","ALD"
240,"s1.dat",1,"t2",0,"3",NA,"rec","backw","HF","abst","dosada",2,"ADASOD","ALD"
240,"s1.dat",1,"t2",0,"3",NA,"rec","backw","HF","abst","pojam",2,"MAJOP","VLD"
241,"s1.dat",1,"t156",1,"3",1111,"pseudorec","backw","LF","abst",NA,156,"MINUR","ALD"
241,"s1.dat",1,"t156",1,"3",1111,"pseudorec","backw","LF","abst",NA,156,"PUDINC","VLD"
242,"s1.dat",1,"t193",0,"1",NA,"pseudorec","forw","HF","abst",NA,193,"JARAT","ALD"
242,"s1.dat",1,"t193",0,"1",NA,"pseudorec","forw","HF","abst",NA,193,"PROLOZ","VLD"
243,"s1.dat",1,"t210",0,"None",NA,"pseudorec","forw","HF","conc",NA,210,"GORAZ","ALD"
243,"s1.dat",1,"t210",0,"None",NA,"pseudorec","forw","HF","conc",NA,210,"SATEP","VLD"
245,"s1.dat",1,"t42",0,"3",NA,"rec","backw","LF","abst","ruglo",42,"OLGUR","ALD"
245,"s1.dat",1,"t42",0,"3",NA,"rec","backw","LF","abst","zamor",42,"ROMAZ","VLD"
246,"s1.dat",1,"t139",1,"3",1452,"pseudorec","backw","HF","conc",NA,139,"ZEJTIZ","ALD"
246,"s1.dat",1,"t139",1,"3",1452,"pseudorec","backw","HF","conc",NA,139,"HIBRIF","VLD"
247,"s1.dat",1,"t100",1,"1",621,"rec","forw","LF","abst","trpnja",100,"TRPNJA","ALD"
247,"s1.dat",1,"t100",1,"1",621,"rec","forw","LF","abst","raspon",100,"RASPON","VLD"
248,"s1.dat",1,"t34",0,"None",NA,"rec","backw","LF","abst","rizik",34,"KIZIR","ALD"
248,"s1.dat",1,"t34",0,"None",NA,"rec","backw","LF","abst","upliv",34,"VILPU","VLD"
250,"s1.dat",1,"t206",0,"None",NA,"pseudorec","forw","HF","conc",NA,206,"GLUPAR","ALD"
250,"s1.dat",1,"t206",0,"None",NA,"pseudorec","forw","HF","conc",NA,206,"ARHID","VLD"
252,"s1.dat",1,"t56",1,"1",1032,"rec","backw","LF","conc","sirće",56,"EĆRIS","ALD"
252,"s1.dat",1,"t56",1,"1",1032,"rec","backw","LF","conc","kobra",56,"ARBOK","VLD"
253,"s1.dat",1,"t220",0,"None",NA,"pseudorec","forw","LF","abst",NA,220,"PERAĐ","ALD"
253,"s1.dat",1,"t220",0,"None",NA,"pseudorec","forw","LF","abst",NA,220,"BUMBAG","VLD"
255,"s1.dat",1,"t7",0,"3",NA,"rec","backw","HF","abst","proces",7,"SECORP","ALD"
255,"s1.dat",1,"t7",0,"3",NA,"rec","backw","HF","abst","korist",7,"TSIROK","VLD"
256,"s1.dat",1,"t23",1,"1",1082,"rec","backw","HF","conc","odelo",23,"OLEDO","ALD"
256,"s1.dat",1,"t23",1,"1",1082,"rec","backw","HF","conc","blato",23,"OTALB","VLD"
257,"s1.dat",1,"t142",1,"3",1092,"pseudorec","backw","HF","conc",NA,142,"ZUBID","ALD"
257,"s1.dat",1,"t142",1,"3",1092,"pseudorec","backw","HF","conc",NA,142,"KEDAP","VLD"
258,"s1.dat",1,"t143",1,"3",971,"pseudorec","backw","HF","conc",NA,143,"BRLOF","ALD"
258,"s1.dat",1,"t143",1,"3",971,"pseudorec","backw","HF","conc",NA,143,"BATAZ","VLD"
259,"s1.dat",1,"t204",0,"None",NA,"pseudorec","forw","HF","conc",NA,204,"LENJIZ","ALD"
259,"s1.dat",1,"t204",0,"None",NA,"pseudorec","forw","HF","conc",NA,204,"BILIOD","VLD"
261,"s1.dat",1,"t115",1,"1",601,"rec","forw","LF","conc","božur",115,"BOŽUR","ALD"
261,"s1.dat",1,"t115",1,"1",601,"rec","forw","LF","conc","prase",115,"PRASE","VLD"
262,"s1.dat",1,"t235",1,"3",691,"pseudorec","forw","LF","conc",NA,235,"EGZIČ","ALD"
262,"s1.dat",1,"t235",1,"3",691,"pseudorec","forw","LF","conc",NA,235,"MAHET","VLD"
263,"s1.dat",1,"t75",1,"1",561,"rec","forw","HF","abst","radost",75,"RADOST","ALD"
263,"s1.dat",1,"t75",1,"1",561,"rec","forw","HF","abst","ljubav",75,"LJUBAV","VLD"
264,"s1.dat",1,"t39",1,"1",1141,"rec","backw","LF","abst","trema",39,"AMERT","ALD"
264,"s1.dat",1,"t39",1,"1",1141,"rec","backw","LF","abst","pouka",39,"AKUOP","VLD"
265,"s1.dat",1,"t45",1,"1",931,"rec","backw","LF","abst","pakost",45,"TSOKAP","ALD"
265,"s1.dat",1,"t45",1,"1",931,"rec","backw","LF","abst","ishod",45,"DOHSI","VLD"
266,"s1.dat",1,"t49",1,"1",1212,"rec","backw","LF","conc","jarac",49,"CARAJ","ALD"
266,"s1.dat",1,"t49",1,"1",1212,"rec","backw","LF","conc","pegla",49,"ALGEP","VLD"
267,"s1.dat",1,"t227",0,"None",NA,"pseudorec","forw","LF","conc",NA,227,"CIMEČ","ALD"
267,"s1.dat",1,"t227",0,"None",NA,"pseudorec","forw","LF","conc",NA,227,"VITALJ","VLD"
269,"s1.dat",1,"t125",0,"1",NA,"pseudorec","backw","HF","abst",NA,125,"PANCIT","ALD"
269,"s1.dat",1,"t125",0,"1",NA,"pseudorec","backw","HF","abst",NA,125,"AKSIOK","VLD"
270,"s1.dat",1,"t192",0,"None",NA,"pseudorec","forw","HF","abst",NA,192,"OMLEZ","ALD"
270,"s1.dat",1,"t192",0,"None",NA,"pseudorec","forw","HF","abst",NA,192,"IRVAB","VLD"
272,"s1.dat",1,"t95",1,"1",621,"rec","forw","LF","abst","apsurd",95,"APSURD","ALD"
272,"s1.dat",1,"t95",1,"1",621,"rec","forw","LF","abst","opseg",95,"OPSEG","VLD"
273,"s1.dat",1,"t93",1,"1",822,"rec","forw","LF","abst","skepsa",93,"SKEPSA","ALD"
273,"s1.dat",1,"t93",1,"1",822,"rec","forw","LF","abst","barok",93,"BAROK","VLD"
274,"s1.dat",1,"t60",1,"1",1422,"rec","backw","LF","conc","parket",60,"TEKRAP","ALD"
274,"s1.dat",1,"t60",1,"1",1422,"rec","backw","LF","conc","lopata",60,"ATAPOL","VLD"
275,"s1.dat",1,"t132",1,"3",932,"pseudorec","backw","HF","abst",NA,132,"NAZER","ALD"
275,"s1.dat",1,"t132",1,"3",932,"pseudorec","backw","HF","abst",NA,132,"AVANČ","VLD"
276,"s1.dat",1,"t35",0,"3",NA,"rec","backw","LF","abst","poenta",35,"ATNEOP","ALD"
276,"s1.dat",1,"t35",0,"3",NA,"rec","backw","LF","abst","raskid",35,"DIKSAR","VLD"
277,"s1.dat",1,"t150",1,"3",981,"pseudorec","backw","HF","conc",NA,150,"REKEB","ALD"
277,"s1.dat",1,"t150",1,"3",981,"pseudorec","backw","HF","conc",NA,150,"FLUIŠ","VLD"
278,"s1.dat",1,"t118",1,"1",611,"rec","forw","LF","conc","rerna",118,"RERNA","ALD"
278,"s1.dat",1,"t118",1,"1",611,"rec","forw","LF","conc","kačket",118,"KAČKET","VLD"
279,"s1.dat",1,"t76",1,"1",551,"rec","forw","HF","conc","tepih",76,"TEPIH","ALD"
279,"s1.dat",1,"t76",1,"1",551,"rec","forw","HF","conc","sapun",76,"SAPUN","VLD"
280,"s1.dat",1,"t21",1,"1",1252,"rec","backw","HF","conc","kapija",21,"AJIPAK","ALD"
280,"s1.dat",1,"t21",1,"1",1252,"rec","backw","HF","conc","galeb",21,"BELAG","VLD"
281,"s1.dat",1,"t87",1,"1",641,"rec","forw","HF","conc","pesak",87,"PESAK","ALD"
281,"s1.dat",1,"t87",1,"1",641,"rec","forw","HF","conc","staklo",87,"STAKLO","VLD"
282,"s1.dat",1,"t120",1,"1",521,"rec","forw","LF","conc","krljušt",120,"KRLJUŠT","ALD"
282,"s1.dat",1,"t120",1,"1",521,"rec","forw","LF","conc","olovka",120,"OLOVKA","VLD"
283,"s1.dat",1,"t123",0,"None",NA,"pseudorec","backw","HF","abst",NA,123,"TIGAŠ","ALD"
283,"s1.dat",1,"t123",0,"None",NA,"pseudorec","backw","HF","abst",NA,123,"NEUKUD","VLD"
285,"s1.dat",1,"t149",1,"3",1102,"pseudorec","backw","HF","conc",NA,149,"KINIB","ALD"
285,"s1.dat",1,"t149",1,"3",1102,"pseudorec","backw","HF","conc",NA,149,"VISAR","VLD"
286,"s1.dat",1,"t155",1,"3",1452,"pseudorec","backw","LF","abst",NA,155,"MIKROZ","ALD"
286,"s1.dat",1,"t155",1,"3",1452,"pseudorec","backw","LF","abst",NA,155,"KAUBOT","VLD"
287,"s1.dat",1,"t44",0,"None",NA,"rec","backw","LF","abst","zaplet",44,"TELPAZ","ALD"
287,"s1.dat",1,"t44",0,"None",NA,"rec","backw","LF","abst","sujeta",44,"ATEJUS","VLD"
289,"s1.dat",1,"t177",1,"3",1092,"pseudorec","backw","LF","conc",NA,177,"JERED","ALD"
289,"s1.dat",1,"t177",1,"3",1092,"pseudorec","backw","LF","conc",NA,177,"MELED","VLD"
290,"s1.dat",1,"t16",1,"1",1092,"rec","backw","HF","conc","jagoda",16,"ADOGAJ","ALD"
290,"s1.dat",1,"t16",1,"1",1092,"rec","backw","HF","conc","kutija",16,"AJITUK","VLD"
291,"s1.dat",1,"t106",1,"1",561,"rec","forw","LF","conc","jogurt",106,"JOGURT","ALD"
291,"s1.dat",1,"t106",1,"1",561,"rec","forw","LF","conc","kengur",106,"KENGUR","VLD"
292,"s1.dat",1,"t92",1,"1",591,"rec","forw","LF","abst","epitet",92,"EPITET","ALD"
292,"s1.dat",1,"t92",1,"1",591,"rec","forw","LF","abst","intima",92,"INTIMA","VLD"
293,"s1.dat",1,"t5",0,"3",NA,"rec","backw","HF","abst","promet",5,"TEMORP","ALD"
293,"s1.dat",1,"t5",0,"3",NA,"rec","backw","HF","abst","žalost",5,"TSOLAŽ","VLD"
294,"s1.dat",1,"t114",1,"1",621,"rec","forw","LF","conc","biber",114,"BIBER","ALD"
294,"s1.dat",1,"t114",1,"1",621,"rec","forw","LF","conc","liker",114,"LIKER","VLD"
295,"s1.dat",1,"t98",1,"1",541,"rec","forw","LF","abst","slanje",98,"SLANJE","ALD"
295,"s1.dat",1,"t98",1,"1",541,"rec","forw","LF","abst","užitak",98,"UŽITAK","VLD"
296,"s1.dat",1,"t26",0,"3",NA,"rec","backw","HF","conc","zmija",26,"AJIMZ","ALD"
296,"s1.dat",1,"t26",0,"3",NA,"rec","backw","HF","conc","jablan",26,"NALBAJ","VLD"
297,"s1.dat",1,"t239",0,"None",NA,"pseudorec","forw","LF","conc",NA,239,"BIFTEM","ALD"
297,"s1.dat",1,"t239",0,"None",NA,"pseudorec","forw","LF","conc",NA,239,"RUNDOG","VLD"
299,"s1.dat",1,"t186",1,"3",1342,"pseudorec","forw","HF","abst",NA,186,"ZNALAB","ALD"
299,"s1.dat",1,"t186",1,"3",1342,"pseudorec","forw","HF","abst",NA,186,"MODUĐ","ALD"
300,"s1.dat",1,"t52",1,"1",1102,"rec","backw","LF","conc","šunka",52,"AKNUŠ","ALD"
300,"s1.dat",1,"t52",1,"1",1102,"rec","backw","LF","conc","fazan",52,"NAZAF","VLD"
301,"s1.dat",1,"t187",0,"None",NA,"pseudorec","forw","HF","abst",NA,187,"RASKIŠ","ALD"
301,"s1.dat",1,"t187",0,"None",NA,"pseudorec","forw","HF","abst",NA,187,"VEŠTAB","VLD"
1,"s2.dat",2,"t46",0,"3",NA,"rec","backw","LF","conc","maslac",46,"CALSAM","ALD"
1,"s2.dat",2,"t46",0,"3",NA,"rec","backw","LF","conc","cvekla",46,"ALKEVC","VLD"
2,"s2.dat",2,"t73",1,"1",511,"rec","forw","HF","abst","zakon",73,"ZAKON","ALD"
2,"s2.dat",2,"t73",1,"1",511,"rec","forw","HF","abst","istina",73,"ISTINA","VLD"
3,"s2.dat",2,"t144",1,"3",1142,"pseudorec","backw","HF","conc",NA,144,"MASIT","ALD"
3,"s2.dat",2,"t144",1,"3",1142,"pseudorec","backw","HF","conc",NA,144,"SLANIB","VLD"
4,"s2.dat",2,"t173",0,"1",NA,"pseudorec","backw","LF","conc",NA,173,"IMPORK","ALD"
4,"s2.dat",2,"t173",0,"1",NA,"pseudorec","backw","LF","conc",NA,173,"LENJOČ","VLD"
5,"s2.dat",2,"t152",0,"None",NA,"pseudorec","backw","LF","abst",NA,152,"KAJMAR","ALD"
5,"s2.dat",2,"t152",0,"None",NA,"pseudorec","backw","LF","abst",NA,152,"VEŠTAP","VLD"
7,"s2.dat",2,"t60",0,"None",NA,"rec","backw","LF","conc","parket",60,"TEKRAP","ALD"
7,"s2.dat",2,"t60",0,"None",NA,"rec","backw","LF","conc","lopata",60,"ATAPOL","VLD"
9,"s2.dat",2,"t196",0,"None",NA,"pseudorec","forw","HF","conc",NA,196,"SVRAL","ALD"
9,"s2.dat",2,"t196",0,"None",NA,"pseudorec","forw","HF","conc",NA,196,"BIZOK","VLD"
11,"s2.dat",2,"t208",1,"3",1282,"pseudorec","forw","HF","conc",NA,208,"GREJAP","ALD"
11,"s2.dat",2,"t208",1,"3",1282,"pseudorec","forw","HF","conc",NA,208,"TIKEN","VLD"
12,"s2.dat",2,"t21",0,"3",NA,"rec","backw","HF","conc","kapija",21,"AJIPAK","ALD"
12,"s2.dat",2,"t21",0,"3",NA,"rec","backw","HF","conc","galeb",21,"BELAG","VLD"
13,"s2.dat",2,"t84",1,"1",721,"rec","forw","HF","conc","sveća",84,"SVEĆA","ALD"
13,"s2.dat",2,"t84",1,"1",721,"rec","forw","HF","conc","školjka",84,"ŠKOLJKA","VLD"
14,"s2.dat",2,"t5",0,"3",NA,"rec","backw","HF","abst","promet",5,"TEMORP","ALD"
14,"s2.dat",2,"t5",0,"3",NA,"rec","backw","HF","abst","žalost",5,"TSOLAŽ","VLD"
15,"s2.dat",2,"t88",1,"1",691,"rec","forw","HF","conc","zgrada",88,"ZGRADA","ALD"
15,"s2.dat",2,"t88",1,"1",691,"rec","forw","HF","conc","knjiga",88,"KNJIGA","VLD"
16,"s2.dat",2,"t200",0,"None",NA,"pseudorec","forw","HF","conc",NA,200,"PROSAR","ALD"
16,"s2.dat",2,"t200",0,"None",NA,"pseudorec","forw","HF","conc",NA,200,"KOSMOR","VLD"
18,"s2.dat",2,"t70",1,"1",571,"rec","forw","HF","abst","briga",70,"BRIGA","ALD"
18,"s2.dat",2,"t70",1,"1",571,"rec","forw","HF","abst","napor",70,"NAPOR","VLD"
19,"s2.dat",2,"t3",0,"None",NA,"rec","backw","HF","abst","kriza",3,"AZIRK","ALD"
19,"s2.dat",2,"t3",0,"None",NA,"rec","backw","HF","abst","uticaj",3,"JACITU","VLD"
21,"s2.dat",2,"t198",1,"3",1472,"pseudorec","forw","HF","conc",NA,198,"GNJURAB","ALD"
21,"s2.dat",2,"t198",1,"3",1472,"pseudorec","forw","HF","conc",NA,198,"NITKOZ","VLD"
22,"s2.dat",2,"t89",1,"1",630,"rec","forw","HF","conc","prozor",89,"PROZOR","ALD"
22,"s2.dat",2,"t89",1,"1",630,"rec","forw","HF","conc","vrata",89,"VRATA","VLD"
23,"s2.dat",2,"t37",1,"1",1452,"rec","backw","LF","abst","nužda",37,"ADŽUN","ALD"
23,"s2.dat",2,"t37",1,"1",1452,"rec","backw","LF","abst","pobuda",37,"ADUBOP","VLD"
24,"s2.dat",2,"t20",0,"3",NA,"rec","backw","HF","conc","cipela",20,"ALEPIC","ALD"
24,"s2.dat",2,"t20",0,"3",NA,"rec","backw","HF","conc","konac",20,"CANOK","VLD"
25,"s2.dat",2,"t156",1,"3",1302,"pseudorec","backw","LF","abst",NA,156,"MINUR","ALD"
25,"s2.dat",2,"t156",1,"3",1302,"pseudorec","backw","LF","abst",NA,156,"PUDINC","VLD"
26,"s2.dat",2,"t207",0,"1",NA,"pseudorec","forw","HF","conc",NA,207,"ZAREM","ALD"
26,"s2.dat",2,"t207",0,"1",NA,"pseudorec","forw","HF","conc",NA,207,"BONTOZ","VLD"
27,"s2.dat",2,"t236",0,"1",NA,"pseudorec","forw","LF","conc",NA,236,"UMNJAF","ALD"
27,"s2.dat",2,"t236",0,"1",NA,"pseudorec","forw","LF","conc",NA,236,"HR~AN","ALD"
28,"s2.dat",2,"t6",0,"None",NA,"rec","backw","HF","abst","svrha",6,"AHRVS","ALD"
28,"s2.dat",2,"t6",0,"None",NA,"rec","backw","HF","abst","obnova",6,"AVONBO","VLD"
30,"s2.dat",2,"t205",0,"None",NA,"pseudorec","forw","HF","conc",NA,205,"PEŠKIG","ALD"
30,"s2.dat",2,"t205",0,"None",NA,"pseudorec","forw","HF","conc",NA,205,"EVNUB","VLD"
32,"s2.dat",2,"t26",0,"3",NA,"rec","backw","HF","conc","zmija",26,"AJIMZ","ALD"
32,"s2.dat",2,"t26",0,"3",NA,"rec","backw","HF","conc","jablan",26,"NALBAJ","VLD"
33,"s2.dat",2,"t193",0,"None",NA,"pseudorec","forw","HF","abst",NA,193,"JARAT","ALD"
33,"s2.dat",2,"t193",0,"None",NA,"pseudorec","forw","HF","abst",NA,193,"PROLOZ","VLD"
35,"s2.dat",2,"t221",0,"None",NA,"pseudorec","forw","LF","abst",NA,221,"KVARŠ","ALD"
35,"s2.dat",2,"t221",0,"None",NA,"pseudorec","forw","LF","abst",NA,221,"CELEP","VLD"
37,"s2.dat",2,"t72",1,"1",501,"rec","forw","HF","abst","uslov",72,"USLOV","ALD"
37,"s2.dat",2,"t72",1,"1",501,"rec","forw","HF","abst","uspeh",72,"USPEH","VLD"
38,"s2.dat",2,"t107",1,"1",681,"rec","forw","LF","conc","sarma",107,"SARMA","ALD"
38,"s2.dat",2,"t107",1,"1",681,"rec","forw","LF","conc","čioda",107,"ČIODA","VLD"
39,"s2.dat",2,"t34",1,"1",1262,"rec","backw","LF","abst","rizik",34,"KIZIR","ALD"
39,"s2.dat",2,"t34",1,"1",1262,"rec","backw","LF","abst","upliv",34,"VILPU","VLD"
40,"s2.dat",2,"t140",1,"3",1292,"pseudorec","backw","HF","conc",NA,140,"LUKSUR","ALD"
40,"s2.dat",2,"t140",1,"3",1292,"pseudorec","backw","HF","conc",NA,140,"UZGOT","VLD"
41,"s2.dat",2,"t127",1,"3",1322,"pseudorec","backw","HF","abst",NA,127,"JAJNIL","ALD"
41,"s2.dat",2,"t127",1,"3",1322,"pseudorec","backw","HF","abst",NA,127,"RATLUZ","VLD"
42,"s2.dat",2,"t164",0,"None",NA,"pseudorec","backw","LF","abst",NA,164,"SULTAK","ALD"
42,"s2.dat",2,"t164",0,"None",NA,"pseudorec","backw","LF","abst",NA,164,"BILTEG","VLD"
44,"s2.dat",2,"t143",0,"None",NA,"pseudorec","backw","HF","conc",NA,143,"BRLOF","ALD"
44,"s2.dat",2,"t143",0,"None",NA,"pseudorec","backw","HF","conc",NA,143,"BATAZ","VLD"
46,"s2.dat",2,"t102",1,"1",871,"rec","forw","LF","abst","ljutnja",102,"LJUTNJA","ALD"
46,"s2.dat",2,"t102",1,"1",871,"rec","forw","LF","abst","profit",102,"PROFIT","VLD"
47,"s2.dat",2,"t210",1,"3",781,"pseudorec","forw","HF","conc",NA,210,"GORAZ","ALD"
47,"s2.dat",2,"t210",1,"3",781,"pseudorec","forw","HF","conc",NA,210,"SATEP","VLD"
48,"s2.dat",2,"t226",0,"None",NA,"pseudorec","forw","LF","conc",NA,226,"BALZAL","ALD"
48,"s2.dat",2,"t226",0,"None",NA,"pseudorec","forw","LF","conc",NA,226,"RITUAC","VLD"
50,"s2.dat",2,"t93",1,"1",531,"rec","forw","LF","abst","skepsa",93,"SKEPSA","ALD"
50,"s2.dat",2,"t93",1,"1",531,"rec","forw","LF","abst","barok",93,"BAROK","VLD"
51,"s2.dat",2,"t116",1,"1",862,"rec","forw","LF","conc","konjak",116,"KONJAK","ALD"
51,"s2.dat",2,"t116",1,"1",862,"rec","forw","LF","conc","čaplja",116,"ČAPLJA","VLD"
52,"s2.dat",2,"t191",1,"3",1342,"pseudorec","forw","HF","abst",NA,191,"BAMBUK","ALD"
52,"s2.dat",2,"t191",1,"3",1342,"pseudorec","forw","HF","abst",NA,191,"VERMUJ","VLD"
53,"s2.dat",2,"t203",1,"3",1412,"pseudorec","forw","HF","conc",NA,203,"TAPIZ","ALD"
53,"s2.dat",2,"t203",1,"3",1412,"pseudorec","forw","HF","conc",NA,203,"KONDOP","VLD"
54,"s2.dat",2,"t230",1,"3",1011,"pseudorec","forw","LF","conc",NA,230,"CINIB","ALD"
54,"s2.dat",2,"t230",1,"3",1011,"pseudorec","forw","LF","conc",NA,230,"KONZUP","VLD"
55,"s2.dat",2,"t113",1,"1",751,"rec","forw","LF","conc","alatka",113,"ALATKA","ALD"
55,"s2.dat",2,"t113",1,"1",751,"rec","forw","LF","conc","zebra",113,"ZEBRA","VLD"
56,"s2.dat",2,"t166",0,"None",NA,"pseudorec","backw","LF","conc",NA,166,"SVETAF","ALD"
56,"s2.dat",2,"t166",0,"None",NA,"pseudorec","backw","LF","conc",NA,166,"BIOLOR","VLD"
58,"s2.dat",2,"t179",0,"1",NA,"pseudorec","backw","LF","conc",NA,179,"PETLIR","ALD"
58,"s2.dat",2,"t179",0,"1",NA,"pseudorec","backw","LF","conc",NA,179,"KANTAC","VLD"
59,"s2.dat",2,"t240",0,"None",NA,"pseudorec","forw","LF","conc",NA,240,"VOSKAB","ALD"
59,"s2.dat",2,"t240",0,"None",NA,"pseudorec","forw","LF","conc",NA,240,"TRILEN","VLD"
61,"s2.dat",2,"t96",1,"1",701,"rec","forw","LF","abst","nerad",96,"NERAD","ALD"
61,"s2.dat",2,"t96",1,"1",701,"rec","forw","LF","abst","elita",96,"ELITA","VLD"
62,"s2.dat",2,"t30",0,"3",NA,"rec","backw","HF","conc","glava",30,"AVALG","ALD"
62,"s2.dat",2,"t30",0,"3",NA,"rec","backw","HF","conc","trava",30,"AVART","VLD"
63,"s2.dat",2,"t42",0,"None",NA,"rec","backw","LF","abst","ruglo",42,"OLGUR","ALD"
63,"s2.dat",2,"t42",0,"None",NA,"rec","backw","LF","abst","zamor",42,"ROMAZ","VLD"
65,"s2.dat",2,"t187",0,"None",NA,"pseudorec","forw","HF","abst",NA,187,"RASKIŠ","ALD"
65,"s2.dat",2,"t187",0,"None",NA,"pseudorec","forw","HF","abst",NA,187,"VEŠTAB","VLD"
67,"s2.dat",2,"t18",1,"1",1332,"rec","backw","HF","conc","brašno",18,"ONŠARB","ALD"
67,"s2.dat",2,"t18",1,"1",1332,"rec","backw","HF","conc","sanduk",18,"KUDNAS","VLD"
68,"s2.dat",2,"t145",1,"3",1442,"pseudorec","backw","HF","conc",NA,145,"TREZOB","ALD"
68,"s2.dat",2,"t145",1,"3",1442,"pseudorec","backw","HF","conc",NA,145,"HAMEŠ","VLD"
69,"s2.dat",2,"t146",1,"3",1242,"pseudorec","backw","HF","conc",NA,146,"FOSIK","ALD"
69,"s2.dat",2,"t146",1,"3",1242,"pseudorec","backw","HF","conc",NA,146,"DRIPAG","VLD"
70,"s2.dat",2,"t211",0,"None",NA,"pseudorec","forw","LF","abst",NA,211,"KEPEN","ALD"
70,"s2.dat",2,"t211",0,"None",NA,"pseudorec","forw","LF","abst",NA,211,"FLUOŠ","VLD"
72,"s2.dat",2,"t28",1,"1",1162,"rec","backw","HF","conc","livada",28,"ADAVIL","ALD"
72,"s2.dat",2,"t28",1,"1",1162,"rec","backw","HF","conc","slika",28,"AKILS","VLD"
73,"s2.dat",2,"t233",1,"3",1402,"pseudorec","forw","LF","conc",NA,233,"DRZNIL","ALD"
73,"s2.dat",2,"t233",1,"3",1402,"pseudorec","forw","LF","conc",NA,233,"NAMAG","VLD"
74,"s2.dat",2,"t57",1,"1",851,"rec","backw","LF","conc","ekser",57,"RESKE","ALD"
74,"s2.dat",2,"t57",1,"1",851,"rec","backw","LF","conc","kokos",57,"SOKOK","VLD"
75,"s2.dat",2,"t195",1,"3",1452,"pseudorec","forw","HF","abst",NA,195,"SVEKAN","ALD"
75,"s2.dat",2,"t195",1,"3",1452,"pseudorec","forw","HF","abst",NA,195,"TOTEK","VLD"
76,"s2.dat",2,"t86",1,"1",861,"rec","forw","HF","conc","krevet",86,"KREVET","ALD"
76,"s2.dat",2,"t86",1,"1",861,"rec","forw","HF","conc","lopta",86,"LOPTA","VLD"
77,"s2.dat",2,"t202",1,"3",1322,"pseudorec","forw","HF","conc",NA,202,"ŠTANK","ALD"
77,"s2.dat",2,"t202",1,"3",1322,"pseudorec","forw","HF","conc",NA,202,"PANTEK","VLD"
78,"s2.dat",2,"t125",0,"1",NA,"pseudorec","backw","HF","abst",NA,125,"PANCIT","ALD"
78,"s2.dat",2,"t125",0,"1",NA,"pseudorec","backw","HF","abst",NA,125,"AKSIOK","VLD"
79,"s2.dat",2,"t234",0,"None",NA,"pseudorec","forw","LF","conc",NA,234,"MURAB","ALD"
79,"s2.dat",2,"t234",0,"None",NA,"pseudorec","forw","LF","conc",NA,234,"MA~OT","ALD"
81,"s2.dat",2,"t117",1,"1",711,"rec","forw","LF","conc","kvaka",117,"KVAKA","ALD"
81,"s2.dat",2,"t117",1,"1",711,"rec","forw","LF","conc","šerpa",117,"ŠERPA","VLD"
82,"s2.dat",2,"t123",0,"None",NA,"pseudorec","backw","HF","abst",NA,123,"TIGAŠ","ALD"
82,"s2.dat",2,"t123",0,"None",NA,"pseudorec","backw","HF","abst",NA,123,"NEUKUD","VLD"
84,"s2.dat",2,"t154",0,"None",NA,"pseudorec","backw","LF","abst",NA,154,"REZOL","ALD"
84,"s2.dat",2,"t154",0,"None",NA,"pseudorec","backw","LF","abst",NA,154,"SKRON","VLD"
86,"s2.dat",2,"t135",0,"None",NA,"pseudorec","backw","HF","abst",NA,135,"LEMUK","ALD"
86,"s2.dat",2,"t135",0,"None",NA,"pseudorec","backw","HF","abst",NA,135,"FALUČ","VLD"
88,"s2.dat",2,"t217",0,"None",NA,"pseudorec","forw","LF","abst",NA,217,"SERUP","ALD"
88,"s2.dat",2,"t217",0,"None",NA,"pseudorec","forw","LF","abst",NA,217,"REZAG","VLD"
90,"s2.dat",2,"t10",1,"1",1152,"rec","backw","HF","abst","značaj",10,"JAČANZ","ALD"
90,"s2.dat",2,"t10",1,"1",1152,"rec","backw","HF","abst","svest",10,"TSEVS","VLD"
91,"s2.dat",2,"t216",1,"3",1282,"pseudorec","forw","LF","abst",NA,216,"SENJAT","ALD"
91,"s2.dat",2,"t216",1,"3",1282,"pseudorec","forw","LF","abst",NA,216,"IDIOB","VLD"
92,"s2.dat",2,"t90",1,"1",541,"rec","forw","HF","conc","grana",90,"GRANA","ALD"
92,"s2.dat",2,"t90",1,"1",541,"rec","forw","HF","conc","ptica",90,"PTICA","VLD"
93,"s2.dat",2,"t209",0,"1",NA,"pseudorec","forw","HF","conc",NA,209,"ARGOP","ALD"
93,"s2.dat",2,"t209",0,"1",NA,"pseudorec","forw","HF","conc",NA,209,"HARAK","VLD"
94,"s2.dat",2,"t112",1,"1",651,"rec","forw","LF","conc","zvečka",112,"ZVEČKA","ALD"
94,"s2.dat",2,"t112",1,"1",651,"rec","forw","LF","conc","torta",112,"TORTA","VLD"
95,"s2.dat",2,"t59",1,"1",951,"rec","backw","LF","conc","delfin",59,"NIFLED","ALD"
95,"s2.dat",2,"t59",1,"1",951,"rec","backw","LF","conc","papuča",59,"AČUPAP","VLD"
96,"s2.dat",2,"t38",0,"3",NA,"rec","backw","LF","abst","afera",38,"AREFA","ALD"
96,"s2.dat",2,"t38",0,"3",NA,"rec","backw","LF","abst","dogma",38,"AMGOD","VLD"
97,"s2.dat",2,"t64",1,"1",631,"rec","forw","HF","abst","pretnja",64,"PRETNJA","ALD"
97,"s2.dat",2,"t64",1,"1",631,"rec","forw","HF","abst","milost",64,"MILOST","VLD"
98,"s2.dat",2,"t29",0,"3",NA,"rec","backw","HF","conc","kamen",29,"NEMAK","ALD"
98,"s2.dat",2,"t29",0,"3",NA,"rec","backw","HF","conc","cveće",29,"EĆEVC","VLD"
99,"s2.dat",2,"t78",1,"1",511,"rec","forw","HF","conc","korito",78,"KORITO","ALD"
99,"s2.dat",2,"t78",1,"1",511,"rec","forw","HF","conc","jastuk",78,"JASTUK","VLD"
100,"s2.dat",2,"t100",1,"1",521,"rec","forw","LF","abst","trpnja",100,"TRPNJA","ALD"
100,"s2.dat",2,"t100",1,"1",521,"rec","forw","LF","abst","raspon",100,"RASPON","VLD"
101,"s2.dat",2,"t163",1,"3",1472,"pseudorec","backw","LF","abst",NA,163,"BERBET","ALD"
101,"s2.dat",2,"t163",1,"3",1472,"pseudorec","backw","LF","abst",NA,163,"PRESEB","VLD"
102,"s2.dat",2,"t178",0,"None",NA,"pseudorec","backw","LF","conc",NA,178,"MANGUD","ALD"
102,"s2.dat",2,"t178",0,"None",NA,"pseudorec","backw","LF","conc",NA,178,"STALAV","VLD"
104,"s2.dat",2,"t108",1,"1",731,"rec","forw","LF","conc","tegla",108,"TEGLA","ALD"
104,"s2.dat",2,"t108",1,"1",731,"rec","forw","LF","conc","kompot",108,"KOMPOT","VLD"
105,"s2.dat",2,"t124",0,"None",NA,"pseudorec","backw","HF","abst",NA,124,"SVINJAB","ALD"
105,"s2.dat",2,"t124",0,"None",NA,"pseudorec","backw","HF","abst",NA,124,"SPANAR","VLD"
107,"s2.dat",2,"t110",1,"1",701,"rec","forw","LF","conc","ranac",110,"RANAC","ALD"
107,"s2.dat",2,"t110",1,"1",701,"rec","forw","LF","conc","kliker",110,"KLIKER","VLD"
108,"s2.dat",2,"t148",0,"None",NA,"pseudorec","backw","HF","conc",NA,148,"PRELER","ALD"
108,"s2.dat",2,"t148",0,"None",NA,"pseudorec","backw","HF","conc",NA,148,"BAZAP","VLD"
110,"s2.dat",2,"t194",1,"3",1332,"pseudorec","forw","HF","abst",NA,194,"SONAĐ","ALD"
110,"s2.dat",2,"t194",1,"3",1332,"pseudorec","forw","HF","abst",NA,194,"ŠPRIĐ","ALD"
111,"s2.dat",2,"t175",0,"1",NA,"pseudorec","backw","LF","conc",NA,175,"UDOVAL","ALD"
111,"s2.dat",2,"t175",0,"1",NA,"pseudorec","backw","LF","conc",NA,175,"AKCENAŠ","VLD"
112,"s2.dat",2,"t99",1,"1",831,"rec","forw","LF","abst","otkaz",99,"OTKAZ","ALD"
112,"s2.dat",2,"t99",1,"1",831,"rec","forw","LF","abst","zakup",99,"ZAKUP","VLD"
113,"s2.dat",2,"t40",1,"1",1452,"rec","backw","LF","abst","aspekt",40,"TKEPSA","ALD"
113,"s2.dat",2,"t40",1,"1",1452,"rec","backw","LF","abst","revolt",40,"TLOVER","VLD"
114,"s2.dat",2,"t56",1,"1",1262,"rec","backw","LF","conc","sirće",56,"EĆRIS","ALD"
114,"s2.dat",2,"t56",1,"1",1262,"rec","backw","LF","conc","kobra",56,"ARBOK","VLD"
115,"s2.dat",2,"t119",1,"1",791,"rec","forw","LF","conc","flauta",119,"FLAUTA","ALD"
115,"s2.dat",2,"t119",1,"1",791,"rec","forw","LF","conc","kecelja",119,"KECELJA","VLD"
116,"s2.dat",2,"t167",1,"3",1182,"pseudorec","backw","LF","conc",NA,167,"KOMFON","ALD"
116,"s2.dat",2,"t167",1,"3",1182,"pseudorec","backw","LF","conc",NA,167,"KARBOZ","VLD"
117,"s2.dat",2,"t157",0,"None",NA,"pseudorec","backw","LF","abst",NA,157,"TITAČ","ALD"
117,"s2.dat",2,"t157",0,"None",NA,"pseudorec","backw","LF","abst",NA,157,"ŠAPTAK","VLD"
119,"s2.dat",2,"t235",0,"None",NA,"pseudorec","forw","LF","conc",NA,235,"EGZIČ","ALD"
119,"s2.dat",2,"t235",0,"None",NA,"pseudorec","forw","LF","conc",NA,235,"MAHET","VLD"
121,"s2.dat",2,"t201",0,"None",NA,"pseudorec","forw","HF","conc",NA,201,"CIKLOP","ALD"
121,"s2.dat",2,"t201",0,"None",NA,"pseudorec","forw","HF","conc",NA,201,"DESPON","VLD"
123,"s2.dat",2,"t12",0,"None",NA,"rec","backw","HF","abst","nemir",12,"RIMEN","ALD"
123,"s2.dat",2,"t12",0,"None",NA,"rec","backw","HF","abst","pomoć",12,"ĆOMOP","VLD"
126,"s2.dat",2,"t121",0,"None",NA,"pseudorec","backw","HF","abst",NA,121,"TROVAB","ALD"
126,"s2.dat",2,"t121",0,"None",NA,"pseudorec","backw","HF","abst",NA,121,"KORDOB","VLD"
128,"s2.dat",2,"t126",1,"3",1172,"pseudorec","backw","HF","abst",NA,126,"KANAZ","ALD"
128,"s2.dat",2,"t126",1,"3",1172,"pseudorec","backw","HF","abst",NA,126,"FELJTOZ","VLD"
129,"s2.dat",2,"t45",0,"3",NA,"rec","backw","LF","abst","pakost",45,"TSOKAP","ALD"
129,"s2.dat",2,"t45",0,"3",NA,"rec","backw","LF","abst","ishod",45,"DOHSI","VLD"
130,"s2.dat",2,"t182",0,"None",NA,"pseudorec","forw","HF","abst",NA,182,"CVETIL","ALD"
130,"s2.dat",2,"t182",0,"None",NA,"pseudorec","forw","HF","abst",NA,182,"DOLAŠ","VLD"
132,"s2.dat",2,"t184",0,"None",NA,"pseudorec","forw","HF","abst",NA,184,"BUBNJAC","ALD"
132,"s2.dat",2,"t184",0,"None",NA,"pseudorec","forw","HF","abst",NA,184,"JEDNJAZ","VLD"
134,"s2.dat",2,"t16",1,"1",1372,"rec","backw","HF","conc","jagoda",16,"ADOGAJ","ALD"
134,"s2.dat",2,"t16",1,"1",1372,"rec","backw","HF","conc","kutija",16,"AJITUK","VLD"
135,"s2.dat",2,"t35",1,"1",1272,"rec","backw","LF","abst","poenta",35,"ATNEOP","ALD"
135,"s2.dat",2,"t35",1,"1",1272,"rec","backw","LF","abst","raskid",35,"DIKSAR","VLD"
136,"s2.dat",2,"t81",1,"1",751,"rec","forw","HF","conc","strela",81,"STRELA","ALD"
136,"s2.dat",2,"t81",1,"1",751,"rec","forw","HF","conc","kamion",81,"KAMION","VLD"
137,"s2.dat",2,"t9",1,"1",1342,"rec","backw","HF","abst","mašta",9,"ATŠAM","ALD"
137,"s2.dat",2,"t9",1,"1",1342,"rec","backw","HF","abst","razlog",9,"GOLZAR","VLD"
138,"s2.dat",2,"t136",1,"3",1031,"pseudorec","backw","HF","conc",NA,136,"TURBAH","ALD"
138,"s2.dat",2,"t136",1,"3",1031,"pseudorec","backw","HF","conc",NA,136,"AZBESČ","VLD"
139,"s2.dat",2,"t1",0,"3",NA,"rec","backw","HF","abst","novost",1,"TSOVON","ALD"
139,"s2.dat",2,"t1",0,"3",NA,"rec","backw","HF","abst","metoda",1,"ADOTEM","VLD"
140,"s2.dat",2,"t69",1,"1",611,"rec","forw","HF","abst","znanje",69,"ZNANJE","ALD"
140,"s2.dat",2,"t69",1,"1",611,"rec","forw","HF","abst","sumnja",69,"SUMNJA","VLD"
141,"s2.dat",2,"t192",1,"3",1161,"pseudorec","forw","HF","abst",NA,192,"OMLEZ","ALD"
141,"s2.dat",2,"t192",1,"3",1161,"pseudorec","forw","HF","abst",NA,192,"IRVAB","VLD"
142,"s2.dat",2,"t229",0,"1",NA,"pseudorec","forw","LF","conc",NA,229,"REBUL","ALD"
142,"s2.dat",2,"t229",0,"1",NA,"pseudorec","forw","LF","conc",NA,229,"NABOH","VLD"
143,"s2.dat",2,"t189",1,"3",1463,"pseudorec","forw","HF","abst",NA,189,"LOGOK","ALD"
143,"s2.dat",2,"t189",1,"3",1463,"pseudorec","forw","HF","abst",NA,189,"BEĆAŠ","VLD"
144,"s2.dat",2,"t212",1,"3",1342,"pseudorec","forw","LF","abst",NA,212,"TIRKIB","ALD"
144,"s2.dat",2,"t212",1,"3",1342,"pseudorec","forw","LF","abst",NA,212,"KRETEP","VLD"
145,"s2.dat",2,"t172",1,"3",1382,"pseudorec","backw","LF","conc",NA,172,"MASEF","ALD"
145,"s2.dat",2,"t172",1,"3",1382,"pseudorec","backw","LF","conc",NA,172,"LIMIR","VLD"
146,"s2.dat",2,"t162",0,"None",NA,"pseudorec","backw","LF","abst",NA,162,"BAROZ","ALD"
146,"s2.dat",2,"t162",0,"None",NA,"pseudorec","backw","LF","abst",NA,162,"NAKOČ","VLD"
148,"s2.dat",2,"t204",1,"3",1492,"pseudorec","forw","HF","conc",NA,204,"LENJIZ","ALD"
148,"s2.dat",2,"t204",1,"3",1492,"pseudorec","forw","HF","conc",NA,204,"BILIOD","VLD"
149,"s2.dat",2,"t222",1,"3",1352,"pseudorec","forw","LF","abst",NA,222,"BAROL","ALD"
149,"s2.dat",2,"t222",1,"3",1352,"pseudorec","forw","LF","abst",NA,222,"TREGEN","VLD"
150,"s2.dat",2,"t199",1,"3",1272,"pseudorec","forw","HF","conc",NA,199,"BORDEP","ALD"
150,"s2.dat",2,"t199",1,"3",1272,"pseudorec","forw","HF","conc",NA,199,"KLIPAĆ","VLD"
151,"s2.dat",2,"t50",1,"1",601,"rec","backw","LF","conc","ananas",50,"SANANA","ALD"
151,"s2.dat",2,"t50",1,"1",601,"rec","backw","LF","conc","kajmak",50,"KAMJAK","VLD"
152,"s2.dat",2,"t62",1,"1",550,"rec","forw","HF","abst","izdaja",62,"IZDAJA","ALD"
152,"s2.dat",2,"t62",1,"1",550,"rec","forw","HF","abst","uzrok",62,"UZROK","VLD"
153,"s2.dat",2,"t23",0,"None",NA,"rec","backw","HF","conc","odelo",23,"OLEDO","ALD"
153,"s2.dat",2,"t23",0,"None",NA,"rec","backw","HF","conc","blato",23,"OTALB","VLD"
155,"s2.dat",2,"t147",0,"1",NA,"pseudorec","backw","HF","conc",NA,147,"PATAR","ALD"
155,"s2.dat",2,"t147",0,"1",NA,"pseudorec","backw","HF","conc",NA,147,"VELUT","VLD"
156,"s2.dat",2,"t227",1,"3",1062,"pseudorec","forw","LF","conc",NA,227,"CIMEČ","ALD"
156,"s2.dat",2,"t227",1,"3",1062,"pseudorec","forw","LF","conc",NA,227,"VITALJ","VLD"
157,"s2.dat",2,"t132",1,"3",1162,"pseudorec","backw","HF","abst",NA,132,"NAZER","ALD"
157,"s2.dat",2,"t132",1,"3",1162,"pseudorec","backw","HF","abst",NA,132,"AVANČ","VLD"
158,"s2.dat",2,"t11",1,"1",1292,"rec","backw","HF","abst","zanos",11,"SONAZ","ALD"
158,"s2.dat",2,"t11",1,"1",1292,"rec","backw","HF","abst","smisao",11,"OASIMS","VLD"
159,"s2.dat",2,"t224",1,"3",1242,"pseudorec","forw","LF","abst",NA,224,"BOJLEG","ALD"
159,"s2.dat",2,"t224",1,"3",1242,"pseudorec","forw","LF","abst",NA,224,"DISTIC","VLD"
160,"s2.dat",2,"t91",1,"1",1242,"rec","forw","LF","abst","ucena",91,"UCENA","ALD"
160,"s2.dat",2,"t91",1,"1",1242,"rec","forw","LF","abst","naboj",91,"NABOJ","VLD"
161,"s2.dat",2,"t82",1,"1",841,"rec","forw","HF","conc","kaput",82,"KAPUT","ALD"
161,"s2.dat",2,"t82",1,"1",841,"rec","forw","HF","conc","klavir",82,"KLAVIR","VLD"
162,"s2.dat",2,"t220",1,"3",951,"pseudorec","forw","LF","abst",NA,220,"PERAĐ","ALD"
162,"s2.dat",2,"t220",1,"3",951,"pseudorec","forw","LF","abst",NA,220,"BUMBAG","VLD"
163,"s2.dat",2,"t79",1,"1",631,"rec","forw","HF","conc","marama",79,"MARAMA","ALD"
163,"s2.dat",2,"t79",1,"1",631,"rec","forw","HF","conc","kolica",79,"KOLICA","VLD"
164,"s2.dat",2,"t122",1,"3",1472,"pseudorec","backw","HF","abst",NA,122,"PREGIT","ALD"
164,"s2.dat",2,"t122",1,"3",1472,"pseudorec","backw","HF","abst",NA,122,"FETUP","VLD"
165,"s2.dat",2,"t68",1,"1",701,"rec","forw","HF","abst","izraz",68,"IZRAZ","ALD"
165,"s2.dat",2,"t68",1,"1",701,"rec","forw","HF","abst","utisak",68,"UTISAK","VLD"
166,"s2.dat",2,"t14",0,"3",NA,"rec","backw","HF","abst","posao",14,"OASOP","ALD"
166,"s2.dat",2,"t14",0,"3",NA,"rec","backw","HF","abst","strah",14,"HARTS","VLD"
167,"s2.dat",2,"t47",1,"1",1492,"rec","backw","LF","conc","spanać",47,"ĆANAPS","ALD"
167,"s2.dat",2,"t47",1,"1",1492,"rec","backw","LF","conc","pereca",47,"ACEREP","VLD"
168,"s2.dat",2,"t165",1,"3",1192,"pseudorec","backw","LF","abst",NA,165,"KARMIG","ALD"
168,"s2.dat",2,"t165",1,"3",1192,"pseudorec","backw","LF","abst",NA,165,"SIRUL","VLD"
169,"s2.dat",2,"t180",1,"3",1192,"pseudorec","backw","LF","conc",NA,180,"RAZVOC","ALD"
169,"s2.dat",2,"t180",1,"3",1192,"pseudorec","backw","LF","conc",NA,180,"FILTEB","VLD"
170,"s2.dat",2,"t134",1,"3",1232,"pseudorec","backw","HF","abst",NA,134,"DIZEB","ALD"
170,"s2.dat",2,"t134",1,"3",1232,"pseudorec","backw","HF","abst",NA,134,"LOTOG","VLD"
171,"s2.dat",2,"t17",0,"3",NA,"rec","backw","HF","conc","čekić",17,"ĆIKEČ","ALD"
171,"s2.dat",2,"t17",0,"3",NA,"rec","backw","HF","conc","smokva",17,"AVKOMS","VLD"
172,"s2.dat",2,"t2",0,"None",NA,"rec","backw","HF","abst","dosada",2,"ADASOD","ALD"
172,"s2.dat",2,"t2",0,"None",NA,"rec","backw","HF","abst","pojam",2,"MAJOP","VLD"
175,"s2.dat",2,"t104",1,"1",761,"rec","forw","LF","abst","divota",104,"DIVOTA","ALD"
175,"s2.dat",2,"t104",1,"1",761,"rec","forw","LF","abst","efekat",104,"EFEKAT","VLD"
176,"s2.dat",2,"t183",1,"3",1251,"pseudorec","forw","HF","abst",NA,183,"POGAJ","ALD"
176,"s2.dat",2,"t183",1,"3",1251,"pseudorec","forw","HF","abst",NA,183,"GURMAB","VLD"
177,"s2.dat",2,"t54",0,"3",NA,"rec","backw","LF","conc","klovn",54,"NVOLK","ALD"
177,"s2.dat",2,"t54",0,"3",NA,"rec","backw","LF","conc","štuka",54,"AKUTŠ","VLD"
178,"s2.dat",2,"t128",1,"3",1161,"pseudorec","backw","HF","abst",NA,128,"TAJGUP","ALD"
178,"s2.dat",2,"t128",1,"3",1161,"pseudorec","backw","HF","abst",NA,128,"MASLAB","VLD"
179,"s2.dat",2,"t206",1,"3",1111,"pseudorec","forw","HF","conc",NA,206,"GLUPAR","ALD"
179,"s2.dat",2,"t206",1,"3",1111,"pseudorec","forw","HF","conc",NA,206,"ARHID","VLD"
180,"s2.dat",2,"t237",1,"3",1191,"pseudorec","forw","LF","conc",NA,237,"IZDAP","ALD"
180,"s2.dat",2,"t237",1,"3",1191,"pseudorec","forw","LF","conc",NA,237,"FAGOH","VLD"
181,"s2.dat",2,"t95",1,"1",731,"rec","forw","LF","abst","apsurd",95,"APSURD","ALD"
181,"s2.dat",2,"t95",1,"1",731,"rec","forw","LF","abst","opseg",95,"OPSEG","VLD"
182,"s2.dat",2,"t19",1,"1",1022,"rec","backw","HF","conc","sekira",19,"ARIKES","ALD"
182,"s2.dat",2,"t19",1,"1",1022,"rec","backw","HF","conc","rakija",19,"AJIKAR","VLD"
183,"s2.dat",2,"t197",0,"None",NA,"pseudorec","forw","HF","conc",NA,197,"SISAB","ALD"
183,"s2.dat",2,"t197",0,"None",NA,"pseudorec","forw","HF","conc",NA,197,"KLIKET","VLD"
185,"s2.dat",2,"t238",1,"3",1252,"pseudorec","forw","LF","conc",NA,238,"RASAL","ALD"
185,"s2.dat",2,"t238",1,"3",1252,"pseudorec","forw","LF","conc",NA,238,"JASTOM","VLD"
186,"s2.dat",2,"t48",0,"3",NA,"rec","backw","LF","conc","burek",48,"KERUB","ALD"
186,"s2.dat",2,"t48",0,"3",NA,"rec","backw","LF","conc","cucla",48,"ALCUC","VLD"
187,"s2.dat",2,"t43",0,"3",NA,"rec","backw","LF","abst","požuda",43,"ADUŽOP","ALD"
187,"s2.dat",2,"t43",0,"3",NA,"rec","backw","LF","abst","namena",43,"ANEMAN","VLD"
188,"s2.dat",2,"t25",1,"1",1322,"rec","backw","HF","conc","jabuka",25,"AKUBAJ","ALD"
188,"s2.dat",2,"t25",1,"1",1322,"rec","backw","HF","conc","lanac",25,"CANAL","VLD"
189,"s2.dat",2,"t7",0,"None",NA,"rec","backw","HF","abst","proces",7,"SECORP","ALD"
189,"s2.dat",2,"t7",0,"None",NA,"rec","backw","HF","abst","korist",7,"TSIROK","VLD"
191,"s2.dat",2,"t39",0,"3",NA,"rec","backw","LF","abst","trema",39,"AMERT","ALD"
191,"s2.dat",2,"t39",0,"3",NA,"rec","backw","LF","abst","pouka",39,"AKUOP","VLD"
192,"s2.dat",2,"t120",1,"1",581,"rec","forw","LF","conc","krljušt",120,"KRLJUŠT","ALD"
192,"s2.dat",2,"t120",1,"1",581,"rec","forw","LF","conc","olovka",120,"OLOVKA","VLD"
193,"s2.dat",2,"t174",1,"3",951,"pseudorec","backw","LF","conc",NA,174,"VOKAB","ALD"
193,"s2.dat",2,"t174",1,"3",951,"pseudorec","backw","LF","conc",NA,174,"ZIDIB","VLD"
194,"s2.dat",2,"t13",1,"1",1211,"rec","backw","HF","abst","samoća",13,"AĆOMAS","ALD"
194,"s2.dat",2,"t13",1,"1",1211,"rec","backw","HF","abst","tajna",13,"ANJAT","VLD"
195,"s2.dat",2,"t51",1,"1",1021,"rec","backw","LF","conc","pekmez",51,"ZEMKEP","ALD"
195,"s2.dat",2,"t51",1,"1",1021,"rec","backw","LF","conc","šaran",51,"NARAŠ","VLD"
196,"s2.dat",2,"t158",1,"3",1142,"pseudorec","backw","LF","abst",NA,158,"KAJAC","ALD"
196,"s2.dat",2,"t158",1,"3",1142,"pseudorec","backw","LF","abst",NA,158,"ĆEVAK","VLD"
197,"s2.dat",2,"t97",1,"1",1443,"rec","forw","LF","abst","bruka",97,"BRUKA","ALD"
197,"s2.dat",2,"t97",1,"1",1443,"rec","forw","LF","abst","manjak",97,"MANJAK","VLD"
198,"s2.dat",2,"t22",1,"1",1312,"rec","backw","HF","conc","čamac",22,"CAMAČ","ALD"
198,"s2.dat",2,"t22",1,"1",1312,"rec","backw","HF","conc","hrast",22,"TSARH","VLD"
199,"s2.dat",2,"t44",0,"None",NA,"rec","backw","LF","abst","zaplet",44,"TELPAZ","ALD"
199,"s2.dat",2,"t44",0,"None",NA,"rec","backw","LF","abst","sujeta",44,"ATEJUS","VLD"
201,"s2.dat",2,"t214",1,"3",1261,"pseudorec","forw","LF","abst",NA,214,"PITOR","ALD"
201,"s2.dat",2,"t214",1,"3",1261,"pseudorec","forw","LF","abst",NA,214,"PIJAD","VLD"
202,"s2.dat",2,"t118",1,"1",751,"rec","forw","LF","conc","rerna",118,"RERNA","ALD"
202,"s2.dat",2,"t118",1,"1",751,"rec","forw","LF","conc","kačket",118,"KAČKET","VLD"
203,"s2.dat",2,"t155",1,"3",1412,"pseudorec","backw","LF","abst",NA,155,"MIKROZ","ALD"
203,"s2.dat",2,"t155",1,"3",1412,"pseudorec","backw","LF","abst",NA,155,"KAUBOT","VLD"
204,"s2.dat",2,"t130",1,"3",1433,"pseudorec","backw","HF","abst",NA,130,"REPTIK","ALD"
204,"s2.dat",2,"t130",1,"3",1433,"pseudorec","backw","HF","abst",NA,130,"POVEJ","VLD"
205,"s2.dat",2,"t55",1,"1",1482,"rec","backw","LF","conc","zumbul",55,"LUBMUZ","ALD"
205,"s2.dat",2,"t55",1,"1",1482,"rec","backw","LF","conc","kaktus",55,"SUTKAK","VLD"
206,"s2.dat",2,"t213",1,"3",1402,"pseudorec","forw","LF","abst",NA,213,"DOSLUZ","ALD"
206,"s2.dat",2,"t213",1,"3",1402,"pseudorec","forw","LF","abst",NA,213,"ODVOC","VLD"
207,"s2.dat",2,"t76",1,"1",691,"rec","forw","HF","conc","tepih",76,"TEPIH","ALD"
207,"s2.dat",2,"t76",1,"1",691,"rec","forw","HF","conc","sapun",76,"SAPUN","VLD"
208,"s2.dat",2,"t105",1,"1",551,"rec","forw","LF","abst","logika",105,"LOGIKA","ALD"
208,"s2.dat",2,"t105",1,"1",551,"rec","forw","LF","abst","oprez",105,"OPREZ","VLD"
209,"s2.dat",2,"t232",1,"3",1222,"pseudorec","forw","LF","conc",NA,232,"TOALEB","ALD"
209,"s2.dat",2,"t232",1,"3",1222,"pseudorec","forw","LF","conc",NA,232,"FAZOR","VLD"
210,"s2.dat",2,"t61",1,"1",751,"rec","forw","HF","abst","nemoć",61,"NEMOĆ","ALD"
210,"s2.dat",2,"t61",1,"1",751,"rec","forw","HF","abst","sudba",61,"SUDBA","VLD"
211,"s2.dat",2,"t74",1,"1",621,"rec","forw","HF","abst","sreća",74,"SREĆA","ALD"
211,"s2.dat",2,"t74",1,"1",621,"rec","forw","HF","abst","odnos",74,"ODNOS","VLD"
212,"s2.dat",2,"t150",1,"3",1081,"pseudorec","backw","HF","conc",NA,150,"REKEB","ALD"
212,"s2.dat",2,"t150",1,"3",1081,"pseudorec","backw","HF","conc",NA,150,"FLUIŠ","VLD"
213,"s2.dat",2,"t153",1,"3",1192,"pseudorec","backw","LF","abst",NA,153,"PERŠUĐ","ALD"
213,"s2.dat",2,"t153",1,"3",1192,"pseudorec","backw","LF","abst",NA,153,"LOSIOR","VLD"
214,"s2.dat",2,"t171",1,"3",1422,"pseudorec","backw","LF","conc",NA,171,"OTKLOR","ALD"
214,"s2.dat",2,"t171",1,"3",1422,"pseudorec","backw","LF","conc",NA,171,"FOKUJ","VLD"
215,"s2.dat",2,"t80",1,"1",691,"rec","forw","HF","conc","topola",80,"TOPOLA","ALD"
215,"s2.dat",2,"t80",1,"1",691,"rec","forw","HF","conc","grožĐ‘e",80,"GROŽĐE","ALD"
216,"s2.dat",2,"t169",1,"3",952,"pseudorec","backw","LF","conc",NA,169,"GULAN","ALD"
216,"s2.dat",2,"t169",1,"3",952,"pseudorec","backw","LF","conc",NA,169,"CIGAF","VLD"
217,"s2.dat",2,"t185",0,"1",NA,"pseudorec","forw","HF","abst",NA,185,"FARMET","ALD"
217,"s2.dat",2,"t185",0,"1",NA,"pseudorec","forw","HF","abst",NA,185,"RABIĐ","ALD"
218,"s2.dat",2,"t67",1,"1",751,"rec","forw","HF","abst","sezona",67,"SEZONA","ALD"
218,"s2.dat",2,"t67",1,"1",751,"rec","forw","HF","abst","propis",67,"PROPIS","VLD"
219,"s2.dat",2,"t160",1,"3",1322,"pseudorec","backw","LF","abst",NA,160,"ŠAFRAK","ALD"
219,"s2.dat",2,"t160",1,"3",1322,"pseudorec","backw","LF","abst",NA,160,"GEOLOT","VLD"
220,"s2.dat",2,"t98",1,"1",701,"rec","forw","LF","abst","slanje",98,"SLANJE","ALD"
220,"s2.dat",2,"t98",1,"1",701,"rec","forw","LF","abst","užitak",98,"UŽITAK","VLD"
221,"s2.dat",2,"t4",1,"1",1402,"rec","backw","HF","abst","namera",4,"AREMAN","ALD"
221,"s2.dat",2,"t4",1,"1",1402,"rec","backw","HF","abst","osveta",4,"ATEVSO","VLD"
222,"s2.dat",2,"t106",1,"1",591,"rec","forw","LF","conc","jogurt",106,"JOGURT","ALD"
222,"s2.dat",2,"t106",1,"1",591,"rec","forw","LF","conc","kengur",106,"KENGUR","VLD"
223,"s2.dat",2,"t228",1,"3",1362,"pseudorec","forw","LF","conc",NA,228,"ULKUG","ALD"
223,"s2.dat",2,"t228",1,"3",1362,"pseudorec","forw","LF","conc",NA,228,"FLANEG","VLD"
224,"s2.dat",2,"t83",1,"1",1302,"rec","forw","HF","conc","klupa",83,"KLUPA","ALD"
224,"s2.dat",2,"t83",1,"1",1302,"rec","forw","HF","conc","zavesa",83,"ZAVESA","VLD"
225,"s2.dat",2,"t111",1,"1",731,"rec","forw","LF","conc","perika",111,"PERIKA","ALD"
225,"s2.dat",2,"t111",1,"1",731,"rec","forw","LF","conc","pelena",111,"PELENA","VLD"
226,"s2.dat",2,"t215",1,"3",1102,"pseudorec","forw","LF","abst",NA,215,"OPOZIN","ALD"
226,"s2.dat",2,"t215",1,"3",1102,"pseudorec","forw","LF","abst",NA,215,"PO~EF","ALD"
227,"s2.dat",2,"t94",1,"1",611,"rec","forw","LF","abst","trenje",94,"TRENJE","ALD"
227,"s2.dat",2,"t94",1,"1",611,"rec","forw","LF","abst","deoba",94,"DEOBA","VLD"
228,"s2.dat",2,"t219",1,"3",1152,"pseudorec","forw","LF","abst",NA,219,"POKOB","ALD"
228,"s2.dat",2,"t219",1,"3",1152,"pseudorec","forw","LF","abst",NA,219,"REDAF","VLD"
229,"s2.dat",2,"t114",1,"1",701,"rec","forw","LF","conc","biber",114,"BIBER","ALD"
229,"s2.dat",2,"t114",1,"1",701,"rec","forw","LF","conc","liker",114,"LIKER","VLD"
230,"s2.dat",2,"t177",0,"None",NA,"pseudorec","backw","LF","conc",NA,177,"JERED","ALD"
230,"s2.dat",2,"t177",0,"None",NA,"pseudorec","backw","LF","conc",NA,177,"MELED","VLD"
232,"s2.dat",2,"t170",0,"None",NA,"pseudorec","backw","LF","conc",NA,170,"PORTIN","ALD"
232,"s2.dat",2,"t170",0,"None",NA,"pseudorec","backw","LF","conc",NA,170,"ŠESTAM","VLD"
234,"s2.dat",2,"t8",0,"None",NA,"rec","backw","HF","abst","pojava",8,"AVAJOP","ALD"
234,"s2.dat",2,"t8",0,"None",NA,"rec","backw","HF","abst","pravda",8,"ADVARP","VLD"
236,"s2.dat",2,"t52",1,"1",1482,"rec","backw","LF","conc","šunka",52,"AKNUŠ","ALD"
236,"s2.dat",2,"t52",1,"1",1482,"rec","backw","LF","conc","fazan",52,"NAZAF","VLD"
237,"s2.dat",2,"t138",1,"3",1332,"pseudorec","backw","HF","conc",NA,138,"MAGNEG","ALD"
237,"s2.dat",2,"t138",1,"3",1332,"pseudorec","backw","HF","conc",NA,138,"KAPLAB","VLD"
238,"s2.dat",2,"t231",1,"3",1282,"pseudorec","forw","LF","conc",NA,231,"MLEKAF","ALD"
238,"s2.dat",2,"t231",1,"3",1282,"pseudorec","forw","LF","conc",NA,231,"KENGUN","VLD"
239,"s2.dat",2,"t87",1,"1",631,"rec","forw","HF","conc","pesak",87,"PESAK","ALD"
239,"s2.dat",2,"t87",1,"1",631,"rec","forw","HF","conc","staklo",87,"STAKLO","VLD"
240,"s2.dat",2,"t176",1,"3",1131,"pseudorec","backw","LF","conc",NA,176,"PUTEF","ALD"
240,"s2.dat",2,"t176",1,"3",1131,"pseudorec","backw","LF","conc",NA,176,"NAGIR","VLD"
241,"s2.dat",2,"t41",0,"3",NA,"rec","backw","LF","abst","status",41,"SUTATS","ALD"
241,"s2.dat",2,"t41",0,"3",NA,"rec","backw","LF","abst","tegoba",41,"ABOGET","VLD"
242,"s2.dat",2,"t168",0,"None",NA,"pseudorec","backw","LF","conc",NA,168,"JELEP","ALD"
242,"s2.dat",2,"t168",0,"None",NA,"pseudorec","backw","LF","conc",NA,168,"ĆUMEP","VLD"
244,"s2.dat",2,"t53",0,"3",NA,"rec","backw","LF","conc","šnicla",53,"ALCINŠ","ALD"
244,"s2.dat",2,"t53",0,"3",NA,"rec","backw","LF","conc","salama",53,"AMALAS","VLD"
245,"s2.dat",2,"t225",1,"3",1051,"pseudorec","forw","LF","abst",NA,225,"BULDOF","ALD"
245,"s2.dat",2,"t225",1,"3",1051,"pseudorec","forw","LF","abst",NA,225,"TUMOČ","VLD"
246,"s2.dat",2,"t186",1,"3",1212,"pseudorec","forw","HF","abst",NA,186,"ZNALAB","ALD"
246,"s2.dat",2,"t186",1,"3",1212,"pseudorec","forw","HF","abst",NA,186,"MODUĐ","ALD"
247,"s2.dat",2,"t142",1,"3",1191,"pseudorec","backw","HF","conc",NA,142,"ZUBID","ALD"
247,"s2.dat",2,"t142",1,"3",1191,"pseudorec","backw","HF","conc",NA,142,"KEDAP","VLD"
248,"s2.dat",2,"t149",1,"3",1071,"pseudorec","backw","HF","conc",NA,149,"KINIB","ALD"
248,"s2.dat",2,"t149",1,"3",1071,"pseudorec","backw","HF","conc",NA,149,"VISAR","VLD"
249,"s2.dat",2,"t36",1,"1",1342,"rec","backw","LF","abst","idila",36,"ALIDI","ALD"
249,"s2.dat",2,"t36",1,"1",1342,"rec","backw","LF","abst","impuls",36,"SLUPMI","VLD"
250,"s2.dat",2,"t151",1,"3",1272,"pseudorec","backw","LF","abst",NA,151,"PRIZIT","ALD"
250,"s2.dat",2,"t151",1,"3",1272,"pseudorec","backw","LF","abst",NA,151,"PASAM","VLD"
251,"s2.dat",2,"t33",0,"3",NA,"rec","backw","LF","abst","opoziv",33,"VIZOPO","ALD"
251,"s2.dat",2,"t33",0,"3",NA,"rec","backw","LF","abst","renome",33,"EMONER","VLD"
252,"s2.dat",2,"t32",0,"None",NA,"rec","backw","LF","abst","gadost",32,"TSODAG","ALD"
252,"s2.dat",2,"t32",0,"None",NA,"rec","backw","LF","abst","dosluh",32,"HULSOD","VLD"
254,"s2.dat",2,"t71",1,"1",651,"rec","forw","HF","abst","slutnja",71,"SLUTNJA","ALD"
254,"s2.dat",2,"t71",1,"1",651,"rec","forw","HF","abst","razvoj",71,"RAZVOJ","VLD"
255,"s2.dat",2,"t109",1,"1",610,"rec","forw","LF","conc","kiosk",109,"KIOSK","ALD"
255,"s2.dat",2,"t109",1,"1",610,"rec","forw","LF","conc","lavor",109,"LAVOR","VLD"
256,"s2.dat",2,"t141",1,"3",1211,"pseudorec","backw","HF","conc",NA,141,"VODNIB","ALD"
256,"s2.dat",2,"t141",1,"3",1211,"pseudorec","backw","HF","conc",NA,141,"CIMEC","VLD"
257,"s2.dat",2,"t131",1,"3",1452,"pseudorec","backw","HF","abst",NA,131,"PORIG","ALD"
257,"s2.dat",2,"t131",1,"3",1452,"pseudorec","backw","HF","abst",NA,131,"PATROZ","VLD"
258,"s2.dat",2,"t49",1,"1",1092,"rec","backw","LF","conc","jarac",49,"CARAJ","ALD"
258,"s2.dat",2,"t49",1,"1",1092,"rec","backw","LF","conc","pegla",49,"ALGEP","VLD"
259,"s2.dat",2,"t77",1,"1",711,"rec","forw","HF","conc","točak",77,"TOČAK","ALD"
259,"s2.dat",2,"t77",1,"1",711,"rec","forw","HF","conc","kesten",77,"KESTEN","VLD"
260,"s2.dat",2,"t85",1,"1",972,"rec","forw","HF","conc","koleno",85,"KOLENO","ALD"
260,"s2.dat",2,"t85",1,"1",972,"rec","forw","HF","conc","pepeo",85,"PEPEO","VLD"
261,"s2.dat",2,"t15",1,"1",1242,"rec","backw","HF","abst","misao",15,"OASIM","ALD"
261,"s2.dat",2,"t15",1,"1",1242,"rec","backw","HF","abst","snaga",15,"AGANS","VLD"
262,"s2.dat",2,"t190",1,"3",1382,"pseudorec","forw","HF","abst",NA,190,"ŠVERG","ALD"
262,"s2.dat",2,"t190",1,"3",1382,"pseudorec","forw","HF","abst",NA,190,"METAT","VLD"
263,"s2.dat",2,"t58",1,"1",1081,"rec","backw","LF","conc","makaze",58,"EZAKAM","ALD"
263,"s2.dat",2,"t58",1,"1",1081,"rec","backw","LF","conc","banana",58,"ANANAB","VLD"
264,"s2.dat",2,"t101",1,"1",581,"rec","forw","LF","abst","domet",101,"DOMET","ALD"
264,"s2.dat",2,"t101",1,"1",581,"rec","forw","LF","abst","ispad",101,"ISPAD","VLD"
265,"s2.dat",2,"t133",1,"3",781,"pseudorec","backw","HF","abst",NA,133,"ŠTAPIZ","ALD"
265,"s2.dat",2,"t133",1,"3",781,"pseudorec","backw","HF","abst",NA,133,"LIRIZ","VLD"
266,"s2.dat",2,"t239",0,"None",NA,"pseudorec","forw","LF","conc",NA,239,"BIFTEM","ALD"
266,"s2.dat",2,"t239",0,"None",NA,"pseudorec","forw","LF","conc",NA,239,"RUNDOG","VLD"
268,"s2.dat",2,"t103",0,"None",NA,"rec","forw","LF","abst","fizika",103,"FIZIKA","ALD"
268,"s2.dat",2,"t103",0,"None",NA,"rec","forw","LF","abst","nedelo",103,"NEDELO","VLD"
270,"s2.dat",2,"t159",0,"1",NA,"pseudorec","backw","LF","abst",NA,159,"MALEG","ALD"
270,"s2.dat",2,"t159",0,"1",NA,"pseudorec","backw","LF","abst",NA,159,"MADAZ","VLD"
271,"s2.dat",2,"t129",0,"None",NA,"pseudorec","backw","HF","abst",NA,129,"AKTEF","ALD"
271,"s2.dat",2,"t129",0,"None",NA,"pseudorec","backw","HF","abst",NA,129,"AFEKAL","VLD"
273,"s2.dat",2,"t31",1,"1",1422,"rec","backw","LF","abst","izazov",31,"VOZAZI","ALD"
273,"s2.dat",2,"t31",1,"1",1422,"rec","backw","LF","abst","etika",31,"AKITE","VLD"
274,"s2.dat",2,"t218",1,"3",1412,"pseudorec","forw","LF","abst",NA,218,"ROVAG","ALD"
274,"s2.dat",2,"t218",1,"3",1412,"pseudorec","forw","LF","abst",NA,218,"EPITEZ","VLD"
275,"s2.dat",2,"t115",1,"1",621,"rec","forw","LF","conc","božur",115,"BOŽUR","ALD"
275,"s2.dat",2,"t115",1,"1",621,"rec","forw","LF","conc","prase",115,"PRASE","VLD"
276,"s2.dat",2,"t137",1,"3",1162,"pseudorec","backw","HF","conc",NA,137,"POLEZ","ALD"
276,"s2.dat",2,"t137",1,"3",1162,"pseudorec","backw","HF","conc",NA,137,"STICAP","VLD"
277,"s2.dat",2,"t181",1,"3",1082,"pseudorec","forw","HF","abst",NA,181,"SOMUH","ALD"
277,"s2.dat",2,"t181",1,"3",1082,"pseudorec","forw","HF","abst",NA,181,"TANIH","VLD"
278,"s2.dat",2,"t139",1,"3",1472,"pseudorec","backw","HF","conc",NA,139,"ZEJTIZ","ALD"
278,"s2.dat",2,"t139",1,"3",1472,"pseudorec","backw","HF","conc",NA,139,"HIBRIF","VLD"
279,"s2.dat",2,"t65",1,"1",772,"rec","forw","HF","abst","savest",65,"SAVEST","ALD"
279,"s2.dat",2,"t65",1,"1",772,"rec","forw","HF","abst","ideja",65,"IDEJA","VLD"
280,"s2.dat",2,"t27",1,"1",1142,"rec","backw","HF","conc","stena",27,"ANETS","ALD"
280,"s2.dat",2,"t27",1,"1",1142,"rec","backw","HF","conc","mleko",27,"OKELM","VLD"
281,"s2.dat",2,"t188",1,"3",1452,"pseudorec","forw","HF","abst",NA,188,"TENOZ","ALD"
281,"s2.dat",2,"t188",1,"3",1452,"pseudorec","forw","HF","abst",NA,188,"KOKTEZ","VLD"
282,"s2.dat",2,"t223",0,"None",NA,"pseudorec","forw","LF","abst",NA,223,"OPILJAL","ALD"
282,"s2.dat",2,"t223",0,"None",NA,"pseudorec","forw","LF","abst",NA,223,"IZOTOC","VLD"
284,"s2.dat",2,"t161",1,"3",1332,"pseudorec","backw","LF","abst",NA,161,"VASKRM","ALD"
284,"s2.dat",2,"t161",1,"3",1332,"pseudorec","backw","LF","abst",NA,161,"SVIRAZ","VLD"
285,"s2.dat",2,"t75",1,"1",681,"rec","forw","HF","abst","radost",75,"RADOST","ALD"
285,"s2.dat",2,"t75",1,"1",681,"rec","forw","HF","abst","ljubav",75,"LJUBAV","VLD"
286,"s2.dat",2,"t24",0,"3",NA,"rec","backw","HF","conc","breza",24,"AZERB","ALD"
286,"s2.dat",2,"t24",0,"3",NA,"rec","backw","HF","conc","leptir",24,"RITPEL","VLD"
287,"s2.dat",2,"t63",1,"1",771,"rec","forw","HF","abst","motiv",63,"MOTIV","ALD"
287,"s2.dat",2,"t63",1,"1",771,"rec","forw","HF","abst","celina",63,"CELINA","VLD"
288,"s2.dat",2,"t92",1,"1",992,"rec","forw","LF","abst","epitet",92,"EPITET","ALD"
288,"s2.dat",2,"t92",1,"1",992,"rec","forw","LF","abst","intima",92,"INTIMA","VLD"
289,"s2.dat",2,"t66",1,"1",601,"rec","forw","HF","abst","period",66,"PERIOD","ALD"
289,"s2.dat",2,"t66",1,"1",601,"rec","forw","HF","abst","otpor",66,"OTPOR","VLD"
1,"s3.dat",3,"t68",1,"1",671,"rec","forw","HF","abst","izraz",68,"IZRAZ","ALD"
1,"s3.dat",3,"t68",1,"1",671,"rec","forw","HF","abst","utisak",68,"UTISAK","VLD"
2,"s3.dat",3,"t23",1,"1",861,"rec","backw","HF","conc","odelo",23,"OLEDO","ALD"
2,"s3.dat",3,"t23",1,"1",861,"rec","backw","HF","conc","blato",23,"OTALB","VLD"
3,"s3.dat",3,"t113",1,"1",651,"rec","forw","LF","conc","alatka",113,"ALATKA","ALD"
3,"s3.dat",3,"t113",1,"1",651,"rec","forw","LF","conc","zebra",113,"ZEBRA","VLD"
4,"s3.dat",3,"t146",1,"3",761,"pseudorec","backw","HF","conc",NA,146,"FOSIK","ALD"
4,"s3.dat",3,"t146",1,"3",761,"pseudorec","backw","HF","conc",NA,146,"DRIPAG","VLD"
5,"s3.dat",3,"t199",1,"3",991,"pseudorec","forw","HF","conc",NA,199,"BORDEP","ALD"
5,"s3.dat",3,"t199",1,"3",991,"pseudorec","forw","HF","conc",NA,199,"KLIPAĆ","VLD"
6,"s3.dat",3,"t40",0,"3",NA,"rec","backw","LF","abst","aspekt",40,"TKEPSA","ALD"
6,"s3.dat",3,"t40",0,"3",NA,"rec","backw","LF","abst","revolt",40,"TLOVER","VLD"
7,"s3.dat",3,"t183",1,"3",821,"pseudorec","forw","HF","abst",NA,183,"POGAJ","ALD"
7,"s3.dat",3,"t183",1,"3",821,"pseudorec","forw","HF","abst",NA,183,"GURMAB","VLD"
8,"s3.dat",3,"t18",0,"3",NA,"rec","backw","HF","conc","brašno",18,"ONŠARB","ALD"
8,"s3.dat",3,"t18",0,"3",NA,"rec","backw","HF","conc","sanduk",18,"KUDNAS","VLD"
9,"s3.dat",3,"t65",1,"1",501,"rec","forw","HF","abst","savest",65,"SAVEST","ALD"
9,"s3.dat",3,"t65",1,"1",501,"rec","forw","HF","abst","ideja",65,"IDEJA","VLD"
10,"s3.dat",3,"t141",1,"3",842,"pseudorec","backw","HF","conc",NA,141,"VODNIB","ALD"
10,"s3.dat",3,"t141",1,"3",842,"pseudorec","backw","HF","conc",NA,141,"CIMEC","VLD"
11,"s3.dat",3,"t97",0,"3",NA,"rec","forw","LF","abst","bruka",97,"BRUKA","ALD"
11,"s3.dat",3,"t97",0,"3",NA,"rec","forw","LF","abst","manjak",97,"MANJAK","VLD"
12,"s3.dat",3,"t31",0,"3",NA,"rec","backw","LF","abst","izazov",31,"VOZAZI","ALD"
12,"s3.dat",3,"t31",0,"3",NA,"rec","backw","LF","abst","etika",31,"AKITE","VLD"
13,"s3.dat",3,"t220",1,"3",821,"pseudorec","forw","LF","abst",NA,220,"PERAĐ","ALD"
13,"s3.dat",3,"t220",1,"3",821,"pseudorec","forw","LF","abst",NA,220,"BUMBAG","VLD"
14,"s3.dat",3,"t15",1,"1",1282,"rec","backw","HF","abst","misao",15,"OASIM","ALD"
14,"s3.dat",3,"t15",1,"1",1282,"rec","backw","HF","abst","snaga",15,"AGANS","VLD"
15,"s3.dat",3,"t98",1,"1",621,"rec","forw","LF","abst","slanje",98,"SLANJE","ALD"
15,"s3.dat",3,"t98",1,"1",621,"rec","forw","LF","abst","užitak",98,"UŽITAK","VLD"
16,"s3.dat",3,"t103",1,"1",981,"rec","forw","LF","abst","fizika",103,"FIZIKA","ALD"
16,"s3.dat",3,"t103",1,"1",981,"rec","forw","LF","abst","nedelo",103,"NEDELO","VLD"
17,"s3.dat",3,"t32",0,"3",NA,"rec","backw","LF","abst","gadost",32,"TSODAG","ALD"
17,"s3.dat",3,"t32",0,"3",NA,"rec","backw","LF","abst","dosluh",32,"HULSOD","VLD"
18,"s3.dat",3,"t59",1,"1",1152,"rec","backw","LF","conc","delfin",59,"NIFLED","ALD"
18,"s3.dat",3,"t59",1,"1",1152,"rec","backw","LF","conc","papuča",59,"AČUPAP","VLD"
19,"s3.dat",3,"t151",1,"3",1272,"pseudorec","backw","LF","abst",NA,151,"PRIZIT","ALD"
19,"s3.dat",3,"t151",1,"3",1272,"pseudorec","backw","LF","abst",NA,151,"PASAM","VLD"
20,"s3.dat",3,"t158",0,"None",NA,"pseudorec","backw","LF","abst",NA,158,"KAJAC","ALD"
20,"s3.dat",3,"t158",0,"None",NA,"pseudorec","backw","LF","abst",NA,158,"ĆEVAK","VLD"
22,"s3.dat",3,"t76",1,"1",581,"rec","forw","HF","conc","tepih",76,"TEPIH","ALD"
22,"s3.dat",3,"t76",1,"1",581,"rec","forw","HF","conc","sapun",76,"SAPUN","VLD"
23,"s3.dat",3,"t24",0,"3",NA,"rec","backw","HF","conc","breza",24,"AZERB","ALD"
23,"s3.dat",3,"t24",0,"3",NA,"rec","backw","HF","conc","leptir",24,"RITPEL","VLD"
24,"s3.dat",3,"t138",1,"3",962,"pseudorec","backw","HF","conc",NA,138,"MAGNEG","ALD"
24,"s3.dat",3,"t138",1,"3",962,"pseudorec","backw","HF","conc",NA,138,"KAPLAB","VLD"
25,"s3.dat",3,"t240",1,"3",761,"pseudorec","forw","LF","conc",NA,240,"VOSKAB","ALD"
25,"s3.dat",3,"t240",1,"3",761,"pseudorec","forw","LF","conc",NA,240,"TRILEN","VLD"
26,"s3.dat",3,"t163",0,"None",NA,"pseudorec","backw","LF","abst",NA,163,"BERBET","ALD"
26,"s3.dat",3,"t163",0,"None",NA,"pseudorec","backw","LF","abst",NA,163,"PRESEB","VLD"
28,"s3.dat",3,"t130",1,"3",1222,"pseudorec","backw","HF","abst",NA,130,"REPTIK","ALD"
28,"s3.dat",3,"t130",1,"3",1222,"pseudorec","backw","HF","abst",NA,130,"POVEJ","VLD"
29,"s3.dat",3,"t189",1,"3",871,"pseudorec","forw","HF","abst",NA,189,"LOGOK","ALD"
29,"s3.dat",3,"t189",1,"3",871,"pseudorec","forw","HF","abst",NA,189,"BEĆAŠ","VLD"
30,"s3.dat",3,"t179",1,"3",861,"pseudorec","backw","LF","conc",NA,179,"PETLIR","ALD"
30,"s3.dat",3,"t179",1,"3",861,"pseudorec","backw","LF","conc",NA,179,"KANTAC","VLD"
31,"s3.dat",3,"t135",0,"1",NA,"pseudorec","backw","HF","abst",NA,135,"LEMUK","ALD"
31,"s3.dat",3,"t135",0,"1",NA,"pseudorec","backw","HF","abst",NA,135,"FALUČ","VLD"
32,"s3.dat",3,"t10",0,"3",NA,"rec","backw","HF","abst","značaj",10,"JAČANZ","ALD"
32,"s3.dat",3,"t10",0,"3",NA,"rec","backw","HF","abst","svest",10,"TSEVS","VLD"
33,"s3.dat",3,"t64",1,"1",551,"rec","forw","HF","abst","pretnja",64,"PRETNJA","ALD"
33,"s3.dat",3,"t64",1,"1",551,"rec","forw","HF","abst","milost",64,"MILOST","VLD"
34,"s3.dat",3,"t206",1,"3",912,"pseudorec","forw","HF","conc",NA,206,"GLUPAR","ALD"
34,"s3.dat",3,"t206",1,"3",912,"pseudorec","forw","HF","conc",NA,206,"ARHID","VLD"
35,"s3.dat",3,"t145",0,"1",NA,"pseudorec","backw","HF","conc",NA,145,"TREZOB","ALD"
35,"s3.dat",3,"t145",0,"1",NA,"pseudorec","backw","HF","conc",NA,145,"HAMEŠ","VLD"
36,"s3.dat",3,"t91",1,"1",620,"rec","forw","LF","abst","ucena",91,"UCENA","ALD"
36,"s3.dat",3,"t91",1,"1",620,"rec","forw","LF","abst","naboj",91,"NABOJ","VLD"
37,"s3.dat",3,"t239",1,"3",981,"pseudorec","forw","LF","conc",NA,239,"BIFTEM","ALD"
37,"s3.dat",3,"t239",1,"3",981,"pseudorec","forw","LF","conc",NA,239,"RUNDOG","VLD"
38,"s3.dat",3,"t233",1,"3",661,"pseudorec","forw","LF","conc",NA,233,"DRZNIL","ALD"
38,"s3.dat",3,"t233",1,"3",661,"pseudorec","forw","LF","conc",NA,233,"NAMAG","VLD"
39,"s3.dat",3,"t96",0,"3",NA,"rec","forw","LF","abst","nerad",96,"NERAD","ALD"
39,"s3.dat",3,"t96",0,"3",NA,"rec","forw","LF","abst","elita",96,"ELITA","VLD"
40,"s3.dat",3,"t79",1,"1",460,"rec","forw","HF","conc","marama",79,"MARAMA","ALD"
40,"s3.dat",3,"t79",1,"1",460,"rec","forw","HF","conc","kolica",79,"KOLICA","VLD"
41,"s3.dat",3,"t187",1,"3",821,"pseudorec","forw","HF","abst",NA,187,"RASKIŠ","ALD"
41,"s3.dat",3,"t187",1,"3",821,"pseudorec","forw","HF","abst",NA,187,"VEŠTAB","VLD"
42,"s3.dat",3,"t26",0,"3",NA,"rec","backw","HF","conc","zmija",26,"AJIMZ","ALD"
42,"s3.dat",3,"t26",0,"3",NA,"rec","backw","HF","conc","jablan",26,"NALBAJ","VLD"
43,"s3.dat",3,"t36",0,"None",NA,"rec","backw","LF","abst","idila",36,"ALIDI","ALD"
43,"s3.dat",3,"t36",0,"None",NA,"rec","backw","LF","abst","impuls",36,"SLUPMI","VLD"
45,"s3.dat",3,"t181",0,"None",NA,"pseudorec","forw","HF","abst",NA,181,"SOMUH","ALD"
45,"s3.dat",3,"t181",0,"None",NA,"pseudorec","forw","HF","abst",NA,181,"TANIH","VLD"
47,"s3.dat",3,"t207",1,"3",932,"pseudorec","forw","HF","conc",NA,207,"ZAREM","ALD"
47,"s3.dat",3,"t207",1,"3",932,"pseudorec","forw","HF","conc",NA,207,"BONTOZ","VLD"
48,"s3.dat",3,"t177",1,"3",1182,"pseudorec","backw","LF","conc",NA,177,"JERED","ALD"
48,"s3.dat",3,"t177",1,"3",1182,"pseudorec","backw","LF","conc",NA,177,"MELED","VLD"
49,"s3.dat",3,"t204",1,"3",1071,"pseudorec","forw","HF","conc",NA,204,"LENJIZ","ALD"
49,"s3.dat",3,"t204",1,"3",1071,"pseudorec","forw","HF","conc",NA,204,"BILIOD","VLD"
50,"s3.dat",3,"t9",0,"3",NA,"rec","backw","HF","abst","mašta",9,"ATŠAM","ALD"
50,"s3.dat",3,"t9",0,"3",NA,"rec","backw","HF","abst","razlog",9,"GOLZAR","VLD"
51,"s3.dat",3,"t56",0,"None",NA,"rec","backw","LF","conc","sirće",56,"EĆRIS","ALD"
51,"s3.dat",3,"t56",0,"None",NA,"rec","backw","LF","conc","kobra",56,"ARBOK","VLD"
53,"s3.dat",3,"t127",1,"3",801,"pseudorec","backw","HF","abst",NA,127,"JAJNIL","ALD"
53,"s3.dat",3,"t127",1,"3",801,"pseudorec","backw","HF","abst",NA,127,"RATLUZ","VLD"
54,"s3.dat",3,"t101",1,"1",511,"rec","forw","LF","abst","domet",101,"DOMET","ALD"
54,"s3.dat",3,"t101",1,"1",511,"rec","forw","LF","abst","ispad",101,"ISPAD","VLD"
55,"s3.dat",3,"t209",1,"3",901,"pseudorec","forw","HF","conc",NA,209,"ARGOP","ALD"
55,"s3.dat",3,"t209",1,"3",901,"pseudorec","forw","HF","conc",NA,209,"HARAK","VLD"
56,"s3.dat",3,"t176",1,"3",961,"pseudorec","backw","LF","conc",NA,176,"PUTEF","ALD"
56,"s3.dat",3,"t176",1,"3",961,"pseudorec","backw","LF","conc",NA,176,"NAGIR","VLD"
57,"s3.dat",3,"t43",0,"3",NA,"rec","backw","LF","abst","požuda",43,"ADUŽOP","ALD"
57,"s3.dat",3,"t43",0,"3",NA,"rec","backw","LF","abst","namena",43,"ANEMAN","VLD"
58,"s3.dat",3,"t218",1,"3",791,"pseudorec","forw","LF","abst",NA,218,"ROVAG","ALD"
58,"s3.dat",3,"t218",1,"3",791,"pseudorec","forw","LF","abst",NA,218,"EPITEZ","VLD"
59,"s3.dat",3,"t152",1,"3",1062,"pseudorec","backw","LF","abst",NA,152,"KAJMAR","ALD"
59,"s3.dat",3,"t152",1,"3",1062,"pseudorec","backw","LF","abst",NA,152,"VEŠTAP","VLD"
60,"s3.dat",3,"t3",0,"3",NA,"rec","backw","HF","abst","kriza",3,"AZIRK","ALD"
60,"s3.dat",3,"t3",0,"3",NA,"rec","backw","HF","abst","uticaj",3,"JACITU","VLD"
61,"s3.dat",3,"t21",1,"1",1201,"rec","backw","HF","conc","kapija",21,"AJIPAK","ALD"
61,"s3.dat",3,"t21",1,"1",1201,"rec","backw","HF","conc","galeb",21,"BELAG","VLD"
62,"s3.dat",3,"t211",1,"3",1021,"pseudorec","forw","LF","abst",NA,211,"KEPEN","ALD"
62,"s3.dat",3,"t211",1,"3",1021,"pseudorec","forw","LF","abst",NA,211,"FLUOŠ","VLD"
63,"s3.dat",3,"t164",1,"3",1042,"pseudorec","backw","LF","abst",NA,164,"SULTAK","ALD"
63,"s3.dat",3,"t164",1,"3",1042,"pseudorec","backw","LF","abst",NA,164,"BILTEG","VLD"
64,"s3.dat",3,"t123",1,"3",1132,"pseudorec","backw","HF","abst",NA,123,"TIGAŠ","ALD"
64,"s3.dat",3,"t123",1,"3",1132,"pseudorec","backw","HF","abst",NA,123,"NEUKUD","VLD"
65,"s3.dat",3,"t73",1,"1",491,"rec","forw","HF","abst","zakon",73,"ZAKON","ALD"
65,"s3.dat",3,"t73",1,"1",491,"rec","forw","HF","abst","istina",73,"ISTINA","VLD"
66,"s3.dat",3,"t16",0,"3",NA,"rec","backw","HF","conc","jagoda",16,"ADOGAJ","ALD"
66,"s3.dat",3,"t16",0,"3",NA,"rec","backw","HF","conc","kutija",16,"AJITUK","VLD"
67,"s3.dat",3,"t110",1,"1",792,"rec","forw","LF","conc","ranac",110,"RANAC","ALD"
67,"s3.dat",3,"t110",1,"1",792,"rec","forw","LF","conc","kliker",110,"KLIKER","VLD"
68,"s3.dat",3,"t227",1,"3",1031,"pseudorec","forw","LF","conc",NA,227,"CIMEČ","ALD"
68,"s3.dat",3,"t227",1,"3",1031,"pseudorec","forw","LF","conc",NA,227,"VITALJ","VLD"
69,"s3.dat",3,"t228",1,"3",1011,"pseudorec","forw","LF","conc",NA,228,"ULKUG","ALD"
69,"s3.dat",3,"t228",1,"3",1011,"pseudorec","forw","LF","conc",NA,228,"FLANEG","VLD"
70,"s3.dat",3,"t214",1,"3",882,"pseudorec","forw","LF","abst",NA,214,"PITOR","ALD"
70,"s3.dat",3,"t214",1,"3",882,"pseudorec","forw","LF","abst",NA,214,"PIJAD","VLD"
71,"s3.dat",3,"t83",1,"1",581,"rec","forw","HF","conc","klupa",83,"KLUPA","ALD"
71,"s3.dat",3,"t83",1,"1",581,"rec","forw","HF","conc","zavesa",83,"ZAVESA","VLD"
72,"s3.dat",3,"t42",0,"3",NA,"rec","backw","LF","abst","ruglo",42,"OLGUR","ALD"
72,"s3.dat",3,"t42",0,"3",NA,"rec","backw","LF","abst","zamor",42,"ROMAZ","VLD"
73,"s3.dat",3,"t222",1,"3",1071,"pseudorec","forw","LF","abst",NA,222,"BAROL","ALD"
73,"s3.dat",3,"t222",1,"3",1071,"pseudorec","forw","LF","abst",NA,222,"TREGEN","VLD"
74,"s3.dat",3,"t193",1,"3",1322,"pseudorec","forw","HF","abst",NA,193,"JARAT","ALD"
74,"s3.dat",3,"t193",1,"3",1322,"pseudorec","forw","HF","abst",NA,193,"PROLOZ","VLD"
75,"s3.dat",3,"t137",1,"3",831,"pseudorec","backw","HF","conc",NA,137,"POLEZ","ALD"
75,"s3.dat",3,"t137",1,"3",831,"pseudorec","backw","HF","conc",NA,137,"STICAP","VLD"
76,"s3.dat",3,"t116",0,"3",NA,"rec","forw","LF","conc","konjak",116,"KONJAK","ALD"
76,"s3.dat",3,"t116",0,"3",NA,"rec","forw","LF","conc","čaplja",116,"ČAPLJA","VLD"
77,"s3.dat",3,"t221",0,"1",NA,"pseudorec","forw","LF","abst",NA,221,"KVARŠ","ALD"
77,"s3.dat",3,"t221",0,"1",NA,"pseudorec","forw","LF","abst",NA,221,"CELEP","VLD"
78,"s3.dat",3,"t191",1,"3",871,"pseudorec","forw","HF","abst",NA,191,"BAMBUK","ALD"
78,"s3.dat",3,"t191",1,"3",871,"pseudorec","forw","HF","abst",NA,191,"VERMUJ","VLD"
79,"s3.dat",3,"t185",1,"3",1052,"pseudorec","forw","HF","abst",NA,185,"FARMET","ALD"
79,"s3.dat",3,"t185",1,"3",1052,"pseudorec","forw","HF","abst",NA,185,"RABIĐ","ALD"
80,"s3.dat",3,"t230",1,"3",1422,"pseudorec","forw","LF","conc",NA,230,"CINIB","ALD"
80,"s3.dat",3,"t230",1,"3",1422,"pseudorec","forw","LF","conc",NA,230,"KONZUP","VLD"
81,"s3.dat",3,"t172",1,"3",1492,"pseudorec","backw","LF","conc",NA,172,"MASEF","ALD"
81,"s3.dat",3,"t172",1,"3",1492,"pseudorec","backw","LF","conc",NA,172,"LIMIR","VLD"
82,"s3.dat",3,"t61",1,"1",911,"rec","forw","HF","abst","nemoć",61,"NEMOĆ","ALD"
82,"s3.dat",3,"t61",1,"1",911,"rec","forw","HF","abst","sudba",61,"SUDBA","VLD"
83,"s3.dat",3,"t81",1,"1",530,"rec","forw","HF","conc","strela",81,"STRELA","ALD"
83,"s3.dat",3,"t81",1,"1",530,"rec","forw","HF","conc","kamion",81,"KAMION","VLD"
84,"s3.dat",3,"t38",0,"3",NA,"rec","backw","LF","abst","afera",38,"AREFA","ALD"
84,"s3.dat",3,"t38",0,"3",NA,"rec","backw","LF","abst","dogma",38,"AMGOD","VLD"
85,"s3.dat",3,"t147",1,"3",1202,"pseudorec","backw","HF","conc",NA,147,"PATAR","ALD"
85,"s3.dat",3,"t147",1,"3",1202,"pseudorec","backw","HF","conc",NA,147,"VELUT","VLD"
86,"s3.dat",3,"t229",1,"3",1062,"pseudorec","forw","LF","conc",NA,229,"REBUL","ALD"
86,"s3.dat",3,"t229",1,"3",1062,"pseudorec","forw","LF","conc",NA,229,"NABOH","VLD"
87,"s3.dat",3,"t165",1,"3",1232,"pseudorec","backw","LF","abst",NA,165,"KARMIG","ALD"
87,"s3.dat",3,"t165",1,"3",1232,"pseudorec","backw","LF","abst",NA,165,"SIRUL","VLD"
88,"s3.dat",3,"t210",1,"3",972,"pseudorec","forw","HF","conc",NA,210,"GORAZ","ALD"
88,"s3.dat",3,"t210",1,"3",972,"pseudorec","forw","HF","conc",NA,210,"SATEP","VLD"
89,"s3.dat",3,"t208",1,"3",871,"pseudorec","forw","HF","conc",NA,208,"GREJAP","ALD"
89,"s3.dat",3,"t208",1,"3",871,"pseudorec","forw","HF","conc",NA,208,"TIKEN","VLD"
90,"s3.dat",3,"t128",1,"3",851,"pseudorec","backw","HF","abst",NA,128,"TAJGUP","ALD"
90,"s3.dat",3,"t128",1,"3",851,"pseudorec","backw","HF","abst",NA,128,"MASLAB","VLD"
91,"s3.dat",3,"t66",1,"1",771,"rec","forw","HF","abst","period",66,"PERIOD","ALD"
91,"s3.dat",3,"t66",1,"1",771,"rec","forw","HF","abst","otpor",66,"OTPOR","VLD"
92,"s3.dat",3,"t175",1,"3",951,"pseudorec","backw","LF","conc",NA,175,"UDOVAL","ALD"
92,"s3.dat",3,"t175",1,"3",951,"pseudorec","backw","LF","conc",NA,175,"AKCENAŠ","VLD"
93,"s3.dat",3,"t232",1,"3",1212,"pseudorec","forw","LF","conc",NA,232,"TOALEB","ALD"
93,"s3.dat",3,"t232",1,"3",1212,"pseudorec","forw","LF","conc",NA,232,"FAZOR","VLD"
94,"s3.dat",3,"t67",1,"1",1392,"rec","forw","HF","abst","sezona",67,"SEZONA","ALD"
94,"s3.dat",3,"t67",1,"1",1392,"rec","forw","HF","abst","propis",67,"PROPIS","VLD"
95,"s3.dat",3,"t236",1,"3",1012,"pseudorec","forw","LF","conc",NA,236,"UMNJAF","ALD"
95,"s3.dat",3,"t236",1,"3",1012,"pseudorec","forw","LF","conc",NA,236,"HR~AN","ALD"
96,"s3.dat",3,"t45",0,"3",NA,"rec","backw","LF","abst","pakost",45,"TSOKAP","ALD"
96,"s3.dat",3,"t45",0,"3",NA,"rec","backw","LF","abst","ishod",45,"DOHSI","VLD"
97,"s3.dat",3,"t17",0,"None",NA,"rec","backw","HF","conc","čekić",17,"ĆIKEČ","ALD"
97,"s3.dat",3,"t17",0,"None",NA,"rec","backw","HF","conc","smokva",17,"AVKOMS","VLD"
99,"s3.dat",3,"t133",1,"3",1061,"pseudorec","backw","HF","abst",NA,133,"ŠTAPIZ","ALD"
99,"s3.dat",3,"t133",1,"3",1061,"pseudorec","backw","HF","abst",NA,133,"LIRIZ","VLD"
100,"s3.dat",3,"t148",0,"None",NA,"pseudorec","backw","HF","conc",NA,148,"PRELER","ALD"
100,"s3.dat",3,"t148",0,"None",NA,"pseudorec","backw","HF","conc",NA,148,"BAZAP","VLD"
102,"s3.dat",3,"t107",1,"1",861,"rec","forw","LF","conc","sarma",107,"SARMA","ALD"
102,"s3.dat",3,"t107",1,"1",861,"rec","forw","LF","conc","čioda",107,"ČIODA","VLD"
103,"s3.dat",3,"t168",1,"3",851,"pseudorec","backw","LF","conc",NA,168,"JELEP","ALD"
103,"s3.dat",3,"t168",1,"3",851,"pseudorec","backw","LF","conc",NA,168,"ĆUMEP","VLD"
104,"s3.dat",3,"t178",1,"3",901,"pseudorec","backw","LF","conc",NA,178,"MANGUD","ALD"
104,"s3.dat",3,"t178",1,"3",901,"pseudorec","backw","LF","conc",NA,178,"STALAV","VLD"
105,"s3.dat",3,"t88",1,"1",581,"rec","forw","HF","conc","zgrada",88,"ZGRADA","ALD"
105,"s3.dat",3,"t88",1,"1",581,"rec","forw","HF","conc","knjiga",88,"KNJIGA","VLD"
106,"s3.dat",3,"t114",1,"1",641,"rec","forw","LF","conc","biber",114,"BIBER","ALD"
106,"s3.dat",3,"t114",1,"1",641,"rec","forw","LF","conc","liker",114,"LIKER","VLD"
107,"s3.dat",3,"t119",1,"1",611,"rec","forw","LF","conc","flauta",119,"FLAUTA","ALD"
107,"s3.dat",3,"t119",1,"1",611,"rec","forw","LF","conc","kecelja",119,"KECELJA","VLD"
108,"s3.dat",3,"t131",1,"3",721,"pseudorec","backw","HF","abst",NA,131,"PORIG","ALD"
108,"s3.dat",3,"t131",1,"3",721,"pseudorec","backw","HF","abst",NA,131,"PATROZ","VLD"
109,"s3.dat",3,"t57",0,"3",NA,"rec","backw","LF","conc","ekser",57,"RESKE","ALD"
109,"s3.dat",3,"t57",0,"3",NA,"rec","backw","LF","conc","kokos",57,"SOKOK","VLD"
110,"s3.dat",3,"t182",1,"3",1072,"pseudorec","forw","HF","abst",NA,182,"CVETIL","ALD"
110,"s3.dat",3,"t182",1,"3",1072,"pseudorec","forw","HF","abst",NA,182,"DOLAŠ","VLD"
111,"s3.dat",3,"t102",1,"1",661,"rec","forw","LF","abst","ljutnja",102,"LJUTNJA","ALD"
111,"s3.dat",3,"t102",1,"1",661,"rec","forw","LF","abst","profit",102,"PROFIT","VLD"
112,"s3.dat",3,"t120",1,"1",591,"rec","forw","LF","conc","krljušt",120,"KRLJUŠT","ALD"
112,"s3.dat",3,"t120",1,"1",591,"rec","forw","LF","conc","olovka",120,"OLOVKA","VLD"
113,"s3.dat",3,"t58",0,"3",NA,"rec","backw","LF","conc","makaze",58,"EZAKAM","ALD"
113,"s3.dat",3,"t58",0,"3",NA,"rec","backw","LF","conc","banana",58,"ANANAB","VLD"
114,"s3.dat",3,"t112",1,"1",510,"rec","forw","LF","conc","zvečka",112,"ZVEČKA","ALD"
114,"s3.dat",3,"t112",1,"1",510,"rec","forw","LF","conc","torta",112,"TORTA","VLD"
115,"s3.dat",3,"t84",1,"1",550,"rec","forw","HF","conc","sveća",84,"SVEĆA","ALD"
115,"s3.dat",3,"t84",1,"1",550,"rec","forw","HF","conc","školjka",84,"ŠKOLJKA","VLD"
116,"s3.dat",3,"t100",1,"1",530,"rec","forw","LF","abst","trpnja",100,"TRPNJA","ALD"
116,"s3.dat",3,"t100",1,"1",530,"rec","forw","LF","abst","raspon",100,"RASPON","VLD"
117,"s3.dat",3,"t202",1,"3",1312,"pseudorec","forw","HF","conc",NA,202,"ŠTANK","ALD"
117,"s3.dat",3,"t202",1,"3",1312,"pseudorec","forw","HF","conc",NA,202,"PANTEK","VLD"
118,"s3.dat",3,"t140",1,"3",781,"pseudorec","backw","HF","conc",NA,140,"LUKSUR","ALD"
118,"s3.dat",3,"t140",1,"3",781,"pseudorec","backw","HF","conc",NA,140,"UZGOT","VLD"
119,"s3.dat",3,"t11",0,"3",NA,"rec","backw","HF","abst","zanos",11,"SONAZ","ALD"
119,"s3.dat",3,"t11",0,"3",NA,"rec","backw","HF","abst","smisao",11,"OASIMS","VLD"
120,"s3.dat",3,"t85",1,"1",831,"rec","forw","HF","conc","koleno",85,"KOLENO","ALD"
120,"s3.dat",3,"t85",1,"1",831,"rec","forw","HF","conc","pepeo",85,"PEPEO","VLD"
121,"s3.dat",3,"t60",0,"None",NA,"rec","backw","LF","conc","parket",60,"TEKRAP","ALD"
121,"s3.dat",3,"t60",0,"None",NA,"rec","backw","LF","conc","lopata",60,"ATAPOL","VLD"
123,"s3.dat",3,"t7",0,"None",NA,"rec","backw","HF","abst","proces",7,"SECORP","ALD"
123,"s3.dat",3,"t7",0,"None",NA,"rec","backw","HF","abst","korist",7,"TSIROK","VLD"
125,"s3.dat",3,"t126",0,"None",NA,"pseudorec","backw","HF","abst",NA,126,"KANAZ","ALD"
125,"s3.dat",3,"t126",0,"None",NA,"pseudorec","backw","HF","abst",NA,126,"FELJTOZ","VLD"
127,"s3.dat",3,"t29",0,"3",NA,"rec","backw","HF","conc","kamen",29,"NEMAK","ALD"
127,"s3.dat",3,"t29",0,"3",NA,"rec","backw","HF","conc","cveće",29,"EĆEVC","VLD"
128,"s3.dat",3,"t62",1,"1",1192,"rec","forw","HF","abst","izdaja",62,"IZDAJA","ALD"
128,"s3.dat",3,"t62",1,"1",1192,"rec","forw","HF","abst","uzrok",62,"UZROK","VLD"
129,"s3.dat",3,"t99",1,"1",681,"rec","forw","LF","abst","otkaz",99,"OTKAZ","ALD"
129,"s3.dat",3,"t99",1,"1",681,"rec","forw","LF","abst","zakup",99,"ZAKUP","VLD"
130,"s3.dat",3,"t54",0,"3",NA,"rec","backw","LF","conc","klovn",54,"NVOLK","ALD"
130,"s3.dat",3,"t54",0,"3",NA,"rec","backw","LF","conc","štuka",54,"AKUTŠ","VLD"
131,"s3.dat",3,"t171",0,"1",NA,"pseudorec","backw","LF","conc",NA,171,"OTKLOR","ALD"
131,"s3.dat",3,"t171",0,"1",NA,"pseudorec","backw","LF","conc",NA,171,"FOKUJ","VLD"
132,"s3.dat",3,"t55",0,"None",NA,"rec","backw","LF","conc","zumbul",55,"LUBMUZ","ALD"
132,"s3.dat",3,"t55",0,"None",NA,"rec","backw","LF","conc","kaktus",55,"SUTKAK","VLD"
134,"s3.dat",3,"t52",1,"1",1021,"rec","backw","LF","conc","šunka",52,"AKNUŠ","ALD"
134,"s3.dat",3,"t52",1,"1",1021,"rec","backw","LF","conc","fazan",52,"NAZAF","VLD"
135,"s3.dat",3,"t115",1,"1",580,"rec","forw","LF","conc","božur",115,"BOŽUR","ALD"
135,"s3.dat",3,"t115",1,"1",580,"rec","forw","LF","conc","prase",115,"PRASE","VLD"
136,"s3.dat",3,"t106",1,"1",581,"rec","forw","LF","conc","jogurt",106,"JOGURT","ALD"
136,"s3.dat",3,"t106",1,"1",581,"rec","forw","LF","conc","kengur",106,"KENGUR","VLD"
137,"s3.dat",3,"t201",1,"3",1352,"pseudorec","forw","HF","conc",NA,201,"CIKLOP","ALD"
137,"s3.dat",3,"t201",1,"3",1352,"pseudorec","forw","HF","conc",NA,201,"DESPON","VLD"
138,"s3.dat",3,"t150",1,"3",731,"pseudorec","backw","HF","conc",NA,150,"REKEB","ALD"
138,"s3.dat",3,"t150",1,"3",731,"pseudorec","backw","HF","conc",NA,150,"FLUIŠ","VLD"
139,"s3.dat",3,"t72",1,"1",471,"rec","forw","HF","abst","uslov",72,"USLOV","ALD"
139,"s3.dat",3,"t72",1,"1",471,"rec","forw","HF","abst","uspeh",72,"USPEH","VLD"
140,"s3.dat",3,"t223",1,"3",922,"pseudorec","forw","LF","abst",NA,223,"OPILJAL","ALD"
140,"s3.dat",3,"t223",1,"3",922,"pseudorec","forw","LF","abst",NA,223,"IZOTOC","VLD"
141,"s3.dat",3,"t192",1,"3",681,"pseudorec","forw","HF","abst",NA,192,"OMLEZ","ALD"
141,"s3.dat",3,"t192",1,"3",681,"pseudorec","forw","HF","abst",NA,192,"IRVAB","VLD"
142,"s3.dat",3,"t129",1,"3",1012,"pseudorec","backw","HF","abst",NA,129,"AKTEF","ALD"
142,"s3.dat",3,"t129",1,"3",1012,"pseudorec","backw","HF","abst",NA,129,"AFEKAL","VLD"
143,"s3.dat",3,"t90",1,"1",491,"rec","forw","HF","conc","grana",90,"GRANA","ALD"
143,"s3.dat",3,"t90",1,"1",491,"rec","forw","HF","conc","ptica",90,"PTICA","VLD"
144,"s3.dat",3,"t74",1,"1",541,"rec","forw","HF","abst","sreća",74,"SREĆA","ALD"
144,"s3.dat",3,"t74",1,"1",541,"rec","forw","HF","abst","odnos",74,"ODNOS","VLD"
145,"s3.dat",3,"t157",1,"3",802,"pseudorec","backw","LF","abst",NA,157,"TITAČ","ALD"
145,"s3.dat",3,"t157",1,"3",802,"pseudorec","backw","LF","abst",NA,157,"ŠAPTAK","VLD"
146,"s3.dat",3,"t41",0,"3",NA,"rec","backw","LF","abst","status",41,"SUTATS","ALD"
146,"s3.dat",3,"t41",0,"3",NA,"rec","backw","LF","abst","tegoba",41,"ABOGET","VLD"
147,"s3.dat",3,"t134",1,"3",731,"pseudorec","backw","HF","abst",NA,134,"DIZEB","ALD"
147,"s3.dat",3,"t134",1,"3",731,"pseudorec","backw","HF","abst",NA,134,"LOTOG","VLD"
148,"s3.dat",3,"t215",1,"3",802,"pseudorec","forw","LF","abst",NA,215,"OPOZIN","ALD"
148,"s3.dat",3,"t215",1,"3",802,"pseudorec","forw","LF","abst",NA,215,"PO~EF","ALD"
149,"s3.dat",3,"t95",1,"1",691,"rec","forw","LF","abst","apsurd",95,"APSURD","ALD"
149,"s3.dat",3,"t95",1,"1",691,"rec","forw","LF","abst","opseg",95,"OPSEG","VLD"
150,"s3.dat",3,"t109",1,"1",741,"rec","forw","LF","conc","kiosk",109,"KIOSK","ALD"
150,"s3.dat",3,"t109",1,"1",741,"rec","forw","LF","conc","lavor",109,"LAVOR","VLD"
151,"s3.dat",3,"t190",1,"3",931,"pseudorec","forw","HF","abst",NA,190,"ŠVERG","ALD"
151,"s3.dat",3,"t190",1,"3",931,"pseudorec","forw","HF","abst",NA,190,"METAT","VLD"
152,"s3.dat",3,"t44",0,"3",NA,"rec","backw","LF","abst","zaplet",44,"TELPAZ","ALD"
152,"s3.dat",3,"t44",0,"3",NA,"rec","backw","LF","abst","sujeta",44,"ATEJUS","VLD"
153,"s3.dat",3,"t30",0,"3",NA,"rec","backw","HF","conc","glava",30,"AVALG","ALD"
153,"s3.dat",3,"t30",0,"3",NA,"rec","backw","HF","conc","trava",30,"AVART","VLD"
154,"s3.dat",3,"t195",1,"3",1162,"pseudorec","forw","HF","abst",NA,195,"SVEKAN","ALD"
154,"s3.dat",3,"t195",1,"3",1162,"pseudorec","forw","HF","abst",NA,195,"TOTEK","VLD"
155,"s3.dat",3,"t156",1,"3",871,"pseudorec","backw","LF","abst",NA,156,"MINUR","ALD"
155,"s3.dat",3,"t156",1,"3",871,"pseudorec","backw","LF","abst",NA,156,"PUDINC","VLD"
156,"s3.dat",3,"t167",1,"3",902,"pseudorec","backw","LF","conc",NA,167,"KOMFON","ALD"
156,"s3.dat",3,"t167",1,"3",902,"pseudorec","backw","LF","conc",NA,167,"KARBOZ","VLD"
157,"s3.dat",3,"t217",0,"None",NA,"pseudorec","forw","LF","abst",NA,217,"SERUP","ALD"
157,"s3.dat",3,"t217",0,"None",NA,"pseudorec","forw","LF","abst",NA,217,"REZAG","VLD"
159,"s3.dat",3,"t28",0,"3",NA,"rec","backw","HF","conc","livada",28,"ADAVIL","ALD"
159,"s3.dat",3,"t28",0,"3",NA,"rec","backw","HF","conc","slika",28,"AKILS","VLD"
160,"s3.dat",3,"t105",1,"1",701,"rec","forw","LF","abst","logika",105,"LOGIKA","ALD"
160,"s3.dat",3,"t105",1,"1",701,"rec","forw","LF","abst","oprez",105,"OPREZ","VLD"
161,"s3.dat",3,"t155",1,"3",1151,"pseudorec","backw","LF","abst",NA,155,"MIKROZ","ALD"
161,"s3.dat",3,"t155",1,"3",1151,"pseudorec","backw","LF","abst",NA,155,"KAUBOT","VLD"
162,"s3.dat",3,"t111",1,"1",581,"rec","forw","LF","conc","perika",111,"PERIKA","ALD"
162,"s3.dat",3,"t111",1,"1",581,"rec","forw","LF","conc","pelena",111,"PELENA","VLD"
163,"s3.dat",3,"t235",1,"3",1122,"pseudorec","forw","LF","conc",NA,235,"EGZIČ","ALD"
163,"s3.dat",3,"t235",1,"3",1122,"pseudorec","forw","LF","conc",NA,235,"MAHET","VLD"
164,"s3.dat",3,"t139",1,"3",1272,"pseudorec","backw","HF","conc",NA,139,"ZEJTIZ","ALD"
164,"s3.dat",3,"t139",1,"3",1272,"pseudorec","backw","HF","conc",NA,139,"HIBRIF","VLD"
165,"s3.dat",3,"t196",0,"1",NA,"pseudorec","forw","HF","conc",NA,196,"SVRAL","ALD"
165,"s3.dat",3,"t196",0,"1",NA,"pseudorec","forw","HF","conc",NA,196,"BIZOK","VLD"
166,"s3.dat",3,"t180",1,"3",1091,"pseudorec","backw","LF","conc",NA,180,"RAZVOC","ALD"
166,"s3.dat",3,"t180",1,"3",1091,"pseudorec","backw","LF","conc",NA,180,"FILTEB","VLD"
167,"s3.dat",3,"t118",1,"1",912,"rec","forw","LF","conc","rerna",118,"RERNA","ALD"
167,"s3.dat",3,"t118",1,"1",912,"rec","forw","LF","conc","kačket",118,"KAČKET","VLD"
168,"s3.dat",3,"t212",1,"3",1112,"pseudorec","forw","LF","abst",NA,212,"TIRKIB","ALD"
168,"s3.dat",3,"t212",1,"3",1112,"pseudorec","forw","LF","abst",NA,212,"KRETEP","VLD"
169,"s3.dat",3,"t216",0,"None",NA,"pseudorec","forw","LF","abst",NA,216,"SENJAT","ALD"
169,"s3.dat",3,"t216",0,"None",NA,"pseudorec","forw","LF","abst",NA,216,"IDIOB","VLD"
171,"s3.dat",3,"t144",1,"3",961,"pseudorec","backw","HF","conc",NA,144,"MASIT","ALD"
171,"s3.dat",3,"t144",1,"3",961,"pseudorec","backw","HF","conc",NA,144,"SLANIB","VLD"
172,"s3.dat",3,"t231",0,"1",NA,"pseudorec","forw","LF","conc",NA,231,"MLEKAF","ALD"
172,"s3.dat",3,"t231",0,"1",NA,"pseudorec","forw","LF","conc",NA,231,"KENGUN","VLD"
173,"s3.dat",3,"t93",1,"1",1032,"rec","forw","LF","abst","skepsa",93,"SKEPSA","ALD"
173,"s3.dat",3,"t93",1,"1",1032,"rec","forw","LF","abst","barok",93,"BAROK","VLD"
174,"s3.dat",3,"t14",0,"3",NA,"rec","backw","HF","abst","posao",14,"OASOP","ALD"
174,"s3.dat",3,"t14",0,"3",NA,"rec","backw","HF","abst","strah",14,"HARTS","VLD"
175,"s3.dat",3,"t86",1,"1",481,"rec","forw","HF","conc","krevet",86,"KREVET","ALD"
175,"s3.dat",3,"t86",1,"1",481,"rec","forw","HF","conc","lopta",86,"LOPTA","VLD"
176,"s3.dat",3,"t161",1,"3",781,"pseudorec","backw","LF","abst",NA,161,"VASKRM","ALD"
176,"s3.dat",3,"t161",1,"3",781,"pseudorec","backw","LF","abst",NA,161,"SVIRAZ","VLD"
177,"s3.dat",3,"t169",1,"3",1052,"pseudorec","backw","LF","conc",NA,169,"GULAN","ALD"
177,"s3.dat",3,"t169",1,"3",1052,"pseudorec","backw","LF","conc",NA,169,"CIGAF","VLD"
178,"s3.dat",3,"t149",1,"3",1232,"pseudorec","backw","HF","conc",NA,149,"KINIB","ALD"
178,"s3.dat",3,"t149",1,"3",1232,"pseudorec","backw","HF","conc",NA,149,"VISAR","VLD"
179,"s3.dat",3,"t205",0,"1",NA,"pseudorec","forw","HF","conc",NA,205,"PEŠKIG","ALD"
179,"s3.dat",3,"t205",0,"1",NA,"pseudorec","forw","HF","conc",NA,205,"EVNUB","VLD"
180,"s3.dat",3,"t224",1,"3",531,"pseudorec","forw","LF","abst",NA,224,"BOJLEG","ALD"
180,"s3.dat",3,"t224",1,"3",531,"pseudorec","forw","LF","abst",NA,224,"DISTIC","VLD"
181,"s3.dat",3,"t12",0,"3",NA,"rec","backw","HF","abst","nemir",12,"RIMEN","ALD"
181,"s3.dat",3,"t12",0,"3",NA,"rec","backw","HF","abst","pomoć",12,"ĆOMOP","VLD"
182,"s3.dat",3,"t27",0,"3",NA,"rec","backw","HF","conc","stena",27,"ANETS","ALD"
182,"s3.dat",3,"t27",0,"3",NA,"rec","backw","HF","conc","mleko",27,"OKELM","VLD"
183,"s3.dat",3,"t121",0,"1",NA,"pseudorec","backw","HF","abst",NA,121,"TROVAB","ALD"
183,"s3.dat",3,"t121",0,"1",NA,"pseudorec","backw","HF","abst",NA,121,"KORDOB","VLD"
184,"s3.dat",3,"t124",1,"3",611,"pseudorec","backw","HF","abst",NA,124,"SVINJAB","ALD"
184,"s3.dat",3,"t124",1,"3",611,"pseudorec","backw","HF","abst",NA,124,"SPANAR","VLD"
185,"s3.dat",3,"t75",0,"3",NA,"rec","forw","HF","abst","radost",75,"RADOST","ALD"
185,"s3.dat",3,"t75",0,"3",NA,"rec","forw","HF","abst","ljubav",75,"LJUBAV","VLD"
186,"s3.dat",3,"t89",1,"1",611,"rec","forw","HF","conc","prozor",89,"PROZOR","ALD"
186,"s3.dat",3,"t89",1,"1",611,"rec","forw","HF","conc","vrata",89,"VRATA","VLD"
187,"s3.dat",3,"t159",0,"1",NA,"pseudorec","backw","LF","abst",NA,159,"MALEG","ALD"
187,"s3.dat",3,"t159",0,"1",NA,"pseudorec","backw","LF","abst",NA,159,"MADAZ","VLD"
188,"s3.dat",3,"t82",1,"1",751,"rec","forw","HF","conc","kaput",82,"KAPUT","ALD"
188,"s3.dat",3,"t82",1,"1",751,"rec","forw","HF","conc","klavir",82,"KLAVIR","VLD"
189,"s3.dat",3,"t33",0,"3",NA,"rec","backw","LF","abst","opoziv",33,"VIZOPO","ALD"
189,"s3.dat",3,"t33",0,"3",NA,"rec","backw","LF","abst","renome",33,"EMONER","VLD"
190,"s3.dat",3,"t63",1,"1",521,"rec","forw","HF","abst","motiv",63,"MOTIV","ALD"
190,"s3.dat",3,"t63",1,"1",521,"rec","forw","HF","abst","celina",63,"CELINA","VLD"
191,"s3.dat",3,"t238",1,"3",651,"pseudorec","forw","LF","conc",NA,238,"RASAL","ALD"
191,"s3.dat",3,"t238",1,"3",651,"pseudorec","forw","LF","conc",NA,238,"JASTOM","VLD"
192,"s3.dat",3,"t136",1,"3",801,"pseudorec","backw","HF","conc",NA,136,"TURBAH","ALD"
192,"s3.dat",3,"t136",1,"3",801,"pseudorec","backw","HF","conc",NA,136,"AZBESČ","VLD"
193,"s3.dat",3,"t188",1,"3",791,"pseudorec","forw","HF","abst",NA,188,"TENOZ","ALD"
193,"s3.dat",3,"t188",1,"3",791,"pseudorec","forw","HF","abst",NA,188,"KOKTEZ","VLD"
194,"s3.dat",3,"t87",1,"1",510,"rec","forw","HF","conc","pesak",87,"PESAK","ALD"
194,"s3.dat",3,"t87",1,"1",510,"rec","forw","HF","conc","staklo",87,"STAKLO","VLD"
195,"s3.dat",3,"t174",1,"3",701,"pseudorec","backw","LF","conc",NA,174,"VOKAB","ALD"
195,"s3.dat",3,"t174",1,"3",701,"pseudorec","backw","LF","conc",NA,174,"ZIDIB","VLD"
196,"s3.dat",3,"t39",0,"3",NA,"rec","backw","LF","abst","trema",39,"AMERT","ALD"
196,"s3.dat",3,"t39",0,"3",NA,"rec","backw","LF","abst","pouka",39,"AKUOP","VLD"
197,"s3.dat",3,"t35",0,"None",NA,"rec","backw","LF","abst","poenta",35,"ATNEOP","ALD"
197,"s3.dat",3,"t35",0,"None",NA,"rec","backw","LF","abst","raskid",35,"DIKSAR","VLD"
199,"s3.dat",3,"t225",0,"1",NA,"pseudorec","forw","LF","abst",NA,225,"BULDOF","ALD"
199,"s3.dat",3,"t225",0,"1",NA,"pseudorec","forw","LF","abst",NA,225,"TUMOČ","VLD"
200,"s3.dat",3,"t25",0,"None",NA,"rec","backw","HF","conc","jabuka",25,"AKUBAJ","ALD"
200,"s3.dat",3,"t25",0,"None",NA,"rec","backw","HF","conc","lanac",25,"CANAL","VLD"
202,"s3.dat",3,"t80",1,"1",541,"rec","forw","HF","conc","topola",80,"TOPOLA","ALD"
202,"s3.dat",3,"t80",1,"1",541,"rec","forw","HF","conc","grožĐ‘e",80,"GROŽĐE","ALD"
203,"s3.dat",3,"t13",1,"1",1042,"rec","backw","HF","abst","samoća",13,"AĆOMAS","ALD"
203,"s3.dat",3,"t13",1,"1",1042,"rec","backw","HF","abst","tajna",13,"ANJAT","VLD"
204,"s3.dat",3,"t226",0,"None",NA,"pseudorec","forw","LF","conc",NA,226,"BALZAL","ALD"
204,"s3.dat",3,"t226",0,"None",NA,"pseudorec","forw","LF","conc",NA,226,"RITUAC","VLD"
206,"s3.dat",3,"t122",0,"None",NA,"pseudorec","backw","HF","abst",NA,122,"PREGIT","ALD"
206,"s3.dat",3,"t122",0,"None",NA,"pseudorec","backw","HF","abst",NA,122,"FETUP","VLD"
208,"s3.dat",3,"t132",0,"None",NA,"pseudorec","backw","HF","abst",NA,132,"NAZER","ALD"
208,"s3.dat",3,"t132",0,"None",NA,"pseudorec","backw","HF","abst",NA,132,"AVANČ","VLD"
210,"s3.dat",3,"t104",1,"1",722,"rec","forw","LF","abst","divota",104,"DIVOTA","ALD"
210,"s3.dat",3,"t104",1,"1",722,"rec","forw","LF","abst","efekat",104,"EFEKAT","VLD"
211,"s3.dat",3,"t77",1,"1",591,"rec","forw","HF","conc","točak",77,"TOČAK","ALD"
211,"s3.dat",3,"t77",1,"1",591,"rec","forw","HF","conc","kesten",77,"KESTEN","VLD"
212,"s3.dat",3,"t19",0,"3",NA,"rec","backw","HF","conc","sekira",19,"ARIKES","ALD"
212,"s3.dat",3,"t19",0,"3",NA,"rec","backw","HF","conc","rakija",19,"AJIKAR","VLD"
213,"s3.dat",3,"t8",0,"3",NA,"rec","backw","HF","abst","pojava",8,"AVAJOP","ALD"
213,"s3.dat",3,"t8",0,"3",NA,"rec","backw","HF","abst","pravda",8,"ADVARP","VLD"
214,"s3.dat",3,"t94",1,"1",631,"rec","forw","LF","abst","trenje",94,"TRENJE","ALD"
214,"s3.dat",3,"t94",1,"1",631,"rec","forw","LF","abst","deoba",94,"DEOBA","VLD"
215,"s3.dat",3,"t237",1,"3",611,"pseudorec","forw","LF","conc",NA,237,"IZDAP","ALD"
215,"s3.dat",3,"t237",1,"3",611,"pseudorec","forw","LF","conc",NA,237,"FAGOH","VLD"
216,"s3.dat",3,"t200",0,"1",NA,"pseudorec","forw","HF","conc",NA,200,"PROSAR","ALD"
216,"s3.dat",3,"t200",0,"1",NA,"pseudorec","forw","HF","conc",NA,200,"KOSMOR","VLD"
217,"s3.dat",3,"t34",0,"3",NA,"rec","backw","LF","abst","rizik",34,"KIZIR","ALD"
217,"s3.dat",3,"t34",0,"3",NA,"rec","backw","LF","abst","upliv",34,"VILPU","VLD"
218,"s3.dat",3,"t1",0,"3",NA,"rec","backw","HF","abst","novost",1,"TSOVON","ALD"
218,"s3.dat",3,"t1",0,"3",NA,"rec","backw","HF","abst","metoda",1,"ADOTEM","VLD"
219,"s3.dat",3,"t20",0,"3",NA,"rec","backw","HF","conc","cipela",20,"ALEPIC","ALD"
219,"s3.dat",3,"t20",0,"3",NA,"rec","backw","HF","conc","konac",20,"CANOK","VLD"
220,"s3.dat",3,"t37",0,"3",NA,"rec","backw","LF","abst","nužda",37,"ADŽUN","ALD"
220,"s3.dat",3,"t37",0,"3",NA,"rec","backw","LF","abst","pobuda",37,"ADUBOP","VLD"
221,"s3.dat",3,"t219",1,"3",641,"pseudorec","forw","LF","abst",NA,219,"POKOB","ALD"
221,"s3.dat",3,"t219",1,"3",641,"pseudorec","forw","LF","abst",NA,219,"REDAF","VLD"
222,"s3.dat",3,"t22",0,"3",NA,"rec","backw","HF","conc","čamac",22,"CAMAČ","ALD"
222,"s3.dat",3,"t22",0,"3",NA,"rec","backw","HF","conc","hrast",22,"TSARH","VLD"
223,"s3.dat",3,"t162",1,"3",791,"pseudorec","backw","LF","abst",NA,162,"BAROZ","ALD"
223,"s3.dat",3,"t162",1,"3",791,"pseudorec","backw","LF","abst",NA,162,"NAKOČ","VLD"
224,"s3.dat",3,"t92",1,"1",741,"rec","forw","LF","abst","epitet",92,"EPITET","ALD"
224,"s3.dat",3,"t92",1,"1",741,"rec","forw","LF","abst","intima",92,"INTIMA","VLD"
225,"s3.dat",3,"t78",1,"1",431,"rec","forw","HF","conc","korito",78,"KORITO","ALD"
225,"s3.dat",3,"t78",1,"1",431,"rec","forw","HF","conc","jastuk",78,"JASTUK","VLD"
226,"s3.dat",3,"t6",1,"1",1322,"rec","backw","HF","abst","svrha",6,"AHRVS","ALD"
226,"s3.dat",3,"t6",1,"1",1322,"rec","backw","HF","abst","obnova",6,"AVONBO","VLD"
227,"s3.dat",3,"t186",1,"3",911,"pseudorec","forw","HF","abst",NA,186,"ZNALAB","ALD"
227,"s3.dat",3,"t186",1,"3",911,"pseudorec","forw","HF","abst",NA,186,"MODUĐ","ALD"
228,"s3.dat",3,"t153",1,"3",831,"pseudorec","backw","LF","abst",NA,153,"PERŠUĐ","ALD"
228,"s3.dat",3,"t153",1,"3",831,"pseudorec","backw","LF","abst",NA,153,"LOSIOR","VLD"
229,"s3.dat",3,"t170",1,"3",1152,"pseudorec","backw","LF","conc",NA,170,"PORTIN","ALD"
229,"s3.dat",3,"t170",1,"3",1152,"pseudorec","backw","LF","conc",NA,170,"ŠESTAM","VLD"
230,"s3.dat",3,"t154",1,"3",821,"pseudorec","backw","LF","abst",NA,154,"REZOL","ALD"
230,"s3.dat",3,"t154",1,"3",821,"pseudorec","backw","LF","abst",NA,154,"SKRON","VLD"
231,"s3.dat",3,"t117",1,"1",771,"rec","forw","LF","conc","kvaka",117,"KVAKA","ALD"
231,"s3.dat",3,"t117",1,"1",771,"rec","forw","LF","conc","šerpa",117,"ŠERPA","VLD"
232,"s3.dat",3,"t125",0,"1",NA,"pseudorec","backw","HF","abst",NA,125,"PANCIT","ALD"
232,"s3.dat",3,"t125",0,"1",NA,"pseudorec","backw","HF","abst",NA,125,"AKSIOK","VLD"
233,"s3.dat",3,"t47",0,"3",NA,"rec","backw","LF","conc","spanać",47,"ĆANAPS","ALD"
233,"s3.dat",3,"t47",0,"3",NA,"rec","backw","LF","conc","pereca",47,"ACEREP","VLD"
234,"s3.dat",3,"t50",0,"3",NA,"rec","backw","LF","conc","ananas",50,"SANANA","ALD"
234,"s3.dat",3,"t50",0,"3",NA,"rec","backw","LF","conc","kajmak",50,"KAMJAK","VLD"
235,"s3.dat",3,"t184",1,"3",641,"pseudorec","forw","HF","abst",NA,184,"BUBNJAC","ALD"
235,"s3.dat",3,"t184",1,"3",641,"pseudorec","forw","HF","abst",NA,184,"JEDNJAZ","VLD"
236,"s3.dat",3,"t70",1,"1",701,"rec","forw","HF","abst","briga",70,"BRIGA","ALD"
236,"s3.dat",3,"t70",1,"1",701,"rec","forw","HF","abst","napor",70,"NAPOR","VLD"
237,"s3.dat",3,"t49",0,"3",NA,"rec","backw","LF","conc","jarac",49,"CARAJ","ALD"
237,"s3.dat",3,"t49",0,"3",NA,"rec","backw","LF","conc","pegla",49,"ALGEP","VLD"
238,"s3.dat",3,"t166",1,"3",591,"pseudorec","backw","LF","conc",NA,166,"SVETAF","ALD"
238,"s3.dat",3,"t166",1,"3",591,"pseudorec","backw","LF","conc",NA,166,"BIOLOR","VLD"
239,"s3.dat",3,"t213",1,"3",701,"pseudorec","forw","LF","abst",NA,213,"DOSLUZ","ALD"
239,"s3.dat",3,"t213",1,"3",701,"pseudorec","forw","LF","abst",NA,213,"ODVOC","VLD"
240,"s3.dat",3,"t48",0,"3",NA,"rec","backw","LF","conc","burek",48,"KERUB","ALD"
240,"s3.dat",3,"t48",0,"3",NA,"rec","backw","LF","conc","cucla",48,"ALCUC","VLD"
241,"s3.dat",3,"t203",1,"3",872,"pseudorec","forw","HF","conc",NA,203,"TAPIZ","ALD"
241,"s3.dat",3,"t203",1,"3",872,"pseudorec","forw","HF","conc",NA,203,"KONDOP","VLD"
242,"s3.dat",3,"t5",1,"1",1092,"rec","backw","HF","abst","promet",5,"TEMORP","ALD"
242,"s3.dat",3,"t5",1,"1",1092,"rec","backw","HF","abst","žalost",5,"TSOLAŽ","VLD"
243,"s3.dat",3,"t46",0,"3",NA,"rec","backw","LF","conc","maslac",46,"CALSAM","ALD"
243,"s3.dat",3,"t46",0,"3",NA,"rec","backw","LF","conc","cvekla",46,"ALKEVC","VLD"
244,"s3.dat",3,"t2",0,"3",NA,"rec","backw","HF","abst","dosada",2,"ADASOD","ALD"
244,"s3.dat",3,"t2",0,"3",NA,"rec","backw","HF","abst","pojam",2,"MAJOP","VLD"
245,"s3.dat",3,"t143",0,"None",NA,"pseudorec","backw","HF","conc",NA,143,"BRLOF","ALD"
245,"s3.dat",3,"t143",0,"None",NA,"pseudorec","backw","HF","conc",NA,143,"BATAZ","VLD"
247,"s3.dat",3,"t173",1,"3",831,"pseudorec","backw","LF","conc",NA,173,"IMPORK","ALD"
247,"s3.dat",3,"t173",1,"3",831,"pseudorec","backw","LF","conc",NA,173,"LENJOČ","VLD"
248,"s3.dat",3,"t160",1,"3",1062,"pseudorec","backw","LF","abst",NA,160,"ŠAFRAK","ALD"
248,"s3.dat",3,"t160",1,"3",1062,"pseudorec","backw","LF","abst",NA,160,"GEOLOT","VLD"
249,"s3.dat",3,"t194",1,"3",792,"pseudorec","forw","HF","abst",NA,194,"SONAĐ","ALD"
249,"s3.dat",3,"t194",1,"3",792,"pseudorec","forw","HF","abst",NA,194,"ŠPRIĐ","ALD"
250,"s3.dat",3,"t69",1,"1",671,"rec","forw","HF","abst","znanje",69,"ZNANJE","ALD"
250,"s3.dat",3,"t69",1,"1",671,"rec","forw","HF","abst","sumnja",69,"SUMNJA","VLD"
251,"s3.dat",3,"t197",1,"3",932,"pseudorec","forw","HF","conc",NA,197,"SISAB","ALD"
251,"s3.dat",3,"t197",1,"3",932,"pseudorec","forw","HF","conc",NA,197,"KLIKET","VLD"
252,"s3.dat",3,"t51",0,"3",NA,"rec","backw","LF","conc","pekmez",51,"ZEMKEP","ALD"
252,"s3.dat",3,"t51",0,"3",NA,"rec","backw","LF","conc","šaran",51,"NARAŠ","VLD"
253,"s3.dat",3,"t142",1,"3",991,"pseudorec","backw","HF","conc",NA,142,"ZUBID","ALD"
253,"s3.dat",3,"t142",1,"3",991,"pseudorec","backw","HF","conc",NA,142,"KEDAP","VLD"
254,"s3.dat",3,"t53",0,"3",NA,"rec","backw","LF","conc","šnicla",53,"ALCINŠ","ALD"
254,"s3.dat",3,"t53",0,"3",NA,"rec","backw","LF","conc","salama",53,"AMALAS","VLD"
255,"s3.dat",3,"t108",1,"1",801,"rec","forw","LF","conc","tegla",108,"TEGLA","ALD"
255,"s3.dat",3,"t108",1,"1",801,"rec","forw","LF","conc","kompot",108,"KOMPOT","VLD"
256,"s3.dat",3,"t198",1,"3",901,"pseudorec","forw","HF","conc",NA,198,"GNJURAB","ALD"
256,"s3.dat",3,"t198",1,"3",901,"pseudorec","forw","HF","conc",NA,198,"NITKOZ","VLD"
257,"s3.dat",3,"t4",0,"3",NA,"rec","backw","HF","abst","namera",4,"AREMAN","ALD"
257,"s3.dat",3,"t4",0,"3",NA,"rec","backw","HF","abst","osveta",4,"ATEVSO","VLD"
258,"s3.dat",3,"t234",1,"3",981,"pseudorec","forw","LF","conc",NA,234,"MURAB","ALD"
258,"s3.dat",3,"t234",1,"3",981,"pseudorec","forw","LF","conc",NA,234,"MA~OT","ALD"
259,"s3.dat",3,"t71",1,"1",550,"rec","forw","HF","abst","slutnja",71,"SLUTNJA","ALD"
259,"s3.dat",3,"t71",1,"1",550,"rec","forw","HF","abst","razvoj",71,"RAZVOJ","VLD"
1,"s4.dat",4,"t18",0,"3",NA,"rec","backw","HF","conc","brašno",18,"ONŠARB","ALD"
1,"s4.dat",4,"t18",0,"3",NA,"rec","backw","HF","conc","sanduk",18,"KUDNAS","VLD"
2,"s4.dat",4,"t97",1,"1",701,"rec","forw","LF","abst","bruka",97,"BRUKA","ALD"
2,"s4.dat",4,"t97",1,"1",701,"rec","forw","LF","abst","manjak",97,"MANJAK","VLD"
3,"s4.dat",4,"t190",1,"3",891,"pseudorec","forw","HF","abst",NA,190,"ŠVERG","ALD"
3,"s4.dat",4,"t190",1,"3",891,"pseudorec","forw","HF","abst",NA,190,"METAT","VLD"
4,"s4.dat",4,"t214",1,"3",1182,"pseudorec","forw","LF","abst",NA,214,"PITOR","ALD"
4,"s4.dat",4,"t214",1,"3",1182,"pseudorec","forw","LF","abst",NA,214,"PIJAD","VLD"
5,"s4.dat",4,"t108",1,"1",1242,"rec","forw","LF","conc","tegla",108,"TEGLA","ALD"
5,"s4.dat",4,"t108",1,"1",1242,"rec","forw","LF","conc","kompot",108,"KOMPOT","VLD"
6,"s4.dat",4,"t68",1,"1",551,"rec","forw","HF","abst","izraz",68,"IZRAZ","ALD"
6,"s4.dat",4,"t68",1,"1",551,"rec","forw","HF","abst","utisak",68,"UTISAK","VLD"
7,"s4.dat",4,"t92",1,"1",571,"rec","forw","LF","abst","epitet",92,"EPITET","ALD"
7,"s4.dat",4,"t92",1,"1",571,"rec","forw","LF","abst","intima",92,"INTIMA","VLD"
8,"s4.dat",4,"t126",1,"3",961,"pseudorec","backw","HF","abst",NA,126,"KANAZ","ALD"
8,"s4.dat",4,"t126",1,"3",961,"pseudorec","backw","HF","abst",NA,126,"FELJTOZ","VLD"
9,"s4.dat",4,"t141",1,"3",1412,"pseudorec","backw","HF","conc",NA,141,"VODNIB","ALD"
9,"s4.dat",4,"t141",1,"3",1412,"pseudorec","backw","HF","conc",NA,141,"CIMEC","VLD"
10,"s4.dat",4,"t49",0,"None",NA,"rec","backw","LF","conc","jarac",49,"CARAJ","ALD"
10,"s4.dat",4,"t49",0,"None",NA,"rec","backw","LF","conc","pegla",49,"ALGEP","VLD"
12,"s4.dat",4,"t51",0,"3",NA,"rec","backw","LF","conc","pekmez",51,"ZEMKEP","ALD"
12,"s4.dat",4,"t51",0,"3",NA,"rec","backw","LF","conc","šaran",51,"NARAŠ","VLD"
13,"s4.dat",4,"t187",0,"None",NA,"pseudorec","forw","HF","abst",NA,187,"RASKIŠ","ALD"
13,"s4.dat",4,"t187",0,"None",NA,"pseudorec","forw","HF","abst",NA,187,"VEŠTAB","VLD"
15,"s4.dat",4,"t220",1,"3",821,"pseudorec","forw","LF","abst",NA,220,"PERAĐ","ALD"
15,"s4.dat",4,"t220",1,"3",821,"pseudorec","forw","LF","abst",NA,220,"BUMBAG","VLD"
16,"s4.dat",4,"t112",1,"1",441,"rec","forw","LF","conc","zvečka",112,"ZVEČKA","ALD"
16,"s4.dat",4,"t112",1,"1",441,"rec","forw","LF","conc","torta",112,"TORTA","VLD"
17,"s4.dat",4,"t225",1,"3",1142,"pseudorec","forw","LF","abst",NA,225,"BULDOF","ALD"
17,"s4.dat",4,"t225",1,"3",1142,"pseudorec","forw","LF","abst",NA,225,"TUMOČ","VLD"
18,"s4.dat",4,"t24",0,"3",NA,"rec","backw","HF","conc","breza",24,"AZERB","ALD"
18,"s4.dat",4,"t24",0,"3",NA,"rec","backw","HF","conc","leptir",24,"RITPEL","VLD"
19,"s4.dat",4,"t65",1,"1",540,"rec","forw","HF","abst","savest",65,"SAVEST","ALD"
19,"s4.dat",4,"t65",1,"1",540,"rec","forw","HF","abst","ideja",65,"IDEJA","VLD"
20,"s4.dat",4,"t105",1,"1",530,"rec","forw","LF","abst","logika",105,"LOGIKA","ALD"
20,"s4.dat",4,"t105",1,"1",530,"rec","forw","LF","abst","oprez",105,"OPREZ","VLD"
21,"s4.dat",4,"t14",0,"3",NA,"rec","backw","HF","abst","posao",14,"OASOP","ALD"
21,"s4.dat",4,"t14",0,"3",NA,"rec","backw","HF","abst","strah",14,"HARTS","VLD"
22,"s4.dat",4,"t29",1,"1",1362,"rec","backw","HF","conc","kamen",29,"NEMAK","ALD"
22,"s4.dat",4,"t29",1,"1",1362,"rec","backw","HF","conc","cveće",29,"EĆEVC","VLD"
23,"s4.dat",4,"t238",1,"3",1462,"pseudorec","forw","LF","conc",NA,238,"RASAL","ALD"
23,"s4.dat",4,"t238",1,"3",1462,"pseudorec","forw","LF","conc",NA,238,"JASTOM","VLD"
24,"s4.dat",4,"t69",1,"1",531,"rec","forw","HF","abst","znanje",69,"ZNANJE","ALD"
24,"s4.dat",4,"t69",1,"1",531,"rec","forw","HF","abst","sumnja",69,"SUMNJA","VLD"
25,"s4.dat",4,"t71",1,"1",591,"rec","forw","HF","abst","slutnja",71,"SLUTNJA","ALD"
25,"s4.dat",4,"t71",1,"1",591,"rec","forw","HF","abst","razvoj",71,"RAZVOJ","VLD"
26,"s4.dat",4,"t196",1,"3",1182,"pseudorec","forw","HF","conc",NA,196,"SVRAL","ALD"
26,"s4.dat",4,"t196",1,"3",1182,"pseudorec","forw","HF","conc",NA,196,"BIZOK","VLD"
27,"s4.dat",4,"t203",1,"3",1322,"pseudorec","forw","HF","conc",NA,203,"TAPIZ","ALD"
27,"s4.dat",4,"t203",1,"3",1322,"pseudorec","forw","HF","conc",NA,203,"KONDOP","VLD"
28,"s4.dat",4,"t153",0,"None",NA,"pseudorec","backw","LF","abst",NA,153,"PERŠUĐ","ALD"
28,"s4.dat",4,"t153",0,"None",NA,"pseudorec","backw","LF","abst",NA,153,"LOSIOR","VLD"
30,"s4.dat",4,"t55",0,"3",NA,"rec","backw","LF","conc","zumbul",55,"LUBMUZ","ALD"
30,"s4.dat",4,"t55",0,"3",NA,"rec","backw","LF","conc","kaktus",55,"SUTKAK","VLD"
31,"s4.dat",4,"t81",1,"1",461,"rec","forw","HF","conc","strela",81,"STRELA","ALD"
31,"s4.dat",4,"t81",1,"1",461,"rec","forw","HF","conc","kamion",81,"KAMION","VLD"
32,"s4.dat",4,"t67",1,"1",511,"rec","forw","HF","abst","sezona",67,"SEZONA","ALD"
32,"s4.dat",4,"t67",1,"1",511,"rec","forw","HF","abst","propis",67,"PROPIS","VLD"
33,"s4.dat",4,"t131",1,"3",792,"pseudorec","backw","HF","abst",NA,131,"PORIG","ALD"
33,"s4.dat",4,"t131",1,"3",792,"pseudorec","backw","HF","abst",NA,131,"PATROZ","VLD"
34,"s4.dat",4,"t154",1,"3",1482,"pseudorec","backw","LF","abst",NA,154,"REZOL","ALD"
34,"s4.dat",4,"t154",1,"3",1482,"pseudorec","backw","LF","abst",NA,154,"SKRON","VLD"
35,"s4.dat",4,"t166",1,"3",1102,"pseudorec","backw","LF","conc",NA,166,"SVETAF","ALD"
35,"s4.dat",4,"t166",1,"3",1102,"pseudorec","backw","LF","conc",NA,166,"BIOLOR","VLD"
36,"s4.dat",4,"t91",1,"1",611,"rec","forw","LF","abst","ucena",91,"UCENA","ALD"
36,"s4.dat",4,"t91",1,"1",611,"rec","forw","LF","abst","naboj",91,"NABOJ","VLD"
37,"s4.dat",4,"t25",1,"1",1311,"rec","backw","HF","conc","jabuka",25,"AKUBAJ","ALD"
37,"s4.dat",4,"t25",1,"1",1311,"rec","backw","HF","conc","lanac",25,"CANAL","VLD"
38,"s4.dat",4,"t84",1,"1",561,"rec","forw","HF","conc","sveća",84,"SVEĆA","ALD"
38,"s4.dat",4,"t84",1,"1",561,"rec","forw","HF","conc","školjka",84,"ŠKOLJKA","VLD"
39,"s4.dat",4,"t122",1,"3",1372,"pseudorec","backw","HF","abst",NA,122,"PREGIT","ALD"
39,"s4.dat",4,"t122",1,"3",1372,"pseudorec","backw","HF","abst",NA,122,"FETUP","VLD"
40,"s4.dat",4,"t217",0,"None",NA,"pseudorec","forw","LF","abst",NA,217,"SERUP","ALD"
40,"s4.dat",4,"t217",0,"None",NA,"pseudorec","forw","LF","abst",NA,217,"REZAG","VLD"
42,"s4.dat",4,"t44",0,"3",NA,"rec","backw","LF","abst","zaplet",44,"TELPAZ","ALD"
42,"s4.dat",4,"t44",0,"3",NA,"rec","backw","LF","abst","sujeta",44,"ATEJUS","VLD"
43,"s4.dat",4,"t21",1,"1",1172,"rec","backw","HF","conc","kapija",21,"AJIPAK","ALD"
43,"s4.dat",4,"t21",1,"1",1172,"rec","backw","HF","conc","galeb",21,"BELAG","VLD"
44,"s4.dat",4,"t43",0,"None",NA,"rec","backw","LF","abst","požuda",43,"ADUŽOP","ALD"
44,"s4.dat",4,"t43",0,"None",NA,"rec","backw","LF","abst","namena",43,"ANEMAN","VLD"
46,"s4.dat",4,"t37",1,"1",1322,"rec","backw","LF","abst","nužda",37,"ADŽUN","ALD"
46,"s4.dat",4,"t37",1,"1",1322,"rec","backw","LF","abst","pobuda",37,"ADUBOP","VLD"
47,"s4.dat",4,"t66",1,"1",611,"rec","forw","HF","abst","period",66,"PERIOD","ALD"
47,"s4.dat",4,"t66",1,"1",611,"rec","forw","HF","abst","otpor",66,"OTPOR","VLD"
48,"s4.dat",4,"t212",1,"3",1112,"pseudorec","forw","LF","abst",NA,212,"TIRKIB","ALD"
48,"s4.dat",4,"t212",1,"3",1112,"pseudorec","forw","LF","abst",NA,212,"KRETEP","VLD"
49,"s4.dat",4,"t136",1,"3",831,"pseudorec","backw","HF","conc",NA,136,"TURBAH","ALD"
49,"s4.dat",4,"t136",1,"3",831,"pseudorec","backw","HF","conc",NA,136,"AZBESČ","VLD"
50,"s4.dat",4,"t152",1,"3",871,"pseudorec","backw","LF","abst",NA,152,"KAJMAR","ALD"
50,"s4.dat",4,"t152",1,"3",871,"pseudorec","backw","LF","abst",NA,152,"VEŠTAP","VLD"
51,"s4.dat",4,"t183",1,"3",1202,"pseudorec","forw","HF","abst",NA,183,"POGAJ","ALD"
51,"s4.dat",4,"t183",1,"3",1202,"pseudorec","forw","HF","abst",NA,183,"GURMAB","VLD"
52,"s4.dat",4,"t232",1,"3",1462,"pseudorec","forw","LF","conc",NA,232,"TOALEB","ALD"
52,"s4.dat",4,"t232",1,"3",1462,"pseudorec","forw","LF","conc",NA,232,"FAZOR","VLD"
53,"s4.dat",4,"t189",1,"3",1171,"pseudorec","forw","HF","abst",NA,189,"LOGOK","ALD"
53,"s4.dat",4,"t189",1,"3",1171,"pseudorec","forw","HF","abst",NA,189,"BEĆAŠ","VLD"
54,"s4.dat",4,"t184",1,"3",1332,"pseudorec","forw","HF","abst",NA,184,"BUBNJAC","ALD"
54,"s4.dat",4,"t184",1,"3",1332,"pseudorec","forw","HF","abst",NA,184,"JEDNJAZ","VLD"
55,"s4.dat",4,"t240",0,"None",NA,"pseudorec","forw","LF","conc",NA,240,"VOSKAB","ALD"
55,"s4.dat",4,"t240",0,"None",NA,"pseudorec","forw","LF","conc",NA,240,"TRILEN","VLD"
57,"s4.dat",4,"t33",0,"None",NA,"rec","backw","LF","abst","opoziv",33,"VIZOPO","ALD"
57,"s4.dat",4,"t33",0,"None",NA,"rec","backw","LF","abst","renome",33,"EMONER","VLD"
59,"s4.dat",4,"t169",1,"3",811,"pseudorec","backw","LF","conc",NA,169,"GULAN","ALD"
59,"s4.dat",4,"t169",1,"3",811,"pseudorec","backw","LF","conc",NA,169,"CIGAF","VLD"
60,"s4.dat",4,"t52",1,"1",1072,"rec","backw","LF","conc","šunka",52,"AKNUŠ","ALD"
60,"s4.dat",4,"t52",1,"1",1072,"rec","backw","LF","conc","fazan",52,"NAZAF","VLD"
61,"s4.dat",4,"t211",1,"3",1422,"pseudorec","forw","LF","abst",NA,211,"KEPEN","ALD"
61,"s4.dat",4,"t211",1,"3",1422,"pseudorec","forw","LF","abst",NA,211,"FLUOŠ","VLD"
62,"s4.dat",4,"t176",1,"3",1192,"pseudorec","backw","LF","conc",NA,176,"PUTEF","ALD"
62,"s4.dat",4,"t176",1,"3",1192,"pseudorec","backw","LF","conc",NA,176,"NAGIR","VLD"
63,"s4.dat",4,"t186",1,"3",1092,"pseudorec","forw","HF","abst",NA,186,"ZNALAB","ALD"
63,"s4.dat",4,"t186",1,"3",1092,"pseudorec","forw","HF","abst",NA,186,"MODUĐ","ALD"
64,"s4.dat",4,"t119",1,"1",621,"rec","forw","LF","conc","flauta",119,"FLAUTA","ALD"
64,"s4.dat",4,"t119",1,"1",621,"rec","forw","LF","conc","kecelja",119,"KECELJA","VLD"
65,"s4.dat",4,"t168",1,"3",1262,"pseudorec","backw","LF","conc",NA,168,"JELEP","ALD"
65,"s4.dat",4,"t168",1,"3",1262,"pseudorec","backw","LF","conc",NA,168,"ĆUMEP","VLD"
66,"s4.dat",4,"t36",0,"3",NA,"rec","backw","LF","abst","idila",36,"ALIDI","ALD"
66,"s4.dat",4,"t36",0,"3",NA,"rec","backw","LF","abst","impuls",36,"SLUPMI","VLD"
67,"s4.dat",4,"t11",0,"None",NA,"rec","backw","HF","abst","zanos",11,"SONAZ","ALD"
67,"s4.dat",4,"t11",0,"None",NA,"rec","backw","HF","abst","smisao",11,"OASIMS","VLD"
69,"s4.dat",4,"t94",1,"1",842,"rec","forw","LF","abst","trenje",94,"TRENJE","ALD"
69,"s4.dat",4,"t94",1,"1",842,"rec","forw","LF","abst","deoba",94,"DEOBA","VLD"
70,"s4.dat",4,"t138",1,"3",971,"pseudorec","backw","HF","conc",NA,138,"MAGNEG","ALD"
70,"s4.dat",4,"t138",1,"3",971,"pseudorec","backw","HF","conc",NA,138,"KAPLAB","VLD"
71,"s4.dat",4,"t7",0,"None",NA,"rec","backw","HF","abst","proces",7,"SECORP","ALD"
71,"s4.dat",4,"t7",0,"None",NA,"rec","backw","HF","abst","korist",7,"TSIROK","VLD"
73,"s4.dat",4,"t103",1,"1",771,"rec","forw","LF","abst","fizika",103,"FIZIKA","ALD"
73,"s4.dat",4,"t103",1,"1",771,"rec","forw","LF","abst","nedelo",103,"NEDELO","VLD"
74,"s4.dat",4,"t26",0,"None",NA,"rec","backw","HF","conc","zmija",26,"AJIMZ","ALD"
74,"s4.dat",4,"t26",0,"None",NA,"rec","backw","HF","conc","jablan",26,"NALBAJ","VLD"
76,"s4.dat",4,"t123",0,"None",NA,"pseudorec","backw","HF","abst",NA,123,"TIGAŠ","ALD"
76,"s4.dat",4,"t123",0,"None",NA,"pseudorec","backw","HF","abst",NA,123,"NEUKUD","VLD"
78,"s4.dat",4,"t54",1,"1",1042,"rec","backw","LF","conc","klovn",54,"NVOLK","ALD"
78,"s4.dat",4,"t54",1,"1",1042,"rec","backw","LF","conc","štuka",54,"AKUTŠ","VLD"
79,"s4.dat",4,"t38",1,"1",962,"rec","backw","LF","abst","afera",38,"AREFA","ALD"
79,"s4.dat",4,"t38",1,"1",962,"rec","backw","LF","abst","dogma",38,"AMGOD","VLD"
80,"s4.dat",4,"t172",1,"3",921,"pseudorec","backw","LF","conc",NA,172,"MASEF","ALD"
80,"s4.dat",4,"t172",1,"3",921,"pseudorec","backw","LF","conc",NA,172,"LIMIR","VLD"
81,"s4.dat",4,"t106",0,"3",NA,"rec","forw","LF","conc","jogurt",106,"JOGURT","ALD"
81,"s4.dat",4,"t106",0,"3",NA,"rec","forw","LF","conc","kengur",106,"KENGUR","VLD"
82,"s4.dat",4,"t208",1,"3",1372,"pseudorec","forw","HF","conc",NA,208,"GREJAP","ALD"
82,"s4.dat",4,"t208",1,"3",1372,"pseudorec","forw","HF","conc",NA,208,"TIKEN","VLD"
83,"s4.dat",4,"t12",1,"1",1091,"rec","backw","HF","abst","nemir",12,"RIMEN","ALD"
83,"s4.dat",4,"t12",1,"1",1091,"rec","backw","HF","abst","pomoć",12,"ĆOMOP","VLD"
84,"s4.dat",4,"t42",1,"1",801,"rec","backw","LF","abst","ruglo",42,"OLGUR","ALD"
84,"s4.dat",4,"t42",1,"1",801,"rec","backw","LF","abst","zamor",42,"ROMAZ","VLD"
85,"s4.dat",4,"t117",1,"1",741,"rec","forw","LF","conc","kvaka",117,"KVAKA","ALD"
85,"s4.dat",4,"t117",1,"1",741,"rec","forw","LF","conc","šerpa",117,"ŠERPA","VLD"
86,"s4.dat",4,"t61",1,"1",501,"rec","forw","HF","abst","nemoć",61,"NEMOĆ","ALD"
86,"s4.dat",4,"t61",1,"1",501,"rec","forw","HF","abst","sudba",61,"SUDBA","VLD"
87,"s4.dat",4,"t188",1,"3",941,"pseudorec","forw","HF","abst",NA,188,"TENOZ","ALD"
87,"s4.dat",4,"t188",1,"3",941,"pseudorec","forw","HF","abst",NA,188,"KOKTEZ","VLD"
88,"s4.dat",4,"t167",1,"3",921,"pseudorec","backw","LF","conc",NA,167,"KOMFON","ALD"
88,"s4.dat",4,"t167",1,"3",921,"pseudorec","backw","LF","conc",NA,167,"KARBOZ","VLD"
89,"s4.dat",4,"t118",1,"1",501,"rec","forw","LF","conc","rerna",118,"RERNA","ALD"
89,"s4.dat",4,"t118",1,"1",501,"rec","forw","LF","conc","kačket",118,"KAČKET","VLD"
90,"s4.dat",4,"t134",1,"3",812,"pseudorec","backw","HF","abst",NA,134,"DIZEB","ALD"
90,"s4.dat",4,"t134",1,"3",812,"pseudorec","backw","HF","abst",NA,134,"LOTOG","VLD"
91,"s4.dat",4,"t125",0,"1",NA,"pseudorec","backw","HF","abst",NA,125,"PANCIT","ALD"
91,"s4.dat",4,"t125",0,"1",NA,"pseudorec","backw","HF","abst",NA,125,"AKSIOK","VLD"
92,"s4.dat",4,"t201",1,"3",1492,"pseudorec","forw","HF","conc",NA,201,"CIKLOP","ALD"
92,"s4.dat",4,"t201",1,"3",1492,"pseudorec","forw","HF","conc",NA,201,"DESPON","VLD"
93,"s4.dat",4,"t4",1,"1",1021,"rec","backw","HF","abst","namera",4,"AREMAN","ALD"
93,"s4.dat",4,"t4",1,"1",1021,"rec","backw","HF","abst","osveta",4,"ATEVSO","VLD"
94,"s4.dat",4,"t161",1,"3",1341,"pseudorec","backw","LF","abst",NA,161,"VASKRM","ALD"
94,"s4.dat",4,"t161",1,"3",1341,"pseudorec","backw","LF","abst",NA,161,"SVIRAZ","VLD"
95,"s4.dat",4,"t228",1,"3",1272,"pseudorec","forw","LF","conc",NA,228,"ULKUG","ALD"
95,"s4.dat",4,"t228",1,"3",1272,"pseudorec","forw","LF","conc",NA,228,"FLANEG","VLD"
96,"s4.dat",4,"t50",0,"3",NA,"rec","backw","LF","conc","ananas",50,"SANANA","ALD"
96,"s4.dat",4,"t50",0,"3",NA,"rec","backw","LF","conc","kajmak",50,"KAMJAK","VLD"
97,"s4.dat",4,"t223",0,"None",NA,"pseudorec","forw","LF","abst",NA,223,"OPILJAL","ALD"
97,"s4.dat",4,"t223",0,"None",NA,"pseudorec","forw","LF","abst",NA,223,"IZOTOC","VLD"
99,"s4.dat",4,"t145",1,"3",1112,"pseudorec","backw","HF","conc",NA,145,"TREZOB","ALD"
99,"s4.dat",4,"t145",1,"3",1112,"pseudorec","backw","HF","conc",NA,145,"HAMEŠ","VLD"
100,"s4.dat",4,"t219",1,"3",992,"pseudorec","forw","LF","abst",NA,219,"POKOB","ALD"
100,"s4.dat",4,"t219",1,"3",992,"pseudorec","forw","LF","abst",NA,219,"REDAF","VLD"
101,"s4.dat",4,"t215",1,"3",1112,"pseudorec","forw","LF","abst",NA,215,"OPOZIN","ALD"
101,"s4.dat",4,"t215",1,"3",1112,"pseudorec","forw","LF","abst",NA,215,"PO~EF","ALD"
102,"s4.dat",4,"t227",1,"3",951,"pseudorec","forw","LF","conc",NA,227,"CIMEČ","ALD"
102,"s4.dat",4,"t227",1,"3",951,"pseudorec","forw","LF","conc",NA,227,"VITALJ","VLD"
103,"s4.dat",4,"t80",1,"1",1131,"rec","forw","HF","conc","topola",80,"TOPOLA","ALD"
103,"s4.dat",4,"t80",1,"1",1131,"rec","forw","HF","conc","grožĐ‘e",80,"GROŽĐE","ALD"
104,"s4.dat",4,"t178",1,"3",1251,"pseudorec","backw","LF","conc",NA,178,"MANGUD","ALD"
104,"s4.dat",4,"t178",1,"3",1251,"pseudorec","backw","LF","conc",NA,178,"STALAV","VLD"
105,"s4.dat",4,"t48",1,"1",1221,"rec","backw","LF","conc","burek",48,"KERUB","ALD"
105,"s4.dat",4,"t48",1,"1",1221,"rec","backw","LF","conc","cucla",48,"ALCUC","VLD"
106,"s4.dat",4,"t198",1,"3",1352,"pseudorec","forw","HF","conc",NA,198,"GNJURAB","ALD"
106,"s4.dat",4,"t198",1,"3",1352,"pseudorec","forw","HF","conc",NA,198,"NITKOZ","VLD"
107,"s4.dat",4,"t32",1,"1",1392,"rec","backw","LF","abst","gadost",32,"TSODAG","ALD"
107,"s4.dat",4,"t32",1,"1",1392,"rec","backw","LF","abst","dosluh",32,"HULSOD","VLD"
108,"s4.dat",4,"t135",1,"3",1092,"pseudorec","backw","HF","abst",NA,135,"LEMUK","ALD"
108,"s4.dat",4,"t135",1,"3",1092,"pseudorec","backw","HF","abst",NA,135,"FALUČ","VLD"
109,"s4.dat",4,"t231",1,"3",961,"pseudorec","forw","LF","conc",NA,231,"MLEKAF","ALD"
109,"s4.dat",4,"t231",1,"3",961,"pseudorec","forw","LF","conc",NA,231,"KENGUN","VLD"
110,"s4.dat",4,"t87",1,"1",731,"rec","forw","HF","conc","pesak",87,"PESAK","ALD"
110,"s4.dat",4,"t87",1,"1",731,"rec","forw","HF","conc","staklo",87,"STAKLO","VLD"
111,"s4.dat",4,"t57",0,"3",NA,"rec","backw","LF","conc","ekser",57,"RESKE","ALD"
111,"s4.dat",4,"t57",0,"3",NA,"rec","backw","LF","conc","kokos",57,"SOKOK","VLD"
112,"s4.dat",4,"t160",1,"3",1443,"pseudorec","backw","LF","abst",NA,160,"ŠAFRAK","ALD"
112,"s4.dat",4,"t160",1,"3",1443,"pseudorec","backw","LF","abst",NA,160,"GEOLOT","VLD"
113,"s4.dat",4,"t73",1,"1",571,"rec","forw","HF","abst","zakon",73,"ZAKON","ALD"
113,"s4.dat",4,"t73",1,"1",571,"rec","forw","HF","abst","istina",73,"ISTINA","VLD"
114,"s4.dat",4,"t20",1,"1",1112,"rec","backw","HF","conc","cipela",20,"ALEPIC","ALD"
114,"s4.dat",4,"t20",1,"1",1112,"rec","backw","HF","conc","konac",20,"CANOK","VLD"
115,"s4.dat",4,"t28",0,"None",NA,"rec","backw","HF","conc","livada",28,"ADAVIL","ALD"
115,"s4.dat",4,"t28",0,"None",NA,"rec","backw","HF","conc","slika",28,"AKILS","VLD"
117,"s4.dat",4,"t30",1,"1",1132,"rec","backw","HF","conc","glava",30,"AVALG","ALD"
117,"s4.dat",4,"t30",1,"1",1132,"rec","backw","HF","conc","trava",30,"AVART","VLD"
118,"s4.dat",4,"t116",1,"1",651,"rec","forw","LF","conc","konjak",116,"KONJAK","ALD"
118,"s4.dat",4,"t116",1,"1",651,"rec","forw","LF","conc","čaplja",116,"ČAPLJA","VLD"
119,"s4.dat",4,"t182",1,"3",991,"pseudorec","forw","HF","abst",NA,182,"CVETIL","ALD"
119,"s4.dat",4,"t182",1,"3",991,"pseudorec","forw","HF","abst",NA,182,"DOLAŠ","VLD"
120,"s4.dat",4,"t107",1,"1",852,"rec","forw","LF","conc","sarma",107,"SARMA","ALD"
120,"s4.dat",4,"t107",1,"1",852,"rec","forw","LF","conc","čioda",107,"ČIODA","VLD"
121,"s4.dat",4,"t72",1,"1",491,"rec","forw","HF","abst","uslov",72,"USLOV","ALD"
121,"s4.dat",4,"t72",1,"1",491,"rec","forw","HF","abst","uspeh",72,"USPEH","VLD"
122,"s4.dat",4,"t90",1,"1",471,"rec","forw","HF","conc","grana",90,"GRANA","ALD"
122,"s4.dat",4,"t90",1,"1",471,"rec","forw","HF","conc","ptica",90,"PTICA","VLD"
123,"s4.dat",4,"t62",1,"1",490,"rec","forw","HF","abst","izdaja",62,"IZDAJA","ALD"
123,"s4.dat",4,"t62",1,"1",490,"rec","forw","HF","abst","uzrok",62,"UZROK","VLD"
124,"s4.dat",4,"t59",1,"1",1121,"rec","backw","LF","conc","delfin",59,"NIFLED","ALD"
124,"s4.dat",4,"t59",1,"1",1121,"rec","backw","LF","conc","papuča",59,"AČUPAP","VLD"
125,"s4.dat",4,"t233",1,"3",1041,"pseudorec","forw","LF","conc",NA,233,"DRZNIL","ALD"
125,"s4.dat",4,"t233",1,"3",1041,"pseudorec","forw","LF","conc",NA,233,"NAMAG","VLD"
126,"s4.dat",4,"t19",1,"1",1082,"rec","backw","HF","conc","sekira",19,"ARIKES","ALD"
126,"s4.dat",4,"t19",1,"1",1082,"rec","backw","HF","conc","rakija",19,"AJIKAR","VLD"
127,"s4.dat",4,"t162",0,"None",NA,"pseudorec","backw","LF","abst",NA,162,"BAROZ","ALD"
127,"s4.dat",4,"t162",0,"None",NA,"pseudorec","backw","LF","abst",NA,162,"NAKOČ","VLD"
129,"s4.dat",4,"t221",1,"3",991,"pseudorec","forw","LF","abst",NA,221,"KVARŠ","ALD"
129,"s4.dat",4,"t221",1,"3",991,"pseudorec","forw","LF","abst",NA,221,"CELEP","VLD"
130,"s4.dat",4,"t197",1,"3",932,"pseudorec","forw","HF","conc",NA,197,"SISAB","ALD"
130,"s4.dat",4,"t197",1,"3",932,"pseudorec","forw","HF","conc",NA,197,"KLIKET","VLD"
131,"s4.dat",4,"t149",1,"3",1021,"pseudorec","backw","HF","conc",NA,149,"KINIB","ALD"
131,"s4.dat",4,"t149",1,"3",1021,"pseudorec","backw","HF","conc",NA,149,"VISAR","VLD"
132,"s4.dat",4,"t213",0,"None",NA,"pseudorec","forw","LF","abst",NA,213,"DOSLUZ","ALD"
132,"s4.dat",4,"t213",0,"None",NA,"pseudorec","forw","LF","abst",NA,213,"ODVOC","VLD"
134,"s4.dat",4,"t111",1,"1",561,"rec","forw","LF","conc","perika",111,"PERIKA","ALD"
134,"s4.dat",4,"t111",1,"1",561,"rec","forw","LF","conc","pelena",111,"PELENA","VLD"
135,"s4.dat",4,"t222",1,"3",691,"pseudorec","forw","LF","abst",NA,222,"BAROL","ALD"
135,"s4.dat",4,"t222",1,"3",691,"pseudorec","forw","LF","abst",NA,222,"TREGEN","VLD"
136,"s4.dat",4,"t46",1,"1",1181,"rec","backw","LF","conc","maslac",46,"CALSAM","ALD"
136,"s4.dat",4,"t46",1,"1",1181,"rec","backw","LF","conc","cvekla",46,"ALKEVC","VLD"
137,"s4.dat",4,"t173",1,"3",981,"pseudorec","backw","LF","conc",NA,173,"IMPORK","ALD"
137,"s4.dat",4,"t173",1,"3",981,"pseudorec","backw","LF","conc",NA,173,"LENJOČ","VLD"
138,"s4.dat",4,"t140",1,"3",1022,"pseudorec","backw","HF","conc",NA,140,"LUKSUR","ALD"
138,"s4.dat",4,"t140",1,"3",1022,"pseudorec","backw","HF","conc",NA,140,"UZGOT","VLD"
139,"s4.dat",4,"t77",1,"1",471,"rec","forw","HF","conc","točak",77,"TOČAK","ALD"
139,"s4.dat",4,"t77",1,"1",471,"rec","forw","HF","conc","kesten",77,"KESTEN","VLD"
140,"s4.dat",4,"t102",1,"1",1172,"rec","forw","LF","abst","ljutnja",102,"LJUTNJA","ALD"
140,"s4.dat",4,"t102",1,"1",1172,"rec","forw","LF","abst","profit",102,"PROFIT","VLD"
141,"s4.dat",4,"t132",1,"3",1212,"pseudorec","backw","HF","abst",NA,132,"NAZER","ALD"
141,"s4.dat",4,"t132",1,"3",1212,"pseudorec","backw","HF","abst",NA,132,"AVANČ","VLD"
142,"s4.dat",4,"t230",1,"3",1222,"pseudorec","forw","LF","conc",NA,230,"CINIB","ALD"
142,"s4.dat",4,"t230",1,"3",1222,"pseudorec","forw","LF","conc",NA,230,"KONZUP","VLD"
143,"s4.dat",4,"t82",1,"1",501,"rec","forw","HF","conc","kaput",82,"KAPUT","ALD"
143,"s4.dat",4,"t82",1,"1",501,"rec","forw","HF","conc","klavir",82,"KLAVIR","VLD"
144,"s4.dat",4,"t144",1,"3",1232,"pseudorec","backw","HF","conc",NA,144,"MASIT","ALD"
144,"s4.dat",4,"t144",1,"3",1232,"pseudorec","backw","HF","conc",NA,144,"SLANIB","VLD"
145,"s4.dat",4,"t229",1,"3",942,"pseudorec","forw","LF","conc",NA,229,"REBUL","ALD"
145,"s4.dat",4,"t229",1,"3",942,"pseudorec","forw","LF","conc",NA,229,"NABOH","VLD"
146,"s4.dat",4,"t41",1,"1",1352,"rec","backw","LF","abst","status",41,"SUTATS","ALD"
146,"s4.dat",4,"t41",1,"1",1352,"rec","backw","LF","abst","tegoba",41,"ABOGET","VLD"
147,"s4.dat",4,"t177",1,"3",1282,"pseudorec","backw","LF","conc",NA,177,"JERED","ALD"
147,"s4.dat",4,"t177",1,"3",1282,"pseudorec","backw","LF","conc",NA,177,"MELED","VLD"
148,"s4.dat",4,"t226",1,"3",1402,"pseudorec","forw","LF","conc",NA,226,"BALZAL","ALD"
148,"s4.dat",4,"t226",1,"3",1402,"pseudorec","forw","LF","conc",NA,226,"RITUAC","VLD"
149,"s4.dat",4,"t157",1,"3",961,"pseudorec","backw","LF","abst",NA,157,"TITAČ","ALD"
149,"s4.dat",4,"t157",1,"3",961,"pseudorec","backw","LF","abst",NA,157,"ŠAPTAK","VLD"
150,"s4.dat",4,"t64",1,"1",591,"rec","forw","HF","abst","pretnja",64,"PRETNJA","ALD"
150,"s4.dat",4,"t64",1,"1",591,"rec","forw","HF","abst","milost",64,"MILOST","VLD"
151,"s4.dat",4,"t88",1,"1",401,"rec","forw","HF","conc","zgrada",88,"ZGRADA","ALD"
151,"s4.dat",4,"t88",1,"1",401,"rec","forw","HF","conc","knjiga",88,"KNJIGA","VLD"
152,"s4.dat",4,"t175",1,"3",1012,"pseudorec","backw","LF","conc",NA,175,"UDOVAL","ALD"
152,"s4.dat",4,"t175",1,"3",1012,"pseudorec","backw","LF","conc",NA,175,"AKCENAŠ","VLD"
153,"s4.dat",4,"t142",1,"3",1122,"pseudorec","backw","HF","conc",NA,142,"ZUBID","ALD"
153,"s4.dat",4,"t142",1,"3",1122,"pseudorec","backw","HF","conc",NA,142,"KEDAP","VLD"
154,"s4.dat",4,"t195",1,"3",1342,"pseudorec","forw","HF","abst",NA,195,"SVEKAN","ALD"
154,"s4.dat",4,"t195",1,"3",1342,"pseudorec","forw","HF","abst",NA,195,"TOTEK","VLD"
155,"s4.dat",4,"t218",1,"3",1012,"pseudorec","forw","LF","abst",NA,218,"ROVAG","ALD"
155,"s4.dat",4,"t218",1,"3",1012,"pseudorec","forw","LF","abst",NA,218,"EPITEZ","VLD"
156,"s4.dat",4,"t110",1,"1",621,"rec","forw","LF","conc","ranac",110,"RANAC","ALD"
156,"s4.dat",4,"t110",1,"1",621,"rec","forw","LF","conc","kliker",110,"KLIKER","VLD"
157,"s4.dat",4,"t236",1,"3",831,"pseudorec","forw","LF","conc",NA,236,"UMNJAF","ALD"
157,"s4.dat",4,"t236",1,"3",831,"pseudorec","forw","LF","conc",NA,236,"HR~AN","ALD"
158,"s4.dat",4,"t129",0,"None",NA,"pseudorec","backw","HF","abst",NA,129,"AKTEF","ALD"
158,"s4.dat",4,"t129",0,"None",NA,"pseudorec","backw","HF","abst",NA,129,"AFEKAL","VLD"
160,"s4.dat",4,"t79",1,"1",501,"rec","forw","HF","conc","marama",79,"MARAMA","ALD"
160,"s4.dat",4,"t79",1,"1",501,"rec","forw","HF","conc","kolica",79,"KOLICA","VLD"
161,"s4.dat",4,"t3",0,"3",NA,"rec","backw","HF","abst","kriza",3,"AZIRK","ALD"
161,"s4.dat",4,"t3",0,"3",NA,"rec","backw","HF","abst","uticaj",3,"JACITU","VLD"
162,"s4.dat",4,"t179",0,"1",NA,"pseudorec","backw","LF","conc",NA,179,"PETLIR","ALD"
162,"s4.dat",4,"t179",0,"1",NA,"pseudorec","backw","LF","conc",NA,179,"KANTAC","VLD"
163,"s4.dat",4,"t5",1,"1",1292,"rec","backw","HF","abst","promet",5,"TEMORP","ALD"
163,"s4.dat",4,"t5",1,"1",1292,"rec","backw","HF","abst","žalost",5,"TSOLAŽ","VLD"
164,"s4.dat",4,"t151",1,"3",942,"pseudorec","backw","LF","abst",NA,151,"PRIZIT","ALD"
164,"s4.dat",4,"t151",1,"3",942,"pseudorec","backw","LF","abst",NA,151,"PASAM","VLD"
165,"s4.dat",4,"t165",1,"3",921,"pseudorec","backw","LF","abst",NA,165,"KARMIG","ALD"
165,"s4.dat",4,"t165",1,"3",921,"pseudorec","backw","LF","abst",NA,165,"SIRUL","VLD"
166,"s4.dat",4,"t100",1,"1",751,"rec","forw","LF","abst","trpnja",100,"TRPNJA","ALD"
166,"s4.dat",4,"t100",1,"1",751,"rec","forw","LF","abst","raspon",100,"RASPON","VLD"
167,"s4.dat",4,"t39",0,"3",NA,"rec","backw","LF","abst","trema",39,"AMERT","ALD"
167,"s4.dat",4,"t39",0,"3",NA,"rec","backw","LF","abst","pouka",39,"AKUOP","VLD"
168,"s4.dat",4,"t143",1,"3",1372,"pseudorec","backw","HF","conc",NA,143,"BRLOF","ALD"
168,"s4.dat",4,"t143",1,"3",1372,"pseudorec","backw","HF","conc",NA,143,"BATAZ","VLD"
169,"s4.dat",4,"t58",1,"1",971,"rec","backw","LF","conc","makaze",58,"EZAKAM","ALD"
169,"s4.dat",4,"t58",1,"1",971,"rec","backw","LF","conc","banana",58,"ANANAB","VLD"
170,"s4.dat",4,"t98",1,"1",761,"rec","forw","LF","abst","slanje",98,"SLANJE","ALD"
170,"s4.dat",4,"t98",1,"1",761,"rec","forw","LF","abst","užitak",98,"UŽITAK","VLD"
171,"s4.dat",4,"t199",1,"3",901,"pseudorec","forw","HF","conc",NA,199,"BORDEP","ALD"
171,"s4.dat",4,"t199",1,"3",901,"pseudorec","forw","HF","conc",NA,199,"KLIPAĆ","VLD"
172,"s4.dat",4,"t86",1,"1",440,"rec","forw","HF","conc","krevet",86,"KREVET","ALD"
172,"s4.dat",4,"t86",1,"1",440,"rec","forw","HF","conc","lopta",86,"LOPTA","VLD"
173,"s4.dat",4,"t40",0,"3",NA,"rec","backw","LF","abst","aspekt",40,"TKEPSA","ALD"
173,"s4.dat",4,"t40",0,"3",NA,"rec","backw","LF","abst","revolt",40,"TLOVER","VLD"
174,"s4.dat",4,"t31",0,"3",NA,"rec","backw","LF","abst","izazov",31,"VOZAZI","ALD"
174,"s4.dat",4,"t31",0,"3",NA,"rec","backw","LF","abst","etika",31,"AKITE","VLD"
175,"s4.dat",4,"t96",1,"1",521,"rec","forw","LF","abst","nerad",96,"NERAD","ALD"
175,"s4.dat",4,"t96",1,"1",521,"rec","forw","LF","abst","elita",96,"ELITA","VLD"
176,"s4.dat",4,"t209",1,"3",1112,"pseudorec","forw","HF","conc",NA,209,"ARGOP","ALD"
176,"s4.dat",4,"t209",1,"3",1112,"pseudorec","forw","HF","conc",NA,209,"HARAK","VLD"
177,"s4.dat",4,"t181",1,"3",1132,"pseudorec","forw","HF","abst",NA,181,"SOMUH","ALD"
177,"s4.dat",4,"t181",1,"3",1132,"pseudorec","forw","HF","abst",NA,181,"TANIH","VLD"
178,"s4.dat",4,"t210",1,"3",1192,"pseudorec","forw","HF","conc",NA,210,"GORAZ","ALD"
178,"s4.dat",4,"t210",1,"3",1192,"pseudorec","forw","HF","conc",NA,210,"SATEP","VLD"
179,"s4.dat",4,"t74",1,"1",631,"rec","forw","HF","abst","sreća",74,"SREĆA","ALD"
179,"s4.dat",4,"t74",1,"1",631,"rec","forw","HF","abst","odnos",74,"ODNOS","VLD"
180,"s4.dat",4,"t194",1,"3",822,"pseudorec","forw","HF","abst",NA,194,"SONAĐ","ALD"
180,"s4.dat",4,"t194",1,"3",822,"pseudorec","forw","HF","abst",NA,194,"ŠPRIĐ","ALD"
181,"s4.dat",4,"t155",0,"None",NA,"pseudorec","backw","LF","abst",NA,155,"MIKROZ","ALD"
181,"s4.dat",4,"t155",0,"None",NA,"pseudorec","backw","LF","abst",NA,155,"KAUBOT","VLD"
183,"s4.dat",4,"t158",1,"3",1111,"pseudorec","backw","LF","abst",NA,158,"KAJAC","ALD"
183,"s4.dat",4,"t158",1,"3",1111,"pseudorec","backw","LF","abst",NA,158,"ĆEVAK","VLD"
184,"s4.dat",4,"t120",1,"1",631,"rec","forw","LF","conc","krljušt",120,"KRLJUŠT","ALD"
184,"s4.dat",4,"t120",1,"1",631,"rec","forw","LF","conc","olovka",120,"OLOVKA","VLD"
185,"s4.dat",4,"t170",1,"3",881,"pseudorec","backw","LF","conc",NA,170,"PORTIN","ALD"
185,"s4.dat",4,"t170",1,"3",881,"pseudorec","backw","LF","conc",NA,170,"ŠESTAM","VLD"
186,"s4.dat",4,"t207",1,"3",1261,"pseudorec","forw","HF","conc",NA,207,"ZAREM","ALD"
186,"s4.dat",4,"t207",1,"3",1261,"pseudorec","forw","HF","conc",NA,207,"BONTOZ","VLD"
187,"s4.dat",4,"t147",1,"3",1151,"pseudorec","backw","HF","conc",NA,147,"PATAR","ALD"
187,"s4.dat",4,"t147",1,"3",1151,"pseudorec","backw","HF","conc",NA,147,"VELUT","VLD"
188,"s4.dat",4,"t6",1,"1",1312,"rec","backw","HF","abst","svrha",6,"AHRVS","ALD"
188,"s4.dat",4,"t6",1,"1",1312,"rec","backw","HF","abst","obnova",6,"AVONBO","VLD"
189,"s4.dat",4,"t191",0,"None",NA,"pseudorec","forw","HF","abst",NA,191,"BAMBUK","ALD"
189,"s4.dat",4,"t191",0,"None",NA,"pseudorec","forw","HF","abst",NA,191,"VERMUJ","VLD"
191,"s4.dat",4,"t8",0,"3",NA,"rec","backw","HF","abst","pojava",8,"AVAJOP","ALD"
191,"s4.dat",4,"t8",0,"3",NA,"rec","backw","HF","abst","pravda",8,"ADVARP","VLD"
192,"s4.dat",4,"t200",1,"3",1392,"pseudorec","forw","HF","conc",NA,200,"PROSAR","ALD"
192,"s4.dat",4,"t200",1,"3",1392,"pseudorec","forw","HF","conc",NA,200,"KOSMOR","VLD"
193,"s4.dat",4,"t115",1,"1",621,"rec","forw","LF","conc","božur",115,"BOŽUR","ALD"
193,"s4.dat",4,"t115",1,"1",621,"rec","forw","LF","conc","prase",115,"PRASE","VLD"
194,"s4.dat",4,"t45",1,"1",1102,"rec","backw","LF","abst","pakost",45,"TSOKAP","ALD"
194,"s4.dat",4,"t45",1,"1",1102,"rec","backw","LF","abst","ishod",45,"DOHSI","VLD"
195,"s4.dat",4,"t192",0,"1",NA,"pseudorec","forw","HF","abst",NA,192,"OMLEZ","ALD"
195,"s4.dat",4,"t192",0,"1",NA,"pseudorec","forw","HF","abst",NA,192,"IRVAB","VLD"
196,"s4.dat",4,"t159",1,"3",1302,"pseudorec","backw","LF","abst",NA,159,"MALEG","ALD"
196,"s4.dat",4,"t159",1,"3",1302,"pseudorec","backw","LF","abst",NA,159,"MADAZ","VLD"
197,"s4.dat",4,"t113",1,"1",852,"rec","forw","LF","conc","alatka",113,"ALATKA","ALD"
197,"s4.dat",4,"t113",1,"1",852,"rec","forw","LF","conc","zebra",113,"ZEBRA","VLD"
198,"s4.dat",4,"t76",1,"1",571,"rec","forw","HF","conc","tepih",76,"TEPIH","ALD"
198,"s4.dat",4,"t76",1,"1",571,"rec","forw","HF","conc","sapun",76,"SAPUN","VLD"
199,"s4.dat",4,"t56",0,"3",NA,"rec","backw","LF","conc","sirće",56,"EĆRIS","ALD"
199,"s4.dat",4,"t56",0,"3",NA,"rec","backw","LF","conc","kobra",56,"ARBOK","VLD"
200,"s4.dat",4,"t89",1,"1",430,"rec","forw","HF","conc","prozor",89,"PROZOR","ALD"
200,"s4.dat",4,"t89",1,"1",430,"rec","forw","HF","conc","vrata",89,"VRATA","VLD"
201,"s4.dat",4,"t109",1,"1",861,"rec","forw","LF","conc","kiosk",109,"KIOSK","ALD"
201,"s4.dat",4,"t109",1,"1",861,"rec","forw","LF","conc","lavor",109,"LAVOR","VLD"
202,"s4.dat",4,"t1",1,"1",1182,"rec","backw","HF","abst","novost",1,"TSOVON","ALD"
202,"s4.dat",4,"t1",1,"1",1182,"rec","backw","HF","abst","metoda",1,"ADOTEM","VLD"
203,"s4.dat",4,"t237",1,"3",1172,"pseudorec","forw","LF","conc",NA,237,"IZDAP","ALD"
203,"s4.dat",4,"t237",1,"3",1172,"pseudorec","forw","LF","conc",NA,237,"FAGOH","VLD"
204,"s4.dat",4,"t63",1,"1",521,"rec","forw","HF","abst","motiv",63,"MOTIV","ALD"
204,"s4.dat",4,"t63",1,"1",521,"rec","forw","HF","abst","celina",63,"CELINA","VLD"
205,"s4.dat",4,"t75",1,"1",501,"rec","forw","HF","abst","radost",75,"RADOST","ALD"
205,"s4.dat",4,"t75",1,"1",501,"rec","forw","HF","abst","ljubav",75,"LJUBAV","VLD"
206,"s4.dat",4,"t101",1,"1",501,"rec","forw","LF","abst","domet",101,"DOMET","ALD"
206,"s4.dat",4,"t101",1,"1",501,"rec","forw","LF","abst","ispad",101,"ISPAD","VLD"
207,"s4.dat",4,"t193",0,"1",NA,"pseudorec","forw","HF","abst",NA,193,"JARAT","ALD"
207,"s4.dat",4,"t193",0,"1",NA,"pseudorec","forw","HF","abst",NA,193,"PROLOZ","VLD"
208,"s4.dat",4,"t235",1,"3",1072,"pseudorec","forw","LF","conc",NA,235,"EGZIČ","ALD"
208,"s4.dat",4,"t235",1,"3",1072,"pseudorec","forw","LF","conc",NA,235,"MAHET","VLD"
209,"s4.dat",4,"t174",1,"3",871,"pseudorec","backw","LF","conc",NA,174,"VOKAB","ALD"
209,"s4.dat",4,"t174",1,"3",871,"pseudorec","backw","LF","conc",NA,174,"ZIDIB","VLD"
210,"s4.dat",4,"t156",1,"3",1071,"pseudorec","backw","LF","abst",NA,156,"MINUR","ALD"
210,"s4.dat",4,"t156",1,"3",1071,"pseudorec","backw","LF","abst",NA,156,"PUDINC","VLD"
211,"s4.dat",4,"t93",1,"1",751,"rec","forw","LF","abst","skepsa",93,"SKEPSA","ALD"
211,"s4.dat",4,"t93",1,"1",751,"rec","forw","LF","abst","barok",93,"BAROK","VLD"
212,"s4.dat",4,"t127",1,"3",941,"pseudorec","backw","HF","abst",NA,127,"JAJNIL","ALD"
212,"s4.dat",4,"t127",1,"3",941,"pseudorec","backw","HF","abst",NA,127,"RATLUZ","VLD"
213,"s4.dat",4,"t60",1,"1",1162,"rec","backw","LF","conc","parket",60,"TEKRAP","ALD"
213,"s4.dat",4,"t60",1,"1",1162,"rec","backw","LF","conc","lopata",60,"ATAPOL","VLD"
214,"s4.dat",4,"t205",0,"None",NA,"pseudorec","forw","HF","conc",NA,205,"PEŠKIG","ALD"
214,"s4.dat",4,"t205",0,"None",NA,"pseudorec","forw","HF","conc",NA,205,"EVNUB","VLD"
216,"s4.dat",4,"t104",1,"1",591,"rec","forw","LF","abst","divota",104,"DIVOTA","ALD"
216,"s4.dat",4,"t104",1,"1",591,"rec","forw","LF","abst","efekat",104,"EFEKAT","VLD"
217,"s4.dat",4,"t17",1,"1",1101,"rec","backw","HF","conc","čekić",17,"ĆIKEČ","ALD"
217,"s4.dat",4,"t17",1,"1",1101,"rec","backw","HF","conc","smokva",17,"AVKOMS","VLD"
218,"s4.dat",4,"t206",1,"3",1332,"pseudorec","forw","HF","conc",NA,206,"GLUPAR","ALD"
218,"s4.dat",4,"t206",1,"3",1332,"pseudorec","forw","HF","conc",NA,206,"ARHID","VLD"
219,"s4.dat",4,"t85",1,"1",511,"rec","forw","HF","conc","koleno",85,"KOLENO","ALD"
219,"s4.dat",4,"t85",1,"1",511,"rec","forw","HF","conc","pepeo",85,"PEPEO","VLD"
220,"s4.dat",4,"t22",0,"3",NA,"rec","backw","HF","conc","čamac",22,"CAMAČ","ALD"
220,"s4.dat",4,"t22",0,"3",NA,"rec","backw","HF","conc","hrast",22,"TSARH","VLD"
221,"s4.dat",4,"t10",0,"3",NA,"rec","backw","HF","abst","značaj",10,"JAČANZ","ALD"
221,"s4.dat",4,"t10",0,"3",NA,"rec","backw","HF","abst","svest",10,"TSEVS","VLD"
222,"s4.dat",4,"t130",1,"3",1011,"pseudorec","backw","HF","abst",NA,130,"REPTIK","ALD"
222,"s4.dat",4,"t130",1,"3",1011,"pseudorec","backw","HF","abst",NA,130,"POVEJ","VLD"
223,"s4.dat",4,"t171",1,"3",1111,"pseudorec","backw","LF","conc",NA,171,"OTKLOR","ALD"
223,"s4.dat",4,"t171",1,"3",1111,"pseudorec","backw","LF","conc",NA,171,"FOKUJ","VLD"
224,"s4.dat",4,"t146",1,"3",1302,"pseudorec","backw","HF","conc",NA,146,"FOSIK","ALD"
224,"s4.dat",4,"t146",1,"3",1302,"pseudorec","backw","HF","conc",NA,146,"DRIPAG","VLD"
225,"s4.dat",4,"t16",1,"1",981,"rec","backw","HF","conc","jagoda",16,"ADOGAJ","ALD"
225,"s4.dat",4,"t16",1,"1",981,"rec","backw","HF","conc","kutija",16,"AJITUK","VLD"
226,"s4.dat",4,"t47",1,"1",922,"rec","backw","LF","conc","spanać",47,"ĆANAPS","ALD"
226,"s4.dat",4,"t47",1,"1",922,"rec","backw","LF","conc","pereca",47,"ACEREP","VLD"
227,"s4.dat",4,"t164",0,"None",NA,"pseudorec","backw","LF","abst",NA,164,"SULTAK","ALD"
227,"s4.dat",4,"t164",0,"None",NA,"pseudorec","backw","LF","abst",NA,164,"BILTEG","VLD"
229,"s4.dat",4,"t128",1,"3",791,"pseudorec","backw","HF","abst",NA,128,"TAJGUP","ALD"
229,"s4.dat",4,"t128",1,"3",791,"pseudorec","backw","HF","abst",NA,128,"MASLAB","VLD"
230,"s4.dat",4,"t114",1,"1",981,"rec","forw","LF","conc","biber",114,"BIBER","ALD"
230,"s4.dat",4,"t114",1,"1",981,"rec","forw","LF","conc","liker",114,"LIKER","VLD"
231,"s4.dat",4,"t9",1,"1",1181,"rec","backw","HF","abst","mašta",9,"ATŠAM","ALD"
231,"s4.dat",4,"t9",1,"1",1181,"rec","backw","HF","abst","razlog",9,"GOLZAR","VLD"
232,"s4.dat",4,"t133",1,"3",1241,"pseudorec","backw","HF","abst",NA,133,"ŠTAPIZ","ALD"
232,"s4.dat",4,"t133",1,"3",1241,"pseudorec","backw","HF","abst",NA,133,"LIRIZ","VLD"
233,"s4.dat",4,"t70",1,"1",641,"rec","forw","HF","abst","briga",70,"BRIGA","ALD"
233,"s4.dat",4,"t70",1,"1",641,"rec","forw","HF","abst","napor",70,"NAPOR","VLD"
234,"s4.dat",4,"t137",1,"3",941,"pseudorec","backw","HF","conc",NA,137,"POLEZ","ALD"
234,"s4.dat",4,"t137",1,"3",941,"pseudorec","backw","HF","conc",NA,137,"STICAP","VLD"
235,"s4.dat",4,"t99",1,"1",671,"rec","forw","LF","abst","otkaz",99,"OTKAZ","ALD"
235,"s4.dat",4,"t99",1,"1",671,"rec","forw","LF","abst","zakup",99,"ZAKUP","VLD"
236,"s4.dat",4,"t234",0,"1",NA,"pseudorec","forw","LF","conc",NA,234,"MURAB","ALD"
236,"s4.dat",4,"t234",0,"1",NA,"pseudorec","forw","LF","conc",NA,234,"MA~OT","ALD"
237,"s4.dat",4,"t23",1,"1",1062,"rec","backw","HF","conc","odelo",23,"OLEDO","ALD"
237,"s4.dat",4,"t23",1,"1",1062,"rec","backw","HF","conc","blato",23,"OTALB","VLD"
238,"s4.dat",4,"t95",1,"1",751,"rec","forw","LF","abst","apsurd",95,"APSURD","ALD"
238,"s4.dat",4,"t95",1,"1",751,"rec","forw","LF","abst","opseg",95,"OPSEG","VLD"
239,"s4.dat",4,"t27",1,"1",911,"rec","backw","HF","conc","stena",27,"ANETS","ALD"
239,"s4.dat",4,"t27",1,"1",911,"rec","backw","HF","conc","mleko",27,"OKELM","VLD"
240,"s4.dat",4,"t53",1,"1",1031,"rec","backw","LF","conc","šnicla",53,"ALCINŠ","ALD"
240,"s4.dat",4,"t53",1,"1",1031,"rec","backw","LF","conc","salama",53,"AMALAS","VLD"
241,"s4.dat",4,"t180",1,"3",952,"pseudorec","backw","LF","conc",NA,180,"RAZVOC","ALD"
241,"s4.dat",4,"t180",1,"3",952,"pseudorec","backw","LF","conc",NA,180,"FILTEB","VLD"
242,"s4.dat",4,"t150",1,"3",1162,"pseudorec","backw","HF","conc",NA,150,"REKEB","ALD"
242,"s4.dat",4,"t150",1,"3",1162,"pseudorec","backw","HF","conc",NA,150,"FLUIŠ","VLD"
243,"s4.dat",4,"t124",1,"3",1232,"pseudorec","backw","HF","abst",NA,124,"SVINJAB","ALD"
243,"s4.dat",4,"t124",1,"3",1232,"pseudorec","backw","HF","abst",NA,124,"SPANAR","VLD"
244,"s4.dat",4,"t13",0,"3",NA,"rec","backw","HF","abst","samoća",13,"AĆOMAS","ALD"
244,"s4.dat",4,"t13",0,"3",NA,"rec","backw","HF","abst","tajna",13,"ANJAT","VLD"
245,"s4.dat",4,"t216",1,"3",1031,"pseudorec","forw","LF","abst",NA,216,"SENJAT","ALD"
245,"s4.dat",4,"t216",1,"3",1031,"pseudorec","forw","LF","abst",NA,216,"IDIOB","VLD"
246,"s4.dat",4,"t78",1,"1",541,"rec","forw","HF","conc","korito",78,"KORITO","ALD"
246,"s4.dat",4,"t78",1,"1",541,"rec","forw","HF","conc","jastuk",78,"JASTUK","VLD"
247,"s4.dat",4,"t185",1,"3",771,"pseudorec","forw","HF","abst",NA,185,"FARMET","ALD"
247,"s4.dat",4,"t185",1,"3",771,"pseudorec","forw","HF","abst",NA,185,"RABIĐ","ALD"
248,"s4.dat",4,"t139",1,"3",841,"pseudorec","backw","HF","conc",NA,139,"ZEJTIZ","ALD"
248,"s4.dat",4,"t139",1,"3",841,"pseudorec","backw","HF","conc",NA,139,"HIBRIF","VLD"
249,"s4.dat",4,"t224",1,"3",1012,"pseudorec","forw","LF","abst",NA,224,"BOJLEG","ALD"
249,"s4.dat",4,"t224",1,"3",1012,"pseudorec","forw","LF","abst",NA,224,"DISTIC","VLD"
250,"s4.dat",4,"t15",1,"1",902,"rec","backw","HF","abst","misao",15,"OASIM","ALD"
250,"s4.dat",4,"t15",1,"1",902,"rec","backw","HF","abst","snaga",15,"AGANS","VLD"
251,"s4.dat",4,"t239",1,"3",1191,"pseudorec","forw","LF","conc",NA,239,"BIFTEM","ALD"
251,"s4.dat",4,"t239",1,"3",1191,"pseudorec","forw","LF","conc",NA,239,"RUNDOG","VLD"
252,"s4.dat",4,"t35",0,"None",NA,"rec","backw","LF","abst","poenta",35,"ATNEOP","ALD"
252,"s4.dat",4,"t35",0,"None",NA,"rec","backw","LF","abst","raskid",35,"DIKSAR","VLD"
254,"s4.dat",4,"t2",0,"None",NA,"rec","backw","HF","abst","dosada",2,"ADASOD","ALD"
254,"s4.dat",4,"t2",0,"None",NA,"rec","backw","HF","abst","pojam",2,"MAJOP","VLD"
256,"s4.dat",4,"t163",0,"None",NA,"pseudorec","backw","LF","abst",NA,163,"BERBET","ALD"
256,"s4.dat",4,"t163",0,"None",NA,"pseudorec","backw","LF","abst",NA,163,"PRESEB","VLD"
258,"s4.dat",4,"t148",1,"3",1042,"pseudorec","backw","HF","conc",NA,148,"PRELER","ALD"
258,"s4.dat",4,"t148",1,"3",1042,"pseudorec","backw","HF","conc",NA,148,"BAZAP","VLD"
259,"s4.dat",4,"t202",1,"3",1001,"pseudorec","forw","HF","conc",NA,202,"ŠTANK","ALD"
259,"s4.dat",4,"t202",1,"3",1001,"pseudorec","forw","HF","conc",NA,202,"PANTEK","VLD"
260,"s4.dat",4,"t83",1,"1",630,"rec","forw","HF","conc","klupa",83,"KLUPA","ALD"
260,"s4.dat",4,"t83",1,"1",630,"rec","forw","HF","conc","zavesa",83,"ZAVESA","VLD"
261,"s4.dat",4,"t121",0,"1",NA,"pseudorec","backw","HF","abst",NA,121,"TROVAB","ALD"
261,"s4.dat",4,"t121",0,"1",NA,"pseudorec","backw","HF","abst",NA,121,"KORDOB","VLD"
262,"s4.dat",4,"t204",1,"3",1071,"pseudorec","forw","HF","conc",NA,204,"LENJIZ","ALD"
262,"s4.dat",4,"t204",1,"3",1071,"pseudorec","forw","HF","conc",NA,204,"BILIOD","VLD"
263,"s4.dat",4,"t34",0,"3",NA,"rec","backw","LF","abst","rizik",34,"KIZIR","ALD"
263,"s4.dat",4,"t34",0,"3",NA,"rec","backw","LF","abst","upliv",34,"VILPU","VLD"
1,"s5.dat",5,"t94",1,"1",791,"rec","forw","LF","abst","trenje",94,"TRENJE","ALD"
1,"s5.dat",5,"t94",1,"1",791,"rec","forw","LF","abst","deoba",94,"DEOBA","VLD"
2,"s5.dat",5,"t19",0,"3",NA,"rec","backw","HF","conc","sekira",19,"ARIKES","ALD"
2,"s5.dat",5,"t19",0,"3",NA,"rec","backw","HF","conc","rakija",19,"AJIKAR","VLD"
3,"s5.dat",5,"t142",0,"None",NA,"pseudorec","backw","HF","conc",NA,142,"ZUBID","ALD"
3,"s5.dat",5,"t142",0,"None",NA,"pseudorec","backw","HF","conc",NA,142,"KEDAP","VLD"
5,"s5.dat",5,"t199",0,"1",NA,"pseudorec","forw","HF","conc",NA,199,"BORDEP","ALD"
5,"s5.dat",5,"t199",0,"1",NA,"pseudorec","forw","HF","conc",NA,199,"KLIPAĆ","VLD"
6,"s5.dat",5,"t171",1,"3",882,"pseudorec","backw","LF","conc",NA,171,"OTKLOR","ALD"
6,"s5.dat",5,"t171",1,"3",882,"pseudorec","backw","LF","conc",NA,171,"FOKUJ","VLD"
7,"s5.dat",5,"t105",1,"1",671,"rec","forw","LF","abst","logika",105,"LOGIKA","ALD"
7,"s5.dat",5,"t105",1,"1",671,"rec","forw","LF","abst","oprez",105,"OPREZ","VLD"
8,"s5.dat",5,"t1",0,"None",NA,"rec","backw","HF","abst","novost",1,"TSOVON","ALD"
8,"s5.dat",5,"t1",0,"None",NA,"rec","backw","HF","abst","metoda",1,"ADOTEM","VLD"
10,"s5.dat",5,"t147",1,"3",1262,"pseudorec","backw","HF","conc",NA,147,"PATAR","ALD"
10,"s5.dat",5,"t147",1,"3",1262,"pseudorec","backw","HF","conc",NA,147,"VELUT","VLD"
11,"s5.dat",5,"t63",1,"1",671,"rec","forw","HF","abst","motiv",63,"MOTIV","ALD"
11,"s5.dat",5,"t63",1,"1",671,"rec","forw","HF","abst","celina",63,"CELINA","VLD"
12,"s5.dat",5,"t137",0,"None",NA,"pseudorec","backw","HF","conc",NA,137,"POLEZ","ALD"
12,"s5.dat",5,"t137",0,"None",NA,"pseudorec","backw","HF","conc",NA,137,"STICAP","VLD"
14,"s5.dat",5,"t234",0,"None",NA,"pseudorec","forw","LF","conc",NA,234,"MURAB","ALD"
14,"s5.dat",5,"t234",0,"None",NA,"pseudorec","forw","LF","conc",NA,234,"MA~OT","ALD"
16,"s5.dat",5,"t134",0,"None",NA,"pseudorec","backw","HF","abst",NA,134,"DIZEB","ALD"
16,"s5.dat",5,"t134",0,"None",NA,"pseudorec","backw","HF","abst",NA,134,"LOTOG","VLD"
18,"s5.dat",5,"t64",1,"1",821,"rec","forw","HF","abst","pretnja",64,"PRETNJA","ALD"
18,"s5.dat",5,"t64",1,"1",821,"rec","forw","HF","abst","milost",64,"MILOST","VLD"
19,"s5.dat",5,"t207",1,"3",1332,"pseudorec","forw","HF","conc",NA,207,"ZAREM","ALD"
19,"s5.dat",5,"t207",1,"3",1332,"pseudorec","forw","HF","conc",NA,207,"BONTOZ","VLD"
20,"s5.dat",5,"t61",1,"1",501,"rec","forw","HF","abst","nemoć",61,"NEMOĆ","ALD"
20,"s5.dat",5,"t61",1,"1",501,"rec","forw","HF","abst","sudba",61,"SUDBA","VLD"
21,"s5.dat",5,"t71",1,"1",501,"rec","forw","HF","abst","slutnja",71,"SLUTNJA","ALD"
21,"s5.dat",5,"t71",1,"1",501,"rec","forw","HF","abst","razvoj",71,"RAZVOJ","VLD"
22,"s5.dat",5,"t158",1,"3",822,"pseudorec","backw","LF","abst",NA,158,"KAJAC","ALD"
22,"s5.dat",5,"t158",1,"3",822,"pseudorec","backw","LF","abst",NA,158,"ĆEVAK","VLD"
23,"s5.dat",5,"t38",1,"1",1222,"rec","backw","LF","abst","afera",38,"AREFA","ALD"
23,"s5.dat",5,"t38",1,"1",1222,"rec","backw","LF","abst","dogma",38,"AMGOD","VLD"
24,"s5.dat",5,"t132",1,"3",1092,"pseudorec","backw","HF","abst",NA,132,"NAZER","ALD"
24,"s5.dat",5,"t132",1,"3",1092,"pseudorec","backw","HF","abst",NA,132,"AVANČ","VLD"
25,"s5.dat",5,"t51",0,"None",NA,"rec","backw","LF","conc","pekmez",51,"ZEMKEP","ALD"
25,"s5.dat",5,"t51",0,"None",NA,"rec","backw","LF","conc","šaran",51,"NARAŠ","VLD"
27,"s5.dat",5,"t186",1,"3",1452,"pseudorec","forw","HF","abst",NA,186,"ZNALAB","ALD"
27,"s5.dat",5,"t186",1,"3",1452,"pseudorec","forw","HF","abst",NA,186,"MODUĐ","ALD"
28,"s5.dat",5,"t33",0,"3",NA,"rec","backw","LF","abst","opoziv",33,"VIZOPO","ALD"
28,"s5.dat",5,"t33",0,"3",NA,"rec","backw","LF","abst","renome",33,"EMONER","VLD"
29,"s5.dat",5,"t47",0,"3",NA,"rec","backw","LF","conc","spanać",47,"ĆANAPS","ALD"
29,"s5.dat",5,"t47",0,"3",NA,"rec","backw","LF","conc","pereca",47,"ACEREP","VLD"
30,"s5.dat",5,"t225",1,"3",1091,"pseudorec","forw","LF","abst",NA,225,"BULDOF","ALD"
30,"s5.dat",5,"t225",1,"3",1091,"pseudorec","forw","LF","abst",NA,225,"TUMOČ","VLD"
31,"s5.dat",5,"t14",0,"3",NA,"rec","backw","HF","abst","posao",14,"OASOP","ALD"
31,"s5.dat",5,"t14",0,"3",NA,"rec","backw","HF","abst","strah",14,"HARTS","VLD"
32,"s5.dat",5,"t148",1,"3",631,"pseudorec","backw","HF","conc",NA,148,"PRELER","ALD"
32,"s5.dat",5,"t148",1,"3",631,"pseudorec","backw","HF","conc",NA,148,"BAZAP","VLD"
33,"s5.dat",5,"t73",1,"1",501,"rec","forw","HF","abst","zakon",73,"ZAKON","ALD"
33,"s5.dat",5,"t73",1,"1",501,"rec","forw","HF","abst","istina",73,"ISTINA","VLD"
34,"s5.dat",5,"t136",1,"3",791,"pseudorec","backw","HF","conc",NA,136,"TURBAH","ALD"
34,"s5.dat",5,"t136",1,"3",791,"pseudorec","backw","HF","conc",NA,136,"AZBESČ","VLD"
35,"s5.dat",5,"t146",1,"3",631,"pseudorec","backw","HF","conc",NA,146,"FOSIK","ALD"
35,"s5.dat",5,"t146",1,"3",631,"pseudorec","backw","HF","conc",NA,146,"DRIPAG","VLD"
36,"s5.dat",5,"t60",1,"1",1242,"rec","backw","LF","conc","parket",60,"TEKRAP","ALD"
36,"s5.dat",5,"t60",1,"1",1242,"rec","backw","LF","conc","lopata",60,"ATAPOL","VLD"
37,"s5.dat",5,"t21",0,"3",NA,"rec","backw","HF","conc","kapija",21,"AJIPAK","ALD"
37,"s5.dat",5,"t21",0,"3",NA,"rec","backw","HF","conc","galeb",21,"BELAG","VLD"
38,"s5.dat",5,"t129",0,"None",NA,"pseudorec","backw","HF","abst",NA,129,"AKTEF","ALD"
38,"s5.dat",5,"t129",0,"None",NA,"pseudorec","backw","HF","abst",NA,129,"AFEKAL","VLD"
40,"s5.dat",5,"t154",0,"None",NA,"pseudorec","backw","LF","abst",NA,154,"REZOL","ALD"
40,"s5.dat",5,"t154",0,"None",NA,"pseudorec","backw","LF","abst",NA,154,"SKRON","VLD"
42,"s5.dat",5,"t23",1,"1",1082,"rec","backw","HF","conc","odelo",23,"OLEDO","ALD"
42,"s5.dat",5,"t23",1,"1",1082,"rec","backw","HF","conc","blato",23,"OTALB","VLD"
43,"s5.dat",5,"t233",1,"3",1192,"pseudorec","forw","LF","conc",NA,233,"DRZNIL","ALD"
43,"s5.dat",5,"t233",1,"3",1192,"pseudorec","forw","LF","conc",NA,233,"NAMAG","VLD"
44,"s5.dat",5,"t74",1,"1",641,"rec","forw","HF","abst","sreća",74,"SREĆA","ALD"
44,"s5.dat",5,"t74",1,"1",641,"rec","forw","HF","abst","odnos",74,"ODNOS","VLD"
45,"s5.dat",5,"t50",1,"1",721,"rec","backw","LF","conc","ananas",50,"SANANA","ALD"
45,"s5.dat",5,"t50",1,"1",721,"rec","backw","LF","conc","kajmak",50,"KAMJAK","VLD"
46,"s5.dat",5,"t2",1,"1",931,"rec","backw","HF","abst","dosada",2,"ADASOD","ALD"
46,"s5.dat",5,"t2",1,"1",931,"rec","backw","HF","abst","pojam",2,"MAJOP","VLD"
47,"s5.dat",5,"t226",1,"3",962,"pseudorec","forw","LF","conc",NA,226,"BALZAL","ALD"
47,"s5.dat",5,"t226",1,"3",962,"pseudorec","forw","LF","conc",NA,226,"RITUAC","VLD"
48,"s5.dat",5,"t42",0,"3",NA,"rec","backw","LF","abst","ruglo",42,"OLGUR","ALD"
48,"s5.dat",5,"t42",0,"3",NA,"rec","backw","LF","abst","zamor",42,"ROMAZ","VLD"
49,"s5.dat",5,"t151",0,"None",NA,"pseudorec","backw","LF","abst",NA,151,"PRIZIT","ALD"
49,"s5.dat",5,"t151",0,"None",NA,"pseudorec","backw","LF","abst",NA,151,"PASAM","VLD"
51,"s5.dat",5,"t72",1,"1",591,"rec","forw","HF","abst","uslov",72,"USLOV","ALD"
51,"s5.dat",5,"t72",1,"1",591,"rec","forw","HF","abst","uspeh",72,"USPEH","VLD"
52,"s5.dat",5,"t141",1,"3",671,"pseudorec","backw","HF","conc",NA,141,"VODNIB","ALD"
52,"s5.dat",5,"t141",1,"3",671,"pseudorec","backw","HF","conc",NA,141,"CIMEC","VLD"
53,"s5.dat",5,"t187",0,"1",NA,"pseudorec","forw","HF","abst",NA,187,"RASKIŠ","ALD"
53,"s5.dat",5,"t187",0,"1",NA,"pseudorec","forw","HF","abst",NA,187,"VEŠTAB","VLD"
54,"s5.dat",5,"t175",1,"3",251,"pseudorec","backw","LF","conc",NA,175,"UDOVAL","ALD"
54,"s5.dat",5,"t175",1,"3",251,"pseudorec","backw","LF","conc",NA,175,"AKCENAŠ","VLD"
55,"s5.dat",5,"t43",1,"1",310,"rec","backw","LF","abst","požuda",43,"ADUŽOP","ALD"
55,"s5.dat",5,"t43",1,"1",310,"rec","backw","LF","abst","namena",43,"ANEMAN","VLD"
56,"s5.dat",5,"t206",1,"3",540,"pseudorec","forw","HF","conc",NA,206,"GLUPAR","ALD"
56,"s5.dat",5,"t206",1,"3",540,"pseudorec","forw","HF","conc",NA,206,"ARHID","VLD"
57,"s5.dat",5,"t58",1,"1",1041,"rec","backw","LF","conc","makaze",58,"EZAKAM","ALD"
57,"s5.dat",5,"t58",1,"1",1041,"rec","backw","LF","conc","banana",58,"ANANAB","VLD"
58,"s5.dat",5,"t197",1,"3",681,"pseudorec","forw","HF","conc",NA,197,"SISAB","ALD"
58,"s5.dat",5,"t197",1,"3",681,"pseudorec","forw","HF","conc",NA,197,"KLIKET","VLD"
59,"s5.dat",5,"t209",1,"3",871,"pseudorec","forw","HF","conc",NA,209,"ARGOP","ALD"
59,"s5.dat",5,"t209",1,"3",871,"pseudorec","forw","HF","conc",NA,209,"HARAK","VLD"
60,"s5.dat",5,"t172",1,"3",1261,"pseudorec","backw","LF","conc",NA,172,"MASEF","ALD"
60,"s5.dat",5,"t172",1,"3",1261,"pseudorec","backw","LF","conc",NA,172,"LIMIR","VLD"
61,"s5.dat",5,"t212",1,"3",1011,"pseudorec","forw","LF","abst",NA,212,"TIRKIB","ALD"
61,"s5.dat",5,"t212",1,"3",1011,"pseudorec","forw","LF","abst",NA,212,"KRETEP","VLD"
62,"s5.dat",5,"t16",0,"3",NA,"rec","backw","HF","conc","jagoda",16,"ADOGAJ","ALD"
62,"s5.dat",5,"t16",0,"3",NA,"rec","backw","HF","conc","kutija",16,"AJITUK","VLD"
63,"s5.dat",5,"t135",1,"3",711,"pseudorec","backw","HF","abst",NA,135,"LEMUK","ALD"
63,"s5.dat",5,"t135",1,"3",711,"pseudorec","backw","HF","abst",NA,135,"FALUČ","VLD"
64,"s5.dat",5,"t22",0,"3",NA,"rec","backw","HF","conc","čamac",22,"CAMAČ","ALD"
64,"s5.dat",5,"t22",0,"3",NA,"rec","backw","HF","conc","hrast",22,"TSARH","VLD"
65,"s5.dat",5,"t201",1,"3",1422,"pseudorec","forw","HF","conc",NA,201,"CIKLOP","ALD"
65,"s5.dat",5,"t201",1,"3",1422,"pseudorec","forw","HF","conc",NA,201,"DESPON","VLD"
66,"s5.dat",5,"t70",1,"1",521,"rec","forw","HF","abst","briga",70,"BRIGA","ALD"
66,"s5.dat",5,"t70",1,"1",521,"rec","forw","HF","abst","napor",70,"NAPOR","VLD"
67,"s5.dat",5,"t96",1,"1",701,"rec","forw","LF","abst","nerad",96,"NERAD","ALD"
67,"s5.dat",5,"t96",1,"1",701,"rec","forw","LF","abst","elita",96,"ELITA","VLD"
68,"s5.dat",5,"t100",1,"1",491,"rec","forw","LF","abst","trpnja",100,"TRPNJA","ALD"
68,"s5.dat",5,"t100",1,"1",491,"rec","forw","LF","abst","raspon",100,"RASPON","VLD"
69,"s5.dat",5,"t165",1,"3",961,"pseudorec","backw","LF","abst",NA,165,"KARMIG","ALD"
69,"s5.dat",5,"t165",1,"3",961,"pseudorec","backw","LF","abst",NA,165,"SIRUL","VLD"
70,"s5.dat",5,"t53",0,"3",NA,"rec","backw","LF","conc","šnicla",53,"ALCINŠ","ALD"
70,"s5.dat",5,"t53",0,"3",NA,"rec","backw","LF","conc","salama",53,"AMALAS","VLD"
71,"s5.dat",5,"t219",1,"3",731,"pseudorec","forw","LF","abst",NA,219,"POKOB","ALD"
71,"s5.dat",5,"t219",1,"3",731,"pseudorec","forw","LF","abst",NA,219,"REDAF","VLD"
72,"s5.dat",5,"t99",1,"1",561,"rec","forw","LF","abst","otkaz",99,"OTKAZ","ALD"
72,"s5.dat",5,"t99",1,"1",561,"rec","forw","LF","abst","zakup",99,"ZAKUP","VLD"
73,"s5.dat",5,"t217",1,"3",591,"pseudorec","forw","LF","abst",NA,217,"SERUP","ALD"
73,"s5.dat",5,"t217",1,"3",591,"pseudorec","forw","LF","abst",NA,217,"REZAG","VLD"
74,"s5.dat",5,"t25",1,"1",1172,"rec","backw","HF","conc","jabuka",25,"AKUBAJ","ALD"
74,"s5.dat",5,"t25",1,"1",1172,"rec","backw","HF","conc","lanac",25,"CANAL","VLD"
75,"s5.dat",5,"t26",0,"3",NA,"rec","backw","HF","conc","zmija",26,"AJIMZ","ALD"
75,"s5.dat",5,"t26",0,"3",NA,"rec","backw","HF","conc","jablan",26,"NALBAJ","VLD"
76,"s5.dat",5,"t115",1,"1",681,"rec","forw","LF","conc","božur",115,"BOŽUR","ALD"
76,"s5.dat",5,"t115",1,"1",681,"rec","forw","LF","conc","prase",115,"PRASE","VLD"
77,"s5.dat",5,"t85",1,"1",630,"rec","forw","HF","conc","koleno",85,"KOLENO","ALD"
77,"s5.dat",5,"t85",1,"1",630,"rec","forw","HF","conc","pepeo",85,"PEPEO","VLD"
78,"s5.dat",5,"t114",1,"1",611,"rec","forw","LF","conc","biber",114,"BIBER","ALD"
78,"s5.dat",5,"t114",1,"1",611,"rec","forw","LF","conc","liker",114,"LIKER","VLD"
79,"s5.dat",5,"t131",1,"3",841,"pseudorec","backw","HF","abst",NA,131,"PORIG","ALD"
79,"s5.dat",5,"t131",1,"3",841,"pseudorec","backw","HF","abst",NA,131,"PATROZ","VLD"
80,"s5.dat",5,"t55",0,"3",NA,"rec","backw","LF","conc","zumbul",55,"LUBMUZ","ALD"
80,"s5.dat",5,"t55",0,"3",NA,"rec","backw","LF","conc","kaktus",55,"SUTKAK","VLD"
81,"s5.dat",5,"t188",1,"3",681,"pseudorec","forw","HF","abst",NA,188,"TENOZ","ALD"
81,"s5.dat",5,"t188",1,"3",681,"pseudorec","forw","HF","abst",NA,188,"KOKTEZ","VLD"
82,"s5.dat",5,"t214",1,"3",922,"pseudorec","forw","LF","abst",NA,214,"PITOR","ALD"
82,"s5.dat",5,"t214",1,"3",922,"pseudorec","forw","LF","abst",NA,214,"PIJAD","VLD"
83,"s5.dat",5,"t52",1,"1",931,"rec","backw","LF","conc","šunka",52,"AKNUŠ","ALD"
83,"s5.dat",5,"t52",1,"1",931,"rec","backw","LF","conc","fazan",52,"NAZAF","VLD"
84,"s5.dat",5,"t6",0,"3",NA,"rec","backw","HF","abst","svrha",6,"AHRVS","ALD"
84,"s5.dat",5,"t6",0,"3",NA,"rec","backw","HF","abst","obnova",6,"AVONBO","VLD"
85,"s5.dat",5,"t49",0,"3",NA,"rec","backw","LF","conc","jarac",49,"CARAJ","ALD"
85,"s5.dat",5,"t49",0,"3",NA,"rec","backw","LF","conc","pegla",49,"ALGEP","VLD"
86,"s5.dat",5,"t160",1,"3",841,"pseudorec","backw","LF","abst",NA,160,"ŠAFRAK","ALD"
86,"s5.dat",5,"t160",1,"3",841,"pseudorec","backw","LF","abst",NA,160,"GEOLOT","VLD"
87,"s5.dat",5,"t98",1,"1",571,"rec","forw","LF","abst","slanje",98,"SLANJE","ALD"
87,"s5.dat",5,"t98",1,"1",571,"rec","forw","LF","abst","užitak",98,"UŽITAK","VLD"
88,"s5.dat",5,"t159",1,"3",1022,"pseudorec","backw","LF","abst",NA,159,"MALEG","ALD"
88,"s5.dat",5,"t159",1,"3",1022,"pseudorec","backw","LF","abst",NA,159,"MADAZ","VLD"
89,"s5.dat",5,"t121",0,"1",NA,"pseudorec","backw","HF","abst",NA,121,"TROVAB","ALD"
89,"s5.dat",5,"t121",0,"1",NA,"pseudorec","backw","HF","abst",NA,121,"KORDOB","VLD"
90,"s5.dat",5,"t88",1,"1",521,"rec","forw","HF","conc","zgrada",88,"ZGRADA","ALD"
90,"s5.dat",5,"t88",1,"1",521,"rec","forw","HF","conc","knjiga",88,"KNJIGA","VLD"
91,"s5.dat",5,"t177",1,"3",951,"pseudorec","backw","LF","conc",NA,177,"JERED","ALD"
91,"s5.dat",5,"t177",1,"3",951,"pseudorec","backw","LF","conc",NA,177,"MELED","VLD"
92,"s5.dat",5,"t216",1,"3",1031,"pseudorec","forw","LF","abst",NA,216,"SENJAT","ALD"
92,"s5.dat",5,"t216",1,"3",1031,"pseudorec","forw","LF","abst",NA,216,"IDIOB","VLD"
93,"s5.dat",5,"t240",1,"3",1091,"pseudorec","forw","LF","conc",NA,240,"VOSKAB","ALD"
93,"s5.dat",5,"t240",1,"3",1091,"pseudorec","forw","LF","conc",NA,240,"TRILEN","VLD"
94,"s5.dat",5,"t140",1,"3",812,"pseudorec","backw","HF","conc",NA,140,"LUKSUR","ALD"
94,"s5.dat",5,"t140",1,"3",812,"pseudorec","backw","HF","conc",NA,140,"UZGOT","VLD"
95,"s5.dat",5,"t75",1,"1",541,"rec","forw","HF","abst","radost",75,"RADOST","ALD"
95,"s5.dat",5,"t75",1,"1",541,"rec","forw","HF","abst","ljubav",75,"LJUBAV","VLD"
96,"s5.dat",5,"t34",0,"3",NA,"rec","backw","LF","abst","rizik",34,"KIZIR","ALD"
96,"s5.dat",5,"t34",0,"3",NA,"rec","backw","LF","abst","upliv",34,"VILPU","VLD"
97,"s5.dat",5,"t213",1,"3",581,"pseudorec","forw","LF","abst",NA,213,"DOSLUZ","ALD"
97,"s5.dat",5,"t213",1,"3",581,"pseudorec","forw","LF","abst",NA,213,"ODVOC","VLD"
98,"s5.dat",5,"t232",1,"3",891,"pseudorec","forw","LF","conc",NA,232,"TOALEB","ALD"
98,"s5.dat",5,"t232",1,"3",891,"pseudorec","forw","LF","conc",NA,232,"FAZOR","VLD"
99,"s5.dat",5,"t123",1,"3",1042,"pseudorec","backw","HF","abst",NA,123,"TIGAŠ","ALD"
99,"s5.dat",5,"t123",1,"3",1042,"pseudorec","backw","HF","abst",NA,123,"NEUKUD","VLD"
100,"s5.dat",5,"t29",0,"3",NA,"rec","backw","HF","conc","kamen",29,"NEMAK","ALD"
100,"s5.dat",5,"t29",0,"3",NA,"rec","backw","HF","conc","cveće",29,"EĆEVC","VLD"
101,"s5.dat",5,"t164",1,"3",1152,"pseudorec","backw","LF","abst",NA,164,"SULTAK","ALD"
101,"s5.dat",5,"t164",1,"3",1152,"pseudorec","backw","LF","abst",NA,164,"BILTEG","VLD"
102,"s5.dat",5,"t203",1,"3",1252,"pseudorec","forw","HF","conc",NA,203,"TAPIZ","ALD"
102,"s5.dat",5,"t203",1,"3",1252,"pseudorec","forw","HF","conc",NA,203,"KONDOP","VLD"
103,"s5.dat",5,"t116",1,"1",731,"rec","forw","LF","conc","konjak",116,"KONJAK","ALD"
103,"s5.dat",5,"t116",1,"1",731,"rec","forw","LF","conc","čaplja",116,"ČAPLJA","VLD"
104,"s5.dat",5,"t86",1,"1",641,"rec","forw","HF","conc","krevet",86,"KREVET","ALD"
104,"s5.dat",5,"t86",1,"1",641,"rec","forw","HF","conc","lopta",86,"LOPTA","VLD"
105,"s5.dat",5,"t230",1,"3",711,"pseudorec","forw","LF","conc",NA,230,"CINIB","ALD"
105,"s5.dat",5,"t230",1,"3",711,"pseudorec","forw","LF","conc",NA,230,"KONZUP","VLD"
106,"s5.dat",5,"t218",1,"3",781,"pseudorec","forw","LF","abst",NA,218,"ROVAG","ALD"
106,"s5.dat",5,"t218",1,"3",781,"pseudorec","forw","LF","abst",NA,218,"EPITEZ","VLD"
107,"s5.dat",5,"t237",1,"3",831,"pseudorec","forw","LF","conc",NA,237,"IZDAP","ALD"
107,"s5.dat",5,"t237",1,"3",831,"pseudorec","forw","LF","conc",NA,237,"FAGOH","VLD"
108,"s5.dat",5,"t178",1,"3",1432,"pseudorec","backw","LF","conc",NA,178,"MANGUD","ALD"
108,"s5.dat",5,"t178",1,"3",1432,"pseudorec","backw","LF","conc",NA,178,"STALAV","VLD"
109,"s5.dat",5,"t229",1,"3",741,"pseudorec","forw","LF","conc",NA,229,"REBUL","ALD"
109,"s5.dat",5,"t229",1,"3",741,"pseudorec","forw","LF","conc",NA,229,"NABOH","VLD"
110,"s5.dat",5,"t191",1,"3",1212,"pseudorec","forw","HF","abst",NA,191,"BAMBUK","ALD"
110,"s5.dat",5,"t191",1,"3",1212,"pseudorec","forw","HF","abst",NA,191,"VERMUJ","VLD"
111,"s5.dat",5,"t4",0,"3",NA,"rec","backw","HF","abst","namera",4,"AREMAN","ALD"
111,"s5.dat",5,"t4",0,"3",NA,"rec","backw","HF","abst","osveta",4,"ATEVSO","VLD"
112,"s5.dat",5,"t122",1,"3",832,"pseudorec","backw","HF","abst",NA,122,"PREGIT","ALD"
112,"s5.dat",5,"t122",1,"3",832,"pseudorec","backw","HF","abst",NA,122,"FETUP","VLD"
113,"s5.dat",5,"t104",1,"1",651,"rec","forw","LF","abst","divota",104,"DIVOTA","ALD"
113,"s5.dat",5,"t104",1,"1",651,"rec","forw","LF","abst","efekat",104,"EFEKAT","VLD"
114,"s5.dat",5,"t144",1,"3",1072,"pseudorec","backw","HF","conc",NA,144,"MASIT","ALD"
114,"s5.dat",5,"t144",1,"3",1072,"pseudorec","backw","HF","conc",NA,144,"SLANIB","VLD"
115,"s5.dat",5,"t174",1,"3",721,"pseudorec","backw","LF","conc",NA,174,"VOKAB","ALD"
115,"s5.dat",5,"t174",1,"3",721,"pseudorec","backw","LF","conc",NA,174,"ZIDIB","VLD"
116,"s5.dat",5,"t90",1,"1",531,"rec","forw","HF","conc","grana",90,"GRANA","ALD"
116,"s5.dat",5,"t90",1,"1",531,"rec","forw","HF","conc","ptica",90,"PTICA","VLD"
117,"s5.dat",5,"t12",0,"3",NA,"rec","backw","HF","abst","nemir",12,"RIMEN","ALD"
117,"s5.dat",5,"t12",0,"3",NA,"rec","backw","HF","abst","pomoć",12,"ĆOMOP","VLD"
118,"s5.dat",5,"t84",1,"1",591,"rec","forw","HF","conc","sveća",84,"SVEĆA","ALD"
118,"s5.dat",5,"t84",1,"1",591,"rec","forw","HF","conc","školjka",84,"ŠKOLJKA","VLD"
119,"s5.dat",5,"t130",1,"3",511,"pseudorec","backw","HF","abst",NA,130,"REPTIK","ALD"
119,"s5.dat",5,"t130",1,"3",511,"pseudorec","backw","HF","abst",NA,130,"POVEJ","VLD"
120,"s5.dat",5,"t215",1,"3",1011,"pseudorec","forw","LF","abst",NA,215,"OPOZIN","ALD"
120,"s5.dat",5,"t215",1,"3",1011,"pseudorec","forw","LF","abst",NA,215,"PO~EF","ALD"
121,"s5.dat",5,"t190",1,"3",741,"pseudorec","forw","HF","abst",NA,190,"ŠVERG","ALD"
121,"s5.dat",5,"t190",1,"3",741,"pseudorec","forw","HF","abst",NA,190,"METAT","VLD"
122,"s5.dat",5,"t198",1,"3",581,"pseudorec","forw","HF","conc",NA,198,"GNJURAB","ALD"
122,"s5.dat",5,"t198",1,"3",581,"pseudorec","forw","HF","conc",NA,198,"NITKOZ","VLD"
123,"s5.dat",5,"t69",1,"1",541,"rec","forw","HF","abst","znanje",69,"ZNANJE","ALD"
123,"s5.dat",5,"t69",1,"1",541,"rec","forw","HF","abst","sumnja",69,"SUMNJA","VLD"
124,"s5.dat",5,"t124",1,"3",982,"pseudorec","backw","HF","abst",NA,124,"SVINJAB","ALD"
124,"s5.dat",5,"t124",1,"3",982,"pseudorec","backw","HF","abst",NA,124,"SPANAR","VLD"
125,"s5.dat",5,"t40",0,"3",NA,"rec","backw","LF","abst","aspekt",40,"TKEPSA","ALD"
125,"s5.dat",5,"t40",0,"3",NA,"rec","backw","LF","abst","revolt",40,"TLOVER","VLD"
126,"s5.dat",5,"t103",0,"3",NA,"rec","forw","LF","abst","fizika",103,"FIZIKA","ALD"
126,"s5.dat",5,"t103",0,"3",NA,"rec","forw","LF","abst","nedelo",103,"NEDELO","VLD"
127,"s5.dat",5,"t139",1,"3",531,"pseudorec","backw","HF","conc",NA,139,"ZEJTIZ","ALD"
127,"s5.dat",5,"t139",1,"3",531,"pseudorec","backw","HF","conc",NA,139,"HIBRIF","VLD"
128,"s5.dat",5,"t220",0,"None",NA,"pseudorec","forw","LF","abst",NA,220,"PERAĐ","ALD"
128,"s5.dat",5,"t220",0,"None",NA,"pseudorec","forw","LF","abst",NA,220,"BUMBAG","VLD"
130,"s5.dat",5,"t32",0,"3",NA,"rec","backw","LF","abst","gadost",32,"TSODAG","ALD"
130,"s5.dat",5,"t32",0,"3",NA,"rec","backw","LF","abst","dosluh",32,"HULSOD","VLD"
131,"s5.dat",5,"t7",0,"3",NA,"rec","backw","HF","abst","proces",7,"SECORP","ALD"
131,"s5.dat",5,"t7",0,"3",NA,"rec","backw","HF","abst","korist",7,"TSIROK","VLD"
132,"s5.dat",5,"t108",1,"1",1372,"rec","forw","LF","conc","tegla",108,"TEGLA","ALD"
132,"s5.dat",5,"t108",1,"1",1372,"rec","forw","LF","conc","kompot",108,"KOMPOT","VLD"
133,"s5.dat",5,"t168",1,"3",1222,"pseudorec","backw","LF","conc",NA,168,"JELEP","ALD"
133,"s5.dat",5,"t168",1,"3",1222,"pseudorec","backw","LF","conc",NA,168,"ĆUMEP","VLD"
134,"s5.dat",5,"t46",0,"3",NA,"rec","backw","LF","conc","maslac",46,"CALSAM","ALD"
134,"s5.dat",5,"t46",0,"3",NA,"rec","backw","LF","conc","cvekla",46,"ALKEVC","VLD"
135,"s5.dat",5,"t211",1,"3",962,"pseudorec","forw","LF","abst",NA,211,"KEPEN","ALD"
135,"s5.dat",5,"t211",1,"3",962,"pseudorec","forw","LF","abst",NA,211,"FLUOŠ","VLD"
136,"s5.dat",5,"t192",1,"3",671,"pseudorec","forw","HF","abst",NA,192,"OMLEZ","ALD"
136,"s5.dat",5,"t192",1,"3",671,"pseudorec","forw","HF","abst",NA,192,"IRVAB","VLD"
137,"s5.dat",5,"t239",1,"3",952,"pseudorec","forw","LF","conc",NA,239,"BIFTEM","ALD"
137,"s5.dat",5,"t239",1,"3",952,"pseudorec","forw","LF","conc",NA,239,"RUNDOG","VLD"
138,"s5.dat",5,"t31",0,"3",NA,"rec","backw","LF","abst","izazov",31,"VOZAZI","ALD"
138,"s5.dat",5,"t31",0,"3",NA,"rec","backw","LF","abst","etika",31,"AKITE","VLD"
139,"s5.dat",5,"t179",1,"3",1192,"pseudorec","backw","LF","conc",NA,179,"PETLIR","ALD"
139,"s5.dat",5,"t179",1,"3",1192,"pseudorec","backw","LF","conc",NA,179,"KANTAC","VLD"
140,"s5.dat",5,"t82",1,"1",631,"rec","forw","HF","conc","kaput",82,"KAPUT","ALD"
140,"s5.dat",5,"t82",1,"1",631,"rec","forw","HF","conc","klavir",82,"KLAVIR","VLD"
141,"s5.dat",5,"t149",1,"3",631,"pseudorec","backw","HF","conc",NA,149,"KINIB","ALD"
141,"s5.dat",5,"t149",1,"3",631,"pseudorec","backw","HF","conc",NA,149,"VISAR","VLD"
142,"s5.dat",5,"t37",0,"3",NA,"rec","backw","LF","abst","nužda",37,"ADŽUN","ALD"
142,"s5.dat",5,"t37",0,"3",NA,"rec","backw","LF","abst","pobuda",37,"ADUBOP","VLD"
143,"s5.dat",5,"t45",0,"3",NA,"rec","backw","LF","abst","pakost",45,"TSOKAP","ALD"
143,"s5.dat",5,"t45",0,"3",NA,"rec","backw","LF","abst","ishod",45,"DOHSI","VLD"
144,"s5.dat",5,"t180",1,"3",581,"pseudorec","backw","LF","conc",NA,180,"RAZVOC","ALD"
144,"s5.dat",5,"t180",1,"3",581,"pseudorec","backw","LF","conc",NA,180,"FILTEB","VLD"
145,"s5.dat",5,"t162",1,"3",441,"pseudorec","backw","LF","abst",NA,162,"BAROZ","ALD"
145,"s5.dat",5,"t162",1,"3",441,"pseudorec","backw","LF","abst",NA,162,"NAKOČ","VLD"
146,"s5.dat",5,"t113",1,"1",631,"rec","forw","LF","conc","alatka",113,"ALATKA","ALD"
146,"s5.dat",5,"t113",1,"1",631,"rec","forw","LF","conc","zebra",113,"ZEBRA","VLD"
147,"s5.dat",5,"t205",1,"3",891,"pseudorec","forw","HF","conc",NA,205,"PEŠKIG","ALD"
147,"s5.dat",5,"t205",1,"3",891,"pseudorec","forw","HF","conc",NA,205,"EVNUB","VLD"
148,"s5.dat",5,"t223",1,"3",1082,"pseudorec","forw","LF","abst",NA,223,"OPILJAL","ALD"
148,"s5.dat",5,"t223",1,"3",1082,"pseudorec","forw","LF","abst",NA,223,"IZOTOC","VLD"
149,"s5.dat",5,"t138",0,"None",NA,"pseudorec","backw","HF","conc",NA,138,"MAGNEG","ALD"
149,"s5.dat",5,"t138",0,"None",NA,"pseudorec","backw","HF","conc",NA,138,"KAPLAB","VLD"
151,"s5.dat",5,"t24",0,"None",NA,"rec","backw","HF","conc","breza",24,"AZERB","ALD"
151,"s5.dat",5,"t24",0,"None",NA,"rec","backw","HF","conc","leptir",24,"RITPEL","VLD"
153,"s5.dat",5,"t102",1,"1",821,"rec","forw","LF","abst","ljutnja",102,"LJUTNJA","ALD"
153,"s5.dat",5,"t102",1,"1",821,"rec","forw","LF","abst","profit",102,"PROFIT","VLD"
154,"s5.dat",5,"t231",1,"3",781,"pseudorec","forw","LF","conc",NA,231,"MLEKAF","ALD"
154,"s5.dat",5,"t231",1,"3",781,"pseudorec","forw","LF","conc",NA,231,"KENGUN","VLD"
155,"s5.dat",5,"t125",0,"1",NA,"pseudorec","backw","HF","abst",NA,125,"PANCIT","ALD"
155,"s5.dat",5,"t125",0,"1",NA,"pseudorec","backw","HF","abst",NA,125,"AKSIOK","VLD"
156,"s5.dat",5,"t66",1,"1",751,"rec","forw","HF","abst","period",66,"PERIOD","ALD"
156,"s5.dat",5,"t66",1,"1",751,"rec","forw","HF","abst","otpor",66,"OTPOR","VLD"
157,"s5.dat",5,"t153",1,"3",1312,"pseudorec","backw","LF","abst",NA,153,"PERŠUĐ","ALD"
157,"s5.dat",5,"t153",1,"3",1312,"pseudorec","backw","LF","abst",NA,153,"LOSIOR","VLD"
158,"s5.dat",5,"t156",1,"3",1271,"pseudorec","backw","LF","abst",NA,156,"MINUR","ALD"
158,"s5.dat",5,"t156",1,"3",1271,"pseudorec","backw","LF","abst",NA,156,"PUDINC","VLD"
159,"s5.dat",5,"t10",0,"3",NA,"rec","backw","HF","abst","značaj",10,"JAČANZ","ALD"
159,"s5.dat",5,"t10",0,"3",NA,"rec","backw","HF","abst","svest",10,"TSEVS","VLD"
160,"s5.dat",5,"t155",1,"3",971,"pseudorec","backw","LF","abst",NA,155,"MIKROZ","ALD"
160,"s5.dat",5,"t155",1,"3",971,"pseudorec","backw","LF","abst",NA,155,"KAUBOT","VLD"
161,"s5.dat",5,"t195",0,"None",NA,"pseudorec","forw","HF","abst",NA,195,"SVEKAN","ALD"
161,"s5.dat",5,"t195",0,"None",NA,"pseudorec","forw","HF","abst",NA,195,"TOTEK","VLD"
163,"s5.dat",5,"t145",1,"3",681,"pseudorec","backw","HF","conc",NA,145,"TREZOB","ALD"
163,"s5.dat",5,"t145",1,"3",681,"pseudorec","backw","HF","conc",NA,145,"HAMEŠ","VLD"
164,"s5.dat",5,"t194",1,"3",491,"pseudorec","forw","HF","abst",NA,194,"SONAĐ","ALD"
164,"s5.dat",5,"t194",1,"3",491,"pseudorec","forw","HF","abst",NA,194,"ŠPRIĐ","ALD"
165,"s5.dat",5,"t35",1,"1",852,"rec","backw","LF","abst","poenta",35,"ATNEOP","ALD"
165,"s5.dat",5,"t35",1,"1",852,"rec","backw","LF","abst","raskid",35,"DIKSAR","VLD"
166,"s5.dat",5,"t59",0,"3",NA,"rec","backw","LF","conc","delfin",59,"NIFLED","ALD"
166,"s5.dat",5,"t59",0,"3",NA,"rec","backw","LF","conc","papuča",59,"AČUPAP","VLD"
167,"s5.dat",5,"t39",0,"3",NA,"rec","backw","LF","abst","trema",39,"AMERT","ALD"
167,"s5.dat",5,"t39",0,"3",NA,"rec","backw","LF","abst","pouka",39,"AKUOP","VLD"
168,"s5.dat",5,"t11",0,"3",NA,"rec","backw","HF","abst","zanos",11,"SONAZ","ALD"
168,"s5.dat",5,"t11",0,"3",NA,"rec","backw","HF","abst","smisao",11,"OASIMS","VLD"
169,"s5.dat",5,"t101",1,"1",781,"rec","forw","LF","abst","domet",101,"DOMET","ALD"
169,"s5.dat",5,"t101",1,"1",781,"rec","forw","LF","abst","ispad",101,"ISPAD","VLD"
170,"s5.dat",5,"t181",1,"3",621,"pseudorec","forw","HF","abst",NA,181,"SOMUH","ALD"
170,"s5.dat",5,"t181",1,"3",621,"pseudorec","forw","HF","abst",NA,181,"TANIH","VLD"
171,"s5.dat",5,"t83",1,"1",550,"rec","forw","HF","conc","klupa",83,"KLUPA","ALD"
171,"s5.dat",5,"t83",1,"1",550,"rec","forw","HF","conc","zavesa",83,"ZAVESA","VLD"
172,"s5.dat",5,"t128",1,"3",1402,"pseudorec","backw","HF","abst",NA,128,"TAJGUP","ALD"
172,"s5.dat",5,"t128",1,"3",1402,"pseudorec","backw","HF","abst",NA,128,"MASLAB","VLD"
173,"s5.dat",5,"t189",1,"3",611,"pseudorec","forw","HF","abst",NA,189,"LOGOK","ALD"
173,"s5.dat",5,"t189",1,"3",611,"pseudorec","forw","HF","abst",NA,189,"BEĆAŠ","VLD"
174,"s5.dat",5,"t77",1,"1",651,"rec","forw","HF","conc","točak",77,"TOČAK","ALD"
174,"s5.dat",5,"t77",1,"1",651,"rec","forw","HF","conc","kesten",77,"KESTEN","VLD"
175,"s5.dat",5,"t20",0,"3",NA,"rec","backw","HF","conc","cipela",20,"ALEPIC","ALD"
175,"s5.dat",5,"t20",0,"3",NA,"rec","backw","HF","conc","konac",20,"CANOK","VLD"
176,"s5.dat",5,"t44",0,"3",NA,"rec","backw","LF","abst","zaplet",44,"TELPAZ","ALD"
176,"s5.dat",5,"t44",0,"3",NA,"rec","backw","LF","abst","sujeta",44,"ATEJUS","VLD"
177,"s5.dat",5,"t97",0,"3",NA,"rec","forw","LF","abst","bruka",97,"BRUKA","ALD"
177,"s5.dat",5,"t97",0,"3",NA,"rec","forw","LF","abst","manjak",97,"MANJAK","VLD"
178,"s5.dat",5,"t227",1,"3",741,"pseudorec","forw","LF","conc",NA,227,"CIMEČ","ALD"
178,"s5.dat",5,"t227",1,"3",741,"pseudorec","forw","LF","conc",NA,227,"VITALJ","VLD"
179,"s5.dat",5,"t204",1,"3",541,"pseudorec","forw","HF","conc",NA,204,"LENJIZ","ALD"
179,"s5.dat",5,"t204",1,"3",541,"pseudorec","forw","HF","conc",NA,204,"BILIOD","VLD"
180,"s5.dat",5,"t62",1,"1",631,"rec","forw","HF","abst","izdaja",62,"IZDAJA","ALD"
180,"s5.dat",5,"t62",1,"1",631,"rec","forw","HF","abst","uzrok",62,"UZROK","VLD"
181,"s5.dat",5,"t5",0,"None",NA,"rec","backw","HF","abst","promet",5,"TEMORP","ALD"
181,"s5.dat",5,"t5",0,"None",NA,"rec","backw","HF","abst","žalost",5,"TSOLAŽ","VLD"
183,"s5.dat",5,"t36",0,"3",NA,"rec","backw","LF","abst","idila",36,"ALIDI","ALD"
183,"s5.dat",5,"t36",0,"3",NA,"rec","backw","LF","abst","impuls",36,"SLUPMI","VLD"
184,"s5.dat",5,"t167",0,"None",NA,"pseudorec","backw","LF","conc",NA,167,"KOMFON","ALD"
184,"s5.dat",5,"t167",0,"None",NA,"pseudorec","backw","LF","conc",NA,167,"KARBOZ","VLD"
186,"s5.dat",5,"t110",1,"1",751,"rec","forw","LF","conc","ranac",110,"RANAC","ALD"
186,"s5.dat",5,"t110",1,"1",751,"rec","forw","LF","conc","kliker",110,"KLIKER","VLD"
187,"s5.dat",5,"t117",1,"1",561,"rec","forw","LF","conc","kvaka",117,"KVAKA","ALD"
187,"s5.dat",5,"t117",1,"1",561,"rec","forw","LF","conc","šerpa",117,"ŠERPA","VLD"
188,"s5.dat",5,"t57",0,"3",NA,"rec","backw","LF","conc","ekser",57,"RESKE","ALD"
188,"s5.dat",5,"t57",0,"3",NA,"rec","backw","LF","conc","kokos",57,"SOKOK","VLD"
189,"s5.dat",5,"t163",1,"3",1452,"pseudorec","backw","LF","abst",NA,163,"BERBET","ALD"
189,"s5.dat",5,"t163",1,"3",1452,"pseudorec","backw","LF","abst",NA,163,"PRESEB","VLD"
190,"s5.dat",5,"t93",0,"3",NA,"rec","forw","LF","abst","skepsa",93,"SKEPSA","ALD"
190,"s5.dat",5,"t93",0,"3",NA,"rec","forw","LF","abst","barok",93,"BAROK","VLD"
191,"s5.dat",5,"t127",1,"3",991,"pseudorec","backw","HF","abst",NA,127,"JAJNIL","ALD"
191,"s5.dat",5,"t127",1,"3",991,"pseudorec","backw","HF","abst",NA,127,"RATLUZ","VLD"
192,"s5.dat",5,"t3",0,"3",NA,"rec","backw","HF","abst","kriza",3,"AZIRK","ALD"
192,"s5.dat",5,"t3",0,"3",NA,"rec","backw","HF","abst","uticaj",3,"JACITU","VLD"
193,"s5.dat",5,"t182",1,"3",1212,"pseudorec","forw","HF","abst",NA,182,"CVETIL","ALD"
193,"s5.dat",5,"t182",1,"3",1212,"pseudorec","forw","HF","abst",NA,182,"DOLAŠ","VLD"
194,"s5.dat",5,"t87",1,"1",751,"rec","forw","HF","conc","pesak",87,"PESAK","ALD"
194,"s5.dat",5,"t87",1,"1",751,"rec","forw","HF","conc","staklo",87,"STAKLO","VLD"
195,"s5.dat",5,"t8",0,"3",NA,"rec","backw","HF","abst","pojava",8,"AVAJOP","ALD"
195,"s5.dat",5,"t8",0,"3",NA,"rec","backw","HF","abst","pravda",8,"ADVARP","VLD"
196,"s5.dat",5,"t208",1,"3",901,"pseudorec","forw","HF","conc",NA,208,"GREJAP","ALD"
196,"s5.dat",5,"t208",1,"3",901,"pseudorec","forw","HF","conc",NA,208,"TIKEN","VLD"
197,"s5.dat",5,"t202",1,"3",1161,"pseudorec","forw","HF","conc",NA,202,"ŠTANK","ALD"
197,"s5.dat",5,"t202",1,"3",1161,"pseudorec","forw","HF","conc",NA,202,"PANTEK","VLD"
198,"s5.dat",5,"t112",1,"1",761,"rec","forw","LF","conc","zvečka",112,"ZVEČKA","ALD"
198,"s5.dat",5,"t112",1,"1",761,"rec","forw","LF","conc","torta",112,"TORTA","VLD"
199,"s5.dat",5,"t89",1,"1",591,"rec","forw","HF","conc","prozor",89,"PROZOR","ALD"
199,"s5.dat",5,"t89",1,"1",591,"rec","forw","HF","conc","vrata",89,"VRATA","VLD"
200,"s5.dat",5,"t9",0,"None",NA,"rec","backw","HF","abst","mašta",9,"ATŠAM","ALD"
200,"s5.dat",5,"t9",0,"None",NA,"rec","backw","HF","abst","razlog",9,"GOLZAR","VLD"
202,"s5.dat",5,"t106",1,"1",751,"rec","forw","LF","conc","jogurt",106,"JOGURT","ALD"
202,"s5.dat",5,"t106",1,"1",751,"rec","forw","LF","conc","kengur",106,"KENGUR","VLD"
203,"s5.dat",5,"t166",1,"3",1432,"pseudorec","backw","LF","conc",NA,166,"SVETAF","ALD"
203,"s5.dat",5,"t166",1,"3",1432,"pseudorec","backw","LF","conc",NA,166,"BIOLOR","VLD"
204,"s5.dat",5,"t152",0,"None",NA,"pseudorec","backw","LF","abst",NA,152,"KAJMAR","ALD"
204,"s5.dat",5,"t152",0,"None",NA,"pseudorec","backw","LF","abst",NA,152,"VEŠTAP","VLD"
206,"s5.dat",5,"t118",1,"1",661,"rec","forw","LF","conc","rerna",118,"RERNA","ALD"
206,"s5.dat",5,"t118",1,"1",661,"rec","forw","LF","conc","kačket",118,"KAČKET","VLD"
207,"s5.dat",5,"t133",1,"3",981,"pseudorec","backw","HF","abst",NA,133,"ŠTAPIZ","ALD"
207,"s5.dat",5,"t133",1,"3",981,"pseudorec","backw","HF","abst",NA,133,"LIRIZ","VLD"
208,"s5.dat",5,"t15",0,"None",NA,"rec","backw","HF","abst","misao",15,"OASIM","ALD"
208,"s5.dat",5,"t15",0,"None",NA,"rec","backw","HF","abst","snaga",15,"AGANS","VLD"
210,"s5.dat",5,"t107",1,"1",972,"rec","forw","LF","conc","sarma",107,"SARMA","ALD"
210,"s5.dat",5,"t107",1,"1",972,"rec","forw","LF","conc","čioda",107,"ČIODA","VLD"
211,"s5.dat",5,"t235",1,"3",681,"pseudorec","forw","LF","conc",NA,235,"EGZIČ","ALD"
211,"s5.dat",5,"t235",1,"3",681,"pseudorec","forw","LF","conc",NA,235,"MAHET","VLD"
212,"s5.dat",5,"t109",1,"1",481,"rec","forw","LF","conc","kiosk",109,"KIOSK","ALD"
212,"s5.dat",5,"t109",1,"1",481,"rec","forw","LF","conc","lavor",109,"LAVOR","VLD"
213,"s5.dat",5,"t228",1,"3",571,"pseudorec","forw","LF","conc",NA,228,"ULKUG","ALD"
213,"s5.dat",5,"t228",1,"3",571,"pseudorec","forw","LF","conc",NA,228,"FLANEG","VLD"
214,"s5.dat",5,"t196",1,"3",681,"pseudorec","forw","HF","conc",NA,196,"SVRAL","ALD"
214,"s5.dat",5,"t196",1,"3",681,"pseudorec","forw","HF","conc",NA,196,"BIZOK","VLD"
215,"s5.dat",5,"t238",1,"3",601,"pseudorec","forw","LF","conc",NA,238,"RASAL","ALD"
215,"s5.dat",5,"t238",1,"3",601,"pseudorec","forw","LF","conc",NA,238,"JASTOM","VLD"
216,"s5.dat",5,"t161",1,"3",771,"pseudorec","backw","LF","abst",NA,161,"VASKRM","ALD"
216,"s5.dat",5,"t161",1,"3",771,"pseudorec","backw","LF","abst",NA,161,"SVIRAZ","VLD"
217,"s5.dat",5,"t185",1,"3",1082,"pseudorec","forw","HF","abst",NA,185,"FARMET","ALD"
217,"s5.dat",5,"t185",1,"3",1082,"pseudorec","forw","HF","abst",NA,185,"RABIĐ","ALD"
218,"s5.dat",5,"t92",1,"1",661,"rec","forw","LF","abst","epitet",92,"EPITET","ALD"
218,"s5.dat",5,"t92",1,"1",661,"rec","forw","LF","abst","intima",92,"INTIMA","VLD"
219,"s5.dat",5,"t56",0,"3",NA,"rec","backw","LF","conc","sirće",56,"EĆRIS","ALD"
219,"s5.dat",5,"t56",0,"3",NA,"rec","backw","LF","conc","kobra",56,"ARBOK","VLD"
220,"s5.dat",5,"t13",1,"1",1182,"rec","backw","HF","abst","samoća",13,"AĆOMAS","ALD"
220,"s5.dat",5,"t13",1,"1",1182,"rec","backw","HF","abst","tajna",13,"ANJAT","VLD"
221,"s5.dat",5,"t176",1,"3",911,"pseudorec","backw","LF","conc",NA,176,"PUTEF","ALD"
221,"s5.dat",5,"t176",1,"3",911,"pseudorec","backw","LF","conc",NA,176,"NAGIR","VLD"
222,"s5.dat",5,"t68",1,"1",701,"rec","forw","HF","abst","izraz",68,"IZRAZ","ALD"
222,"s5.dat",5,"t68",1,"1",701,"rec","forw","HF","abst","utisak",68,"UTISAK","VLD"
223,"s5.dat",5,"t143",1,"3",601,"pseudorec","backw","HF","conc",NA,143,"BRLOF","ALD"
223,"s5.dat",5,"t143",1,"3",601,"pseudorec","backw","HF","conc",NA,143,"BATAZ","VLD"
224,"s5.dat",5,"t41",0,"3",NA,"rec","backw","LF","abst","status",41,"SUTATS","ALD"
224,"s5.dat",5,"t41",0,"3",NA,"rec","backw","LF","abst","tegoba",41,"ABOGET","VLD"
225,"s5.dat",5,"t91",1,"1",681,"rec","forw","LF","abst","ucena",91,"UCENA","ALD"
225,"s5.dat",5,"t91",1,"1",681,"rec","forw","LF","abst","naboj",91,"NABOJ","VLD"
226,"s5.dat",5,"t48",0,"3",NA,"rec","backw","LF","conc","burek",48,"KERUB","ALD"
226,"s5.dat",5,"t48",0,"3",NA,"rec","backw","LF","conc","cucla",48,"ALCUC","VLD"
227,"s5.dat",5,"t111",1,"1",611,"rec","forw","LF","conc","perika",111,"PERIKA","ALD"
227,"s5.dat",5,"t111",1,"1",611,"rec","forw","LF","conc","pelena",111,"PELENA","VLD"
228,"s5.dat",5,"t67",1,"1",611,"rec","forw","HF","abst","sezona",67,"SEZONA","ALD"
228,"s5.dat",5,"t67",1,"1",611,"rec","forw","HF","abst","propis",67,"PROPIS","VLD"
229,"s5.dat",5,"t150",1,"3",781,"pseudorec","backw","HF","conc",NA,150,"REKEB","ALD"
229,"s5.dat",5,"t150",1,"3",781,"pseudorec","backw","HF","conc",NA,150,"FLUIŠ","VLD"
230,"s5.dat",5,"t210",1,"3",751,"pseudorec","forw","HF","conc",NA,210,"GORAZ","ALD"
230,"s5.dat",5,"t210",1,"3",751,"pseudorec","forw","HF","conc",NA,210,"SATEP","VLD"
231,"s5.dat",5,"t224",1,"3",611,"pseudorec","forw","LF","abst",NA,224,"BOJLEG","ALD"
231,"s5.dat",5,"t224",1,"3",611,"pseudorec","forw","LF","abst",NA,224,"DISTIC","VLD"
232,"s5.dat",5,"t81",1,"1",551,"rec","forw","HF","conc","strela",81,"STRELA","ALD"
232,"s5.dat",5,"t81",1,"1",551,"rec","forw","HF","conc","kamion",81,"KAMION","VLD"
233,"s5.dat",5,"t95",1,"1",701,"rec","forw","LF","abst","apsurd",95,"APSURD","ALD"
233,"s5.dat",5,"t95",1,"1",701,"rec","forw","LF","abst","opseg",95,"OPSEG","VLD"
234,"s5.dat",5,"t119",1,"1",501,"rec","forw","LF","conc","flauta",119,"FLAUTA","ALD"
234,"s5.dat",5,"t119",1,"1",501,"rec","forw","LF","conc","kecelja",119,"KECELJA","VLD"
235,"s5.dat",5,"t54",0,"3",NA,"rec","backw","LF","conc","klovn",54,"NVOLK","ALD"
235,"s5.dat",5,"t54",0,"3",NA,"rec","backw","LF","conc","štuka",54,"AKUTŠ","VLD"
236,"s5.dat",5,"t169",1,"3",1171,"pseudorec","backw","LF","conc",NA,169,"GULAN","ALD"
236,"s5.dat",5,"t169",1,"3",1171,"pseudorec","backw","LF","conc",NA,169,"CIGAF","VLD"
237,"s5.dat",5,"t27",0,"3",NA,"rec","backw","HF","conc","stena",27,"ANETS","ALD"
237,"s5.dat",5,"t27",0,"3",NA,"rec","backw","HF","conc","mleko",27,"OKELM","VLD"
238,"s5.dat",5,"t126",1,"3",691,"pseudorec","backw","HF","abst",NA,126,"KANAZ","ALD"
238,"s5.dat",5,"t126",1,"3",691,"pseudorec","backw","HF","abst",NA,126,"FELJTOZ","VLD"
239,"s5.dat",5,"t17",0,"3",NA,"rec","backw","HF","conc","čekić",17,"ĆIKEČ","ALD"
239,"s5.dat",5,"t17",0,"3",NA,"rec","backw","HF","conc","smokva",17,"AVKOMS","VLD"
240,"s5.dat",5,"t193",1,"3",1292,"pseudorec","forw","HF","abst",NA,193,"JARAT","ALD"
240,"s5.dat",5,"t193",1,"3",1292,"pseudorec","forw","HF","abst",NA,193,"PROLOZ","VLD"
241,"s5.dat",5,"t173",1,"3",1271,"pseudorec","backw","LF","conc",NA,173,"IMPORK","ALD"
241,"s5.dat",5,"t173",1,"3",1271,"pseudorec","backw","LF","conc",NA,173,"LENJOČ","VLD"
242,"s5.dat",5,"t78",1,"1",631,"rec","forw","HF","conc","korito",78,"KORITO","ALD"
242,"s5.dat",5,"t78",1,"1",631,"rec","forw","HF","conc","jastuk",78,"JASTUK","VLD"
243,"s5.dat",5,"t222",1,"3",1472,"pseudorec","forw","LF","abst",NA,222,"BAROL","ALD"
243,"s5.dat",5,"t222",1,"3",1472,"pseudorec","forw","LF","abst",NA,222,"TREGEN","VLD"
244,"s5.dat",5,"t76",1,"1",561,"rec","forw","HF","conc","tepih",76,"TEPIH","ALD"
244,"s5.dat",5,"t76",1,"1",561,"rec","forw","HF","conc","sapun",76,"SAPUN","VLD"
245,"s5.dat",5,"t80",1,"1",661,"rec","forw","HF","conc","topola",80,"TOPOLA","ALD"
245,"s5.dat",5,"t80",1,"1",661,"rec","forw","HF","conc","grožĐ‘e",80,"GROŽĐE","ALD"
246,"s5.dat",5,"t120",1,"1",641,"rec","forw","LF","conc","krljušt",120,"KRLJUŠT","ALD"
246,"s5.dat",5,"t120",1,"1",641,"rec","forw","LF","conc","olovka",120,"OLOVKA","VLD"
247,"s5.dat",5,"t30",0,"3",NA,"rec","backw","HF","conc","glava",30,"AVALG","ALD"
247,"s5.dat",5,"t30",0,"3",NA,"rec","backw","HF","conc","trava",30,"AVART","VLD"
248,"s5.dat",5,"t170",1,"3",1021,"pseudorec","backw","LF","conc",NA,170,"PORTIN","ALD"
248,"s5.dat",5,"t170",1,"3",1021,"pseudorec","backw","LF","conc",NA,170,"ŠESTAM","VLD"
249,"s5.dat",5,"t157",0,"1",NA,"pseudorec","backw","LF","abst",NA,157,"TITAČ","ALD"
249,"s5.dat",5,"t157",0,"1",NA,"pseudorec","backw","LF","abst",NA,157,"ŠAPTAK","VLD"
250,"s5.dat",5,"t28",1,"1",961,"rec","backw","HF","conc","livada",28,"ADAVIL","ALD"
250,"s5.dat",5,"t28",1,"1",961,"rec","backw","HF","conc","slika",28,"AKILS","VLD"
251,"s5.dat",5,"t184",1,"3",1141,"pseudorec","forw","HF","abst",NA,184,"BUBNJAC","ALD"
251,"s5.dat",5,"t184",1,"3",1141,"pseudorec","forw","HF","abst",NA,184,"JEDNJAZ","VLD"
252,"s5.dat",5,"t183",1,"3",1061,"pseudorec","forw","HF","abst",NA,183,"POGAJ","ALD"
252,"s5.dat",5,"t183",1,"3",1061,"pseudorec","forw","HF","abst",NA,183,"GURMAB","VLD"
253,"s5.dat",5,"t236",1,"3",681,"pseudorec","forw","LF","conc",NA,236,"UMNJAF","ALD"
253,"s5.dat",5,"t236",1,"3",681,"pseudorec","forw","LF","conc",NA,236,"HR~AN","ALD"
254,"s5.dat",5,"t200",1,"3",931,"pseudorec","forw","HF","conc",NA,200,"PROSAR","ALD"
254,"s5.dat",5,"t200",1,"3",931,"pseudorec","forw","HF","conc",NA,200,"KOSMOR","VLD"
255,"s5.dat",5,"t65",1,"1",531,"rec","forw","HF","abst","savest",65,"SAVEST","ALD"
255,"s5.dat",5,"t65",1,"1",531,"rec","forw","HF","abst","ideja",65,"IDEJA","VLD"
256,"s5.dat",5,"t221",1,"3",651,"pseudorec","forw","LF","abst",NA,221,"KVARŠ","ALD"
256,"s5.dat",5,"t221",1,"3",651,"pseudorec","forw","LF","abst",NA,221,"CELEP","VLD"
257,"s5.dat",5,"t18",0,"3",NA,"rec","backw","HF","conc","brašno",18,"ONŠARB","ALD"
257,"s5.dat",5,"t18",0,"3",NA,"rec","backw","HF","conc","sanduk",18,"KUDNAS","VLD"
258,"s5.dat",5,"t79",1,"1",621,"rec","forw","HF","conc","marama",79,"MARAMA","ALD"
258,"s5.dat",5,"t79",1,"1",621,"rec","forw","HF","conc","kolica",79,"KOLICA","VLD"
1,"s6.dat",6,"t132",1,"3",1031,"pseudorec","backw","HF","abst",NA,132,"NAZER","ALD"
1,"s6.dat",6,"t132",1,"3",1031,"pseudorec","backw","HF","abst",NA,132,"AVANČ","VLD"
2,"s6.dat",6,"t77",1,"1",781,"rec","forw","HF","conc","točak",77,"TOČAK","ALD"
2,"s6.dat",6,"t77",1,"1",781,"rec","forw","HF","conc","kesten",77,"KESTEN","VLD"
3,"s6.dat",6,"t7",0,"None",NA,"rec","backw","HF","abst","proces",7,"SECORP","ALD"
3,"s6.dat",6,"t7",0,"None",NA,"rec","backw","HF","abst","korist",7,"TSIROK","VLD"
5,"s6.dat",6,"t111",1,"1",761,"rec","forw","LF","conc","perika",111,"PERIKA","ALD"
5,"s6.dat",6,"t111",1,"1",761,"rec","forw","LF","conc","pelena",111,"PELENA","VLD"
6,"s6.dat",6,"t150",1,"3",1202,"pseudorec","backw","HF","conc",NA,150,"REKEB","ALD"
6,"s6.dat",6,"t150",1,"3",1202,"pseudorec","backw","HF","conc",NA,150,"FLUIŠ","VLD"
7,"s6.dat",6,"t153",0,"None",NA,"pseudorec","backw","LF","abst",NA,153,"PERŠUĐ","ALD"
7,"s6.dat",6,"t153",0,"None",NA,"pseudorec","backw","LF","abst",NA,153,"LOSIOR","VLD"
9,"s6.dat",6,"t87",1,"1",882,"rec","forw","HF","conc","pesak",87,"PESAK","ALD"
9,"s6.dat",6,"t87",1,"1",882,"rec","forw","HF","conc","staklo",87,"STAKLO","VLD"
10,"s6.dat",6,"t213",0,"1",NA,"pseudorec","forw","LF","abst",NA,213,"DOSLUZ","ALD"
10,"s6.dat",6,"t213",0,"1",NA,"pseudorec","forw","LF","abst",NA,213,"ODVOC","VLD"
11,"s6.dat",6,"t29",0,"3",NA,"rec","backw","HF","conc","kamen",29,"NEMAK","ALD"
11,"s6.dat",6,"t29",0,"3",NA,"rec","backw","HF","conc","cveće",29,"EĆEVC","VLD"
12,"s6.dat",6,"t107",1,"1",741,"rec","forw","LF","conc","sarma",107,"SARMA","ALD"
12,"s6.dat",6,"t107",1,"1",741,"rec","forw","LF","conc","čioda",107,"ČIODA","VLD"
13,"s6.dat",6,"t172",1,"3",1182,"pseudorec","backw","LF","conc",NA,172,"MASEF","ALD"
13,"s6.dat",6,"t172",1,"3",1182,"pseudorec","backw","LF","conc",NA,172,"LIMIR","VLD"
14,"s6.dat",6,"t134",1,"3",1402,"pseudorec","backw","HF","abst",NA,134,"DIZEB","ALD"
14,"s6.dat",6,"t134",1,"3",1402,"pseudorec","backw","HF","abst",NA,134,"LOTOG","VLD"
15,"s6.dat",6,"t210",1,"3",1372,"pseudorec","forw","HF","conc",NA,210,"GORAZ","ALD"
15,"s6.dat",6,"t210",1,"3",1372,"pseudorec","forw","HF","conc",NA,210,"SATEP","VLD"
16,"s6.dat",6,"t118",1,"1",681,"rec","forw","LF","conc","rerna",118,"RERNA","ALD"
16,"s6.dat",6,"t118",1,"1",681,"rec","forw","LF","conc","kačket",118,"KAČKET","VLD"
17,"s6.dat",6,"t117",1,"1",911,"rec","forw","LF","conc","kvaka",117,"KVAKA","ALD"
17,"s6.dat",6,"t117",1,"1",911,"rec","forw","LF","conc","šerpa",117,"ŠERPA","VLD"
18,"s6.dat",6,"t202",1,"3",1211,"pseudorec","forw","HF","conc",NA,202,"ŠTANK","ALD"
18,"s6.dat",6,"t202",1,"3",1211,"pseudorec","forw","HF","conc",NA,202,"PANTEK","VLD"
19,"s6.dat",6,"t45",0,"None",NA,"rec","backw","LF","abst","pakost",45,"TSOKAP","ALD"
19,"s6.dat",6,"t45",0,"None",NA,"rec","backw","LF","abst","ishod",45,"DOHSI","VLD"
21,"s6.dat",6,"t12",1,"1",1452,"rec","backw","HF","abst","nemir",12,"RIMEN","ALD"
21,"s6.dat",6,"t12",1,"1",1452,"rec","backw","HF","abst","pomoć",12,"ĆOMOP","VLD"
22,"s6.dat",6,"t90",1,"1",881,"rec","forw","HF","conc","grana",90,"GRANA","ALD"
22,"s6.dat",6,"t90",1,"1",881,"rec","forw","HF","conc","ptica",90,"PTICA","VLD"
23,"s6.dat",6,"t226",1,"3",1301,"pseudorec","forw","LF","conc",NA,226,"BALZAL","ALD"
23,"s6.dat",6,"t226",1,"3",1301,"pseudorec","forw","LF","conc",NA,226,"RITUAC","VLD"
24,"s6.dat",6,"t156",1,"3",1141,"pseudorec","backw","LF","abst",NA,156,"MINUR","ALD"
24,"s6.dat",6,"t156",1,"3",1141,"pseudorec","backw","LF","abst",NA,156,"PUDINC","VLD"
25,"s6.dat",6,"t62",1,"1",741,"rec","forw","HF","abst","izdaja",62,"IZDAJA","ALD"
25,"s6.dat",6,"t62",1,"1",741,"rec","forw","HF","abst","uzrok",62,"UZROK","VLD"
26,"s6.dat",6,"t92",1,"1",711,"rec","forw","LF","abst","epitet",92,"EPITET","ALD"
26,"s6.dat",6,"t92",1,"1",711,"rec","forw","LF","abst","intima",92,"INTIMA","VLD"
27,"s6.dat",6,"t127",1,"3",1172,"pseudorec","backw","HF","abst",NA,127,"JAJNIL","ALD"
27,"s6.dat",6,"t127",1,"3",1172,"pseudorec","backw","HF","abst",NA,127,"RATLUZ","VLD"
28,"s6.dat",6,"t166",0,"None",NA,"pseudorec","backw","LF","conc",NA,166,"SVETAF","ALD"
28,"s6.dat",6,"t166",0,"None",NA,"pseudorec","backw","LF","conc",NA,166,"BIOLOR","VLD"
30,"s6.dat",6,"t76",1,"1",761,"rec","forw","HF","conc","tepih",76,"TEPIH","ALD"
30,"s6.dat",6,"t76",1,"1",761,"rec","forw","HF","conc","sapun",76,"SAPUN","VLD"
31,"s6.dat",6,"t207",1,"3",1362,"pseudorec","forw","HF","conc",NA,207,"ZAREM","ALD"
31,"s6.dat",6,"t207",1,"3",1362,"pseudorec","forw","HF","conc",NA,207,"BONTOZ","VLD"
32,"s6.dat",6,"t188",1,"3",1201,"pseudorec","forw","HF","abst",NA,188,"TENOZ","ALD"
32,"s6.dat",6,"t188",1,"3",1201,"pseudorec","forw","HF","abst",NA,188,"KOKTEZ","VLD"
33,"s6.dat",6,"t189",0,"None",NA,"pseudorec","forw","HF","abst",NA,189,"LOGOK","ALD"
33,"s6.dat",6,"t189",0,"None",NA,"pseudorec","forw","HF","abst",NA,189,"BEĆAŠ","VLD"
35,"s6.dat",6,"t38",1,"1",1362,"rec","backw","LF","abst","afera",38,"AREFA","ALD"
35,"s6.dat",6,"t38",1,"1",1362,"rec","backw","LF","abst","dogma",38,"AMGOD","VLD"
36,"s6.dat",6,"t15",1,"1",1422,"rec","backw","HF","abst","misao",15,"OASIM","ALD"
36,"s6.dat",6,"t15",1,"1",1422,"rec","backw","HF","abst","snaga",15,"AGANS","VLD"
37,"s6.dat",6,"t36",0,"None",NA,"rec","backw","LF","abst","idila",36,"ALIDI","ALD"
37,"s6.dat",6,"t36",0,"None",NA,"rec","backw","LF","abst","impuls",36,"SLUPMI","VLD"
39,"s6.dat",6,"t5",1,"1",1242,"rec","backw","HF","abst","promet",5,"TEMORP","ALD"
39,"s6.dat",6,"t5",1,"1",1242,"rec","backw","HF","abst","žalost",5,"TSOLAŽ","VLD"
40,"s6.dat",6,"t235",1,"3",1422,"pseudorec","forw","LF","conc",NA,235,"EGZIČ","ALD"
40,"s6.dat",6,"t235",1,"3",1422,"pseudorec","forw","LF","conc",NA,235,"MAHET","VLD"
41,"s6.dat",6,"t152",0,"None",NA,"pseudorec","backw","LF","abst",NA,152,"KAJMAR","ALD"
41,"s6.dat",6,"t152",0,"None",NA,"pseudorec","backw","LF","abst",NA,152,"VEŠTAP","VLD"
43,"s6.dat",6,"t44",0,"3",NA,"rec","backw","LF","abst","zaplet",44,"TELPAZ","ALD"
43,"s6.dat",6,"t44",0,"3",NA,"rec","backw","LF","abst","sujeta",44,"ATEJUS","VLD"
44,"s6.dat",6,"t171",1,"3",1402,"pseudorec","backw","LF","conc",NA,171,"OTKLOR","ALD"
44,"s6.dat",6,"t171",1,"3",1402,"pseudorec","backw","LF","conc",NA,171,"FOKUJ","VLD"
45,"s6.dat",6,"t190",0,"None",NA,"pseudorec","forw","HF","abst",NA,190,"ŠVERG","ALD"
45,"s6.dat",6,"t190",0,"None",NA,"pseudorec","forw","HF","abst",NA,190,"METAT","VLD"
47,"s6.dat",6,"t10",1,"1",1142,"rec","backw","HF","abst","značaj",10,"JAČANZ","ALD"
47,"s6.dat",6,"t10",1,"1",1142,"rec","backw","HF","abst","svest",10,"TSEVS","VLD"
48,"s6.dat",6,"t198",0,"None",NA,"pseudorec","forw","HF","conc",NA,198,"GNJURAB","ALD"
48,"s6.dat",6,"t198",0,"None",NA,"pseudorec","forw","HF","conc",NA,198,"NITKOZ","VLD"
50,"s6.dat",6,"t53",1,"1",1191,"rec","backw","LF","conc","šnicla",53,"ALCINŠ","ALD"
50,"s6.dat",6,"t53",1,"1",1191,"rec","backw","LF","conc","salama",53,"AMALAS","VLD"
51,"s6.dat",6,"t126",1,"3",1201,"pseudorec","backw","HF","abst",NA,126,"KANAZ","ALD"
51,"s6.dat",6,"t126",1,"3",1201,"pseudorec","backw","HF","abst",NA,126,"FELJTOZ","VLD"
52,"s6.dat",6,"t130",0,"None",NA,"pseudorec","backw","HF","abst",NA,130,"REPTIK","ALD"
52,"s6.dat",6,"t130",0,"None",NA,"pseudorec","backw","HF","abst",NA,130,"POVEJ","VLD"
54,"s6.dat",6,"t141",1,"3",882,"pseudorec","backw","HF","conc",NA,141,"VODNIB","ALD"
54,"s6.dat",6,"t141",1,"3",882,"pseudorec","backw","HF","conc",NA,141,"CIMEC","VLD"
55,"s6.dat",6,"t86",1,"1",781,"rec","forw","HF","conc","krevet",86,"KREVET","ALD"
55,"s6.dat",6,"t86",1,"1",781,"rec","forw","HF","conc","lopta",86,"LOPTA","VLD"
56,"s6.dat",6,"t140",0,"None",NA,"pseudorec","backw","HF","conc",NA,140,"LUKSUR","ALD"
56,"s6.dat",6,"t140",0,"None",NA,"pseudorec","backw","HF","conc",NA,140,"UZGOT","VLD"
58,"s6.dat",6,"t124",1,"3",1172,"pseudorec","backw","HF","abst",NA,124,"SVINJAB","ALD"
58,"s6.dat",6,"t124",1,"3",1172,"pseudorec","backw","HF","abst",NA,124,"SPANAR","VLD"
59,"s6.dat",6,"t70",1,"1",1021,"rec","forw","HF","abst","briga",70,"BRIGA","ALD"
59,"s6.dat",6,"t70",1,"1",1021,"rec","forw","HF","abst","napor",70,"NAPOR","VLD"
60,"s6.dat",6,"t161",1,"3",1442,"pseudorec","backw","LF","abst",NA,161,"VASKRM","ALD"
60,"s6.dat",6,"t161",1,"3",1442,"pseudorec","backw","LF","abst",NA,161,"SVIRAZ","VLD"
61,"s6.dat",6,"t104",1,"1",841,"rec","forw","LF","abst","divota",104,"DIVOTA","ALD"
61,"s6.dat",6,"t104",1,"1",841,"rec","forw","LF","abst","efekat",104,"EFEKAT","VLD"
62,"s6.dat",6,"t74",1,"1",701,"rec","forw","HF","abst","sreća",74,"SREĆA","ALD"
62,"s6.dat",6,"t74",1,"1",701,"rec","forw","HF","abst","odnos",74,"ODNOS","VLD"
63,"s6.dat",6,"t131",1,"3",1362,"pseudorec","backw","HF","abst",NA,131,"PORIG","ALD"
63,"s6.dat",6,"t131",1,"3",1362,"pseudorec","backw","HF","abst",NA,131,"PATROZ","VLD"
64,"s6.dat",6,"t57",0,"None",NA,"rec","backw","LF","conc","ekser",57,"RESKE","ALD"
64,"s6.dat",6,"t57",0,"None",NA,"rec","backw","LF","conc","kokos",57,"SOKOK","VLD"
66,"s6.dat",6,"t165",1,"3",982,"pseudorec","backw","LF","abst",NA,165,"KARMIG","ALD"
66,"s6.dat",6,"t165",1,"3",982,"pseudorec","backw","LF","abst",NA,165,"SIRUL","VLD"
67,"s6.dat",6,"t143",1,"3",791,"pseudorec","backw","HF","conc",NA,143,"BRLOF","ALD"
67,"s6.dat",6,"t143",1,"3",791,"pseudorec","backw","HF","conc",NA,143,"BATAZ","VLD"
68,"s6.dat",6,"t144",1,"3",1232,"pseudorec","backw","HF","conc",NA,144,"MASIT","ALD"
68,"s6.dat",6,"t144",1,"3",1232,"pseudorec","backw","HF","conc",NA,144,"SLANIB","VLD"
69,"s6.dat",6,"t56",0,"None",NA,"rec","backw","LF","conc","sirće",56,"EĆRIS","ALD"
69,"s6.dat",6,"t56",0,"None",NA,"rec","backw","LF","conc","kobra",56,"ARBOK","VLD"
71,"s6.dat",6,"t43",0,"None",NA,"rec","backw","LF","abst","požuda",43,"ADUŽOP","ALD"
71,"s6.dat",6,"t43",0,"None",NA,"rec","backw","LF","abst","namena",43,"ANEMAN","VLD"
73,"s6.dat",6,"t162",1,"3",1342,"pseudorec","backw","LF","abst",NA,162,"BAROZ","ALD"
73,"s6.dat",6,"t162",1,"3",1342,"pseudorec","backw","LF","abst",NA,162,"NAKOČ","VLD"
74,"s6.dat",6,"t84",1,"1",651,"rec","forw","HF","conc","sveća",84,"SVEĆA","ALD"
74,"s6.dat",6,"t84",1,"1",651,"rec","forw","HF","conc","školjka",84,"ŠKOLJKA","VLD"
75,"s6.dat",6,"t28",1,"1",1122,"rec","backw","HF","conc","livada",28,"ADAVIL","ALD"
75,"s6.dat",6,"t28",1,"1",1122,"rec","backw","HF","conc","slika",28,"AKILS","VLD"
76,"s6.dat",6,"t83",1,"1",851,"rec","forw","HF","conc","klupa",83,"KLUPA","ALD"
76,"s6.dat",6,"t83",1,"1",851,"rec","forw","HF","conc","zavesa",83,"ZAVESA","VLD"
77,"s6.dat",6,"t193",1,"3",1291,"pseudorec","forw","HF","abst",NA,193,"JARAT","ALD"
77,"s6.dat",6,"t193",1,"3",1291,"pseudorec","forw","HF","abst",NA,193,"PROLOZ","VLD"
78,"s6.dat",6,"t234",1,"3",1392,"pseudorec","forw","LF","conc",NA,234,"MURAB","ALD"
78,"s6.dat",6,"t234",1,"3",1392,"pseudorec","forw","LF","conc",NA,234,"MA~OT","ALD"
79,"s6.dat",6,"t195",0,"1",NA,"pseudorec","forw","HF","abst",NA,195,"SVEKAN","ALD"
79,"s6.dat",6,"t195",0,"1",NA,"pseudorec","forw","HF","abst",NA,195,"TOTEK","VLD"
80,"s6.dat",6,"t17",1,"1",1232,"rec","backw","HF","conc","čekić",17,"ĆIKEČ","ALD"
80,"s6.dat",6,"t17",1,"1",1232,"rec","backw","HF","conc","smokva",17,"AVKOMS","VLD"
81,"s6.dat",6,"t105",1,"1",791,"rec","forw","LF","abst","logika",105,"LOGIKA","ALD"
81,"s6.dat",6,"t105",1,"1",791,"rec","forw","LF","abst","oprez",105,"OPREZ","VLD"
82,"s6.dat",6,"t69",1,"1",951,"rec","forw","HF","abst","znanje",69,"ZNANJE","ALD"
82,"s6.dat",6,"t69",1,"1",951,"rec","forw","HF","abst","sumnja",69,"SUMNJA","VLD"
83,"s6.dat",6,"t160",1,"3",852,"pseudorec","backw","LF","abst",NA,160,"ŠAFRAK","ALD"
83,"s6.dat",6,"t160",1,"3",852,"pseudorec","backw","LF","abst",NA,160,"GEOLOT","VLD"
84,"s6.dat",6,"t204",0,"None",NA,"pseudorec","forw","HF","conc",NA,204,"LENJIZ","ALD"
84,"s6.dat",6,"t204",0,"None",NA,"pseudorec","forw","HF","conc",NA,204,"BILIOD","VLD"
86,"s6.dat",6,"t115",1,"1",631,"rec","forw","LF","conc","božur",115,"BOŽUR","ALD"
86,"s6.dat",6,"t115",1,"1",631,"rec","forw","LF","conc","prase",115,"PRASE","VLD"
87,"s6.dat",6,"t122",1,"3",1271,"pseudorec","backw","HF","abst",NA,122,"PREGIT","ALD"
87,"s6.dat",6,"t122",1,"3",1271,"pseudorec","backw","HF","abst",NA,122,"FETUP","VLD"
88,"s6.dat",6,"t39",0,"3",NA,"rec","backw","LF","abst","trema",39,"AMERT","ALD"
88,"s6.dat",6,"t39",0,"3",NA,"rec","backw","LF","abst","pouka",39,"AKUOP","VLD"
89,"s6.dat",6,"t114",1,"1",621,"rec","forw","LF","conc","biber",114,"BIBER","ALD"
89,"s6.dat",6,"t114",1,"1",621,"rec","forw","LF","conc","liker",114,"LIKER","VLD"
90,"s6.dat",6,"t218",1,"3",1262,"pseudorec","forw","LF","abst",NA,218,"ROVAG","ALD"
90,"s6.dat",6,"t218",1,"3",1262,"pseudorec","forw","LF","abst",NA,218,"EPITEZ","VLD"
91,"s6.dat",6,"t116",1,"1",681,"rec","forw","LF","conc","konjak",116,"KONJAK","ALD"
91,"s6.dat",6,"t116",1,"1",681,"rec","forw","LF","conc","čaplja",116,"ČAPLJA","VLD"
92,"s6.dat",6,"t24",0,"3",NA,"rec","backw","HF","conc","breza",24,"AZERB","ALD"
92,"s6.dat",6,"t24",0,"3",NA,"rec","backw","HF","conc","leptir",24,"RITPEL","VLD"
93,"s6.dat",6,"t80",1,"1",691,"rec","forw","HF","conc","topola",80,"TOPOLA","ALD"
93,"s6.dat",6,"t80",1,"1",691,"rec","forw","HF","conc","grožĐ‘e",80,"GROŽĐE","ALD"
94,"s6.dat",6,"t182",1,"3",1192,"pseudorec","forw","HF","abst",NA,182,"CVETIL","ALD"
94,"s6.dat",6,"t182",1,"3",1192,"pseudorec","forw","HF","abst",NA,182,"DOLAŠ","VLD"
95,"s6.dat",6,"t183",1,"3",1492,"pseudorec","forw","HF","abst",NA,183,"POGAJ","ALD"
95,"s6.dat",6,"t183",1,"3",1492,"pseudorec","forw","HF","abst",NA,183,"GURMAB","VLD"
96,"s6.dat",6,"t200",0,"None",NA,"pseudorec","forw","HF","conc",NA,200,"PROSAR","ALD"
96,"s6.dat",6,"t200",0,"None",NA,"pseudorec","forw","HF","conc",NA,200,"KOSMOR","VLD"
98,"s6.dat",6,"t16",0,"None",NA,"rec","backw","HF","conc","jagoda",16,"ADOGAJ","ALD"
98,"s6.dat",6,"t16",0,"None",NA,"rec","backw","HF","conc","kutija",16,"AJITUK","VLD"
100,"s6.dat",6,"t159",0,"None",NA,"pseudorec","backw","LF","abst",NA,159,"MALEG","ALD"
100,"s6.dat",6,"t159",0,"None",NA,"pseudorec","backw","LF","abst",NA,159,"MADAZ","VLD"
102,"s6.dat",6,"t93",1,"1",1001,"rec","forw","LF","abst","skepsa",93,"SKEPSA","ALD"
102,"s6.dat",6,"t93",1,"1",1001,"rec","forw","LF","abst","barok",93,"BAROK","VLD"
103,"s6.dat",6,"t21",0,"None",NA,"rec","backw","HF","conc","kapija",21,"AJIPAK","ALD"
103,"s6.dat",6,"t21",0,"None",NA,"rec","backw","HF","conc","galeb",21,"BELAG","VLD"
105,"s6.dat",6,"t58",1,"1",891,"rec","backw","LF","conc","makaze",58,"EZAKAM","ALD"
105,"s6.dat",6,"t58",1,"1",891,"rec","backw","LF","conc","banana",58,"ANANAB","VLD"
106,"s6.dat",6,"t203",0,"1",NA,"pseudorec","forw","HF","conc",NA,203,"TAPIZ","ALD"
106,"s6.dat",6,"t203",0,"1",NA,"pseudorec","forw","HF","conc",NA,203,"KONDOP","VLD"
107,"s6.dat",6,"t238",0,"None",NA,"pseudorec","forw","LF","conc",NA,238,"RASAL","ALD"
107,"s6.dat",6,"t238",0,"None",NA,"pseudorec","forw","LF","conc",NA,238,"JASTOM","VLD"
109,"s6.dat",6,"t236",0,"None",NA,"pseudorec","forw","LF","conc",NA,236,"UMNJAF","ALD"
109,"s6.dat",6,"t236",0,"None",NA,"pseudorec","forw","LF","conc",NA,236,"HR~AN","ALD"
111,"s6.dat",6,"t178",1,"3",1492,"pseudorec","backw","LF","conc",NA,178,"MANGUD","ALD"
111,"s6.dat",6,"t178",1,"3",1492,"pseudorec","backw","LF","conc",NA,178,"STALAV","VLD"
112,"s6.dat",6,"t180",0,"None",NA,"pseudorec","backw","LF","conc",NA,180,"RAZVOC","ALD"
112,"s6.dat",6,"t180",0,"None",NA,"pseudorec","backw","LF","conc",NA,180,"FILTEB","VLD"
114,"s6.dat",6,"t223",1,"3",1282,"pseudorec","forw","LF","abst",NA,223,"OPILJAL","ALD"
114,"s6.dat",6,"t223",1,"3",1282,"pseudorec","forw","LF","abst",NA,223,"IZOTOC","VLD"
115,"s6.dat",6,"t212",0,"None",NA,"pseudorec","forw","LF","abst",NA,212,"TIRKIB","ALD"
115,"s6.dat",6,"t212",0,"None",NA,"pseudorec","forw","LF","abst",NA,212,"KRETEP","VLD"
117,"s6.dat",6,"t91",1,"1",1091,"rec","forw","LF","abst","ucena",91,"UCENA","ALD"
117,"s6.dat",6,"t91",1,"1",1091,"rec","forw","LF","abst","naboj",91,"NABOJ","VLD"
118,"s6.dat",6,"t147",1,"3",1382,"pseudorec","backw","HF","conc",NA,147,"PATAR","ALD"
118,"s6.dat",6,"t147",1,"3",1382,"pseudorec","backw","HF","conc",NA,147,"VELUT","VLD"
119,"s6.dat",6,"t168",0,"None",NA,"pseudorec","backw","LF","conc",NA,168,"JELEP","ALD"
119,"s6.dat",6,"t168",0,"None",NA,"pseudorec","backw","LF","conc",NA,168,"ĆUMEP","VLD"
121,"s6.dat",6,"t206",1,"3",1182,"pseudorec","forw","HF","conc",NA,206,"GLUPAR","ALD"
121,"s6.dat",6,"t206",1,"3",1182,"pseudorec","forw","HF","conc",NA,206,"ARHID","VLD"
122,"s6.dat",6,"t222",0,"None",NA,"pseudorec","forw","LF","abst",NA,222,"BAROL","ALD"
122,"s6.dat",6,"t222",0,"None",NA,"pseudorec","forw","LF","abst",NA,222,"TREGEN","VLD"
124,"s6.dat",6,"t170",0,"None",NA,"pseudorec","backw","LF","conc",NA,170,"PORTIN","ALD"
124,"s6.dat",6,"t170",0,"None",NA,"pseudorec","backw","LF","conc",NA,170,"ŠESTAM","VLD"
126,"s6.dat",6,"t46",0,"None",NA,"rec","backw","LF","conc","maslac",46,"CALSAM","ALD"
126,"s6.dat",6,"t46",0,"None",NA,"rec","backw","LF","conc","cvekla",46,"ALKEVC","VLD"
128,"s6.dat",6,"t133",1,"3",1192,"pseudorec","backw","HF","abst",NA,133,"ŠTAPIZ","ALD"
128,"s6.dat",6,"t133",1,"3",1192,"pseudorec","backw","HF","abst",NA,133,"LIRIZ","VLD"
129,"s6.dat",6,"t81",1,"1",741,"rec","forw","HF","conc","strela",81,"STRELA","ALD"
129,"s6.dat",6,"t81",1,"1",741,"rec","forw","HF","conc","kamion",81,"KAMION","VLD"
130,"s6.dat",6,"t163",1,"3",1312,"pseudorec","backw","LF","abst",NA,163,"BERBET","ALD"
130,"s6.dat",6,"t163",1,"3",1312,"pseudorec","backw","LF","abst",NA,163,"PRESEB","VLD"
131,"s6.dat",6,"t142",1,"3",1212,"pseudorec","backw","HF","conc",NA,142,"ZUBID","ALD"
131,"s6.dat",6,"t142",1,"3",1212,"pseudorec","backw","HF","conc",NA,142,"KEDAP","VLD"
132,"s6.dat",6,"t225",0,"None",NA,"pseudorec","forw","LF","abst",NA,225,"BULDOF","ALD"
132,"s6.dat",6,"t225",0,"None",NA,"pseudorec","forw","LF","abst",NA,225,"TUMOČ","VLD"
134,"s6.dat",6,"t96",1,"1",761,"rec","forw","LF","abst","nerad",96,"NERAD","ALD"
134,"s6.dat",6,"t96",1,"1",761,"rec","forw","LF","abst","elita",96,"ELITA","VLD"
135,"s6.dat",6,"t151",1,"3",961,"pseudorec","backw","LF","abst",NA,151,"PRIZIT","ALD"
135,"s6.dat",6,"t151",1,"3",961,"pseudorec","backw","LF","abst",NA,151,"PASAM","VLD"
136,"s6.dat",6,"t233",1,"3",1111,"pseudorec","forw","LF","conc",NA,233,"DRZNIL","ALD"
136,"s6.dat",6,"t233",1,"3",1111,"pseudorec","forw","LF","conc",NA,233,"NAMAG","VLD"
137,"s6.dat",6,"t191",1,"3",1452,"pseudorec","forw","HF","abst",NA,191,"BAMBUK","ALD"
137,"s6.dat",6,"t191",1,"3",1452,"pseudorec","forw","HF","abst",NA,191,"VERMUJ","VLD"
138,"s6.dat",6,"t224",0,"None",NA,"pseudorec","forw","LF","abst",NA,224,"BOJLEG","ALD"
138,"s6.dat",6,"t224",0,"None",NA,"pseudorec","forw","LF","abst",NA,224,"DISTIC","VLD"
140,"s6.dat",6,"t181",1,"3",1392,"pseudorec","forw","HF","abst",NA,181,"SOMUH","ALD"
140,"s6.dat",6,"t181",1,"3",1392,"pseudorec","forw","HF","abst",NA,181,"TANIH","VLD"
141,"s6.dat",6,"t135",1,"3",1302,"pseudorec","backw","HF","abst",NA,135,"LEMUK","ALD"
141,"s6.dat",6,"t135",1,"3",1302,"pseudorec","backw","HF","abst",NA,135,"FALUČ","VLD"
142,"s6.dat",6,"t50",0,"None",NA,"rec","backw","LF","conc","ananas",50,"SANANA","ALD"
142,"s6.dat",6,"t50",0,"None",NA,"rec","backw","LF","conc","kajmak",50,"KAMJAK","VLD"
144,"s6.dat",6,"t237",1,"3",1061,"pseudorec","forw","LF","conc",NA,237,"IZDAP","ALD"
144,"s6.dat",6,"t237",1,"3",1061,"pseudorec","forw","LF","conc",NA,237,"FAGOH","VLD"
145,"s6.dat",6,"t187",0,"None",NA,"pseudorec","forw","HF","abst",NA,187,"RASKIŠ","ALD"
145,"s6.dat",6,"t187",0,"None",NA,"pseudorec","forw","HF","abst",NA,187,"VEŠTAB","VLD"
147,"s6.dat",6,"t120",1,"1",530,"rec","forw","LF","conc","krljušt",120,"KRLJUŠT","ALD"
147,"s6.dat",6,"t120",1,"1",530,"rec","forw","LF","conc","olovka",120,"OLOVKA","VLD"
148,"s6.dat",6,"t109",1,"1",791,"rec","forw","LF","conc","kiosk",109,"KIOSK","ALD"
148,"s6.dat",6,"t109",1,"1",791,"rec","forw","LF","conc","lavor",109,"LAVOR","VLD"
149,"s6.dat",6,"t121",0,"None",NA,"pseudorec","backw","HF","abst",NA,121,"TROVAB","ALD"
149,"s6.dat",6,"t121",0,"None",NA,"pseudorec","backw","HF","abst",NA,121,"KORDOB","VLD"
151,"s6.dat",6,"t149",1,"3",1162,"pseudorec","backw","HF","conc",NA,149,"KINIB","ALD"
151,"s6.dat",6,"t149",1,"3",1162,"pseudorec","backw","HF","conc",NA,149,"VISAR","VLD"
152,"s6.dat",6,"t136",1,"3",1152,"pseudorec","backw","HF","conc",NA,136,"TURBAH","ALD"
152,"s6.dat",6,"t136",1,"3",1152,"pseudorec","backw","HF","conc",NA,136,"AZBESČ","VLD"
153,"s6.dat",6,"t164",1,"3",1362,"pseudorec","backw","LF","abst",NA,164,"SULTAK","ALD"
153,"s6.dat",6,"t164",1,"3",1362,"pseudorec","backw","LF","abst",NA,164,"BILTEG","VLD"
154,"s6.dat",6,"t128",0,"None",NA,"pseudorec","backw","HF","abst",NA,128,"TAJGUP","ALD"
154,"s6.dat",6,"t128",0,"None",NA,"pseudorec","backw","HF","abst",NA,128,"MASLAB","VLD"
156,"s6.dat",6,"t138",0,"None",NA,"pseudorec","backw","HF","conc",NA,138,"MAGNEG","ALD"
156,"s6.dat",6,"t138",0,"None",NA,"pseudorec","backw","HF","conc",NA,138,"KAPLAB","VLD"
158,"s6.dat",6,"t59",1,"1",1332,"rec","backw","LF","conc","delfin",59,"NIFLED","ALD"
158,"s6.dat",6,"t59",1,"1",1332,"rec","backw","LF","conc","papuča",59,"AČUPAP","VLD"
159,"s6.dat",6,"t95",1,"1",841,"rec","forw","LF","abst","apsurd",95,"APSURD","ALD"
159,"s6.dat",6,"t95",1,"1",841,"rec","forw","LF","abst","opseg",95,"OPSEG","VLD"
160,"s6.dat",6,"t32",0,"None",NA,"rec","backw","LF","abst","gadost",32,"TSODAG","ALD"
160,"s6.dat",6,"t32",0,"None",NA,"rec","backw","LF","abst","dosluh",32,"HULSOD","VLD"
162,"s6.dat",6,"t51",0,"None",NA,"rec","backw","LF","conc","pekmez",51,"ZEMKEP","ALD"
162,"s6.dat",6,"t51",0,"None",NA,"rec","backw","LF","conc","šaran",51,"NARAŠ","VLD"
164,"s6.dat",6,"t6",0,"None",NA,"rec","backw","HF","abst","svrha",6,"AHRVS","ALD"
164,"s6.dat",6,"t6",0,"None",NA,"rec","backw","HF","abst","obnova",6,"AVONBO","VLD"
166,"s6.dat",6,"t20",0,"None",NA,"rec","backw","HF","conc","cipela",20,"ALEPIC","ALD"
166,"s6.dat",6,"t20",0,"None",NA,"rec","backw","HF","conc","konac",20,"CANOK","VLD"
168,"s6.dat",6,"t157",0,"None",NA,"pseudorec","backw","LF","abst",NA,157,"TITAČ","ALD"
168,"s6.dat",6,"t157",0,"None",NA,"pseudorec","backw","LF","abst",NA,157,"ŠAPTAK","VLD"
170,"s6.dat",6,"t8",0,"3",NA,"rec","backw","HF","abst","pojava",8,"AVAJOP","ALD"
170,"s6.dat",6,"t8",0,"3",NA,"rec","backw","HF","abst","pravda",8,"ADVARP","VLD"
171,"s6.dat",6,"t175",0,"None",NA,"pseudorec","backw","LF","conc",NA,175,"UDOVAL","ALD"
171,"s6.dat",6,"t175",0,"None",NA,"pseudorec","backw","LF","conc",NA,175,"AKCENAŠ","VLD"
173,"s6.dat",6,"t216",1,"3",1342,"pseudorec","forw","LF","abst",NA,216,"SENJAT","ALD"
173,"s6.dat",6,"t216",1,"3",1342,"pseudorec","forw","LF","abst",NA,216,"IDIOB","VLD"
174,"s6.dat",6,"t23",0,"3",NA,"rec","backw","HF","conc","odelo",23,"OLEDO","ALD"
174,"s6.dat",6,"t23",0,"3",NA,"rec","backw","HF","conc","blato",23,"OTALB","VLD"
175,"s6.dat",6,"t75",1,"1",791,"rec","forw","HF","abst","radost",75,"RADOST","ALD"
175,"s6.dat",6,"t75",1,"1",791,"rec","forw","HF","abst","ljubav",75,"LJUBAV","VLD"
176,"s6.dat",6,"t173",1,"3",1452,"pseudorec","backw","LF","conc",NA,173,"IMPORK","ALD"
176,"s6.dat",6,"t173",1,"3",1452,"pseudorec","backw","LF","conc",NA,173,"LENJOČ","VLD"
177,"s6.dat",6,"t221",1,"3",1141,"pseudorec","forw","LF","abst",NA,221,"KVARŠ","ALD"
177,"s6.dat",6,"t221",1,"3",1141,"pseudorec","forw","LF","abst",NA,221,"CELEP","VLD"
178,"s6.dat",6,"t199",0,"None",NA,"pseudorec","forw","HF","conc",NA,199,"BORDEP","ALD"
178,"s6.dat",6,"t199",0,"None",NA,"pseudorec","forw","HF","conc",NA,199,"KLIPAĆ","VLD"
180,"s6.dat",6,"t211",0,"None",NA,"pseudorec","forw","LF","abst",NA,211,"KEPEN","ALD"
180,"s6.dat",6,"t211",0,"None",NA,"pseudorec","forw","LF","abst",NA,211,"FLUOŠ","VLD"
182,"s6.dat",6,"t97",1,"1",711,"rec","forw","LF","abst","bruka",97,"BRUKA","ALD"
182,"s6.dat",6,"t97",1,"1",711,"rec","forw","LF","abst","manjak",97,"MANJAK","VLD"
183,"s6.dat",6,"t209",1,"3",1302,"pseudorec","forw","HF","conc",NA,209,"ARGOP","ALD"
183,"s6.dat",6,"t209",1,"3",1302,"pseudorec","forw","HF","conc",NA,209,"HARAK","VLD"
184,"s6.dat",6,"t169",1,"3",1212,"pseudorec","backw","LF","conc",NA,169,"GULAN","ALD"
184,"s6.dat",6,"t169",1,"3",1212,"pseudorec","backw","LF","conc",NA,169,"CIGAF","VLD"
185,"s6.dat",6,"t71",1,"1",621,"rec","forw","HF","abst","slutnja",71,"SLUTNJA","ALD"
185,"s6.dat",6,"t71",1,"1",621,"rec","forw","HF","abst","razvoj",71,"RAZVOJ","VLD"
186,"s6.dat",6,"t65",1,"1",601,"rec","forw","HF","abst","savest",65,"SAVEST","ALD"
186,"s6.dat",6,"t65",1,"1",601,"rec","forw","HF","abst","ideja",65,"IDEJA","VLD"
187,"s6.dat",6,"t9",0,"3",NA,"rec","backw","HF","abst","mašta",9,"ATŠAM","ALD"
187,"s6.dat",6,"t9",0,"3",NA,"rec","backw","HF","abst","razlog",9,"GOLZAR","VLD"
188,"s6.dat",6,"t11",0,"None",NA,"rec","backw","HF","abst","zanos",11,"SONAZ","ALD"
188,"s6.dat",6,"t11",0,"None",NA,"rec","backw","HF","abst","smisao",11,"OASIMS","VLD"
190,"s6.dat",6,"t106",1,"1",771,"rec","forw","LF","conc","jogurt",106,"JOGURT","ALD"
190,"s6.dat",6,"t106",1,"1",771,"rec","forw","LF","conc","kengur",106,"KENGUR","VLD"
191,"s6.dat",6,"t30",0,"None",NA,"rec","backw","HF","conc","glava",30,"AVALG","ALD"
191,"s6.dat",6,"t30",0,"None",NA,"rec","backw","HF","conc","trava",30,"AVART","VLD"
193,"s6.dat",6,"t31",0,"None",NA,"rec","backw","LF","abst","izazov",31,"VOZAZI","ALD"
193,"s6.dat",6,"t31",0,"None",NA,"rec","backw","LF","abst","etika",31,"AKITE","VLD"
195,"s6.dat",6,"t18",1,"1",1462,"rec","backw","HF","conc","brašno",18,"ONŠARB","ALD"
195,"s6.dat",6,"t18",1,"1",1462,"rec","backw","HF","conc","sanduk",18,"KUDNAS","VLD"
196,"s6.dat",6,"t1",1,"1",1012,"rec","backw","HF","abst","novost",1,"TSOVON","ALD"
196,"s6.dat",6,"t1",1,"1",1012,"rec","backw","HF","abst","metoda",1,"ADOTEM","VLD"
197,"s6.dat",6,"t13",0,"None",NA,"rec","backw","HF","abst","samoća",13,"AĆOMAS","ALD"
197,"s6.dat",6,"t13",0,"None",NA,"rec","backw","HF","abst","tajna",13,"ANJAT","VLD"
199,"s6.dat",6,"t33",0,"3",NA,"rec","backw","LF","abst","opoziv",33,"VIZOPO","ALD"
199,"s6.dat",6,"t33",0,"3",NA,"rec","backw","LF","abst","renome",33,"EMONER","VLD"
200,"s6.dat",6,"t185",1,"3",1442,"pseudorec","forw","HF","abst",NA,185,"FARMET","ALD"
200,"s6.dat",6,"t185",1,"3",1442,"pseudorec","forw","HF","abst",NA,185,"RABIĐ","ALD"
201,"s6.dat",6,"t94",1,"1",731,"rec","forw","LF","abst","trenje",94,"TRENJE","ALD"
201,"s6.dat",6,"t94",1,"1",731,"rec","forw","LF","abst","deoba",94,"DEOBA","VLD"
202,"s6.dat",6,"t4",1,"1",1072,"rec","backw","HF","abst","namera",4,"AREMAN","ALD"
202,"s6.dat",6,"t4",1,"1",1072,"rec","backw","HF","abst","osveta",4,"ATEVSO","VLD"
203,"s6.dat",6,"t113",1,"1",721,"rec","forw","LF","conc","alatka",113,"ALATKA","ALD"
203,"s6.dat",6,"t113",1,"1",721,"rec","forw","LF","conc","zebra",113,"ZEBRA","VLD"
204,"s6.dat",6,"t48",0,"3",NA,"rec","backw","LF","conc","burek",48,"KERUB","ALD"
204,"s6.dat",6,"t48",0,"3",NA,"rec","backw","LF","conc","cucla",48,"ALCUC","VLD"
205,"s6.dat",6,"t78",1,"1",701,"rec","forw","HF","conc","korito",78,"KORITO","ALD"
205,"s6.dat",6,"t78",1,"1",701,"rec","forw","HF","conc","jastuk",78,"JASTUK","VLD"
206,"s6.dat",6,"t154",0,"None",NA,"pseudorec","backw","LF","abst",NA,154,"REZOL","ALD"
206,"s6.dat",6,"t154",0,"None",NA,"pseudorec","backw","LF","abst",NA,154,"SKRON","VLD"
208,"s6.dat",6,"t194",1,"3",1252,"pseudorec","forw","HF","abst",NA,194,"SONAĐ","ALD"
208,"s6.dat",6,"t194",1,"3",1252,"pseudorec","forw","HF","abst",NA,194,"ŠPRIĐ","ALD"
209,"s6.dat",6,"t3",1,"1",1382,"rec","backw","HF","abst","kriza",3,"AZIRK","ALD"
209,"s6.dat",6,"t3",1,"1",1382,"rec","backw","HF","abst","uticaj",3,"JACITU","VLD"
210,"s6.dat",6,"t219",1,"3",1322,"pseudorec","forw","LF","abst",NA,219,"POKOB","ALD"
210,"s6.dat",6,"t219",1,"3",1322,"pseudorec","forw","LF","abst",NA,219,"REDAF","VLD"
211,"s6.dat",6,"t66",1,"1",651,"rec","forw","HF","abst","period",66,"PERIOD","ALD"
211,"s6.dat",6,"t66",1,"1",651,"rec","forw","HF","abst","otpor",66,"OTPOR","VLD"
212,"s6.dat",6,"t139",1,"3",1362,"pseudorec","backw","HF","conc",NA,139,"ZEJTIZ","ALD"
212,"s6.dat",6,"t139",1,"3",1362,"pseudorec","backw","HF","conc",NA,139,"HIBRIF","VLD"
213,"s6.dat",6,"t103",1,"1",1182,"rec","forw","LF","abst","fizika",103,"FIZIKA","ALD"
213,"s6.dat",6,"t103",1,"1",1182,"rec","forw","LF","abst","nedelo",103,"NEDELO","VLD"
214,"s6.dat",6,"t49",1,"1",921,"rec","backw","LF","conc","jarac",49,"CARAJ","ALD"
214,"s6.dat",6,"t49",1,"1",921,"rec","backw","LF","conc","pegla",49,"ALGEP","VLD"
215,"s6.dat",6,"t108",1,"1",921,"rec","forw","LF","conc","tegla",108,"TEGLA","ALD"
215,"s6.dat",6,"t108",1,"1",921,"rec","forw","LF","conc","kompot",108,"KOMPOT","VLD"
216,"s6.dat",6,"t63",1,"1",651,"rec","forw","HF","abst","motiv",63,"MOTIV","ALD"
216,"s6.dat",6,"t63",1,"1",651,"rec","forw","HF","abst","celina",63,"CELINA","VLD"
217,"s6.dat",6,"t68",1,"1",491,"rec","forw","HF","abst","izraz",68,"IZRAZ","ALD"
217,"s6.dat",6,"t68",1,"1",491,"rec","forw","HF","abst","utisak",68,"UTISAK","VLD"
218,"s6.dat",6,"t208",1,"3",1483,"pseudorec","forw","HF","conc",NA,208,"GREJAP","ALD"
218,"s6.dat",6,"t208",1,"3",1483,"pseudorec","forw","HF","conc",NA,208,"TIKEN","VLD"
219,"s6.dat",6,"t34",0,"None",NA,"rec","backw","LF","abst","rizik",34,"KIZIR","ALD"
219,"s6.dat",6,"t34",0,"None",NA,"rec","backw","LF","abst","upliv",34,"VILPU","VLD"
221,"s6.dat",6,"t55",0,"3",NA,"rec","backw","LF","conc","zumbul",55,"LUBMUZ","ALD"
221,"s6.dat",6,"t55",0,"3",NA,"rec","backw","LF","conc","kaktus",55,"SUTKAK","VLD"
222,"s6.dat",6,"t137",1,"3",1493,"pseudorec","backw","HF","conc",NA,137,"POLEZ","ALD"
222,"s6.dat",6,"t137",1,"3",1493,"pseudorec","backw","HF","conc",NA,137,"STICAP","VLD"
223,"s6.dat",6,"t54",1,"1",1232,"rec","backw","LF","conc","klovn",54,"NVOLK","ALD"
223,"s6.dat",6,"t54",1,"1",1232,"rec","backw","LF","conc","štuka",54,"AKUTŠ","VLD"
224,"s6.dat",6,"t2",0,"3",NA,"rec","backw","HF","abst","dosada",2,"ADASOD","ALD"
224,"s6.dat",6,"t2",0,"3",NA,"rec","backw","HF","abst","pojam",2,"MAJOP","VLD"
225,"s6.dat",6,"t61",1,"1",1142,"rec","forw","HF","abst","nemoć",61,"NEMOĆ","ALD"
225,"s6.dat",6,"t61",1,"1",1142,"rec","forw","HF","abst","sudba",61,"SUDBA","VLD"
226,"s6.dat",6,"t232",1,"3",1472,"pseudorec","forw","LF","conc",NA,232,"TOALEB","ALD"
226,"s6.dat",6,"t232",1,"3",1472,"pseudorec","forw","LF","conc",NA,232,"FAZOR","VLD"
227,"s6.dat",6,"t67",1,"1",641,"rec","forw","HF","abst","sezona",67,"SEZONA","ALD"
227,"s6.dat",6,"t67",1,"1",641,"rec","forw","HF","abst","propis",67,"PROPIS","VLD"
228,"s6.dat",6,"t186",1,"3",1271,"pseudorec","forw","HF","abst",NA,186,"ZNALAB","ALD"
228,"s6.dat",6,"t186",1,"3",1271,"pseudorec","forw","HF","abst",NA,186,"MODUĐ","ALD"
229,"s6.dat",6,"t228",1,"3",1412,"pseudorec","forw","LF","conc",NA,228,"ULKUG","ALD"
229,"s6.dat",6,"t228",1,"3",1412,"pseudorec","forw","LF","conc",NA,228,"FLANEG","VLD"
230,"s6.dat",6,"t229",0,"1",NA,"pseudorec","forw","LF","conc",NA,229,"REBUL","ALD"
230,"s6.dat",6,"t229",0,"1",NA,"pseudorec","forw","LF","conc",NA,229,"NABOH","VLD"
231,"s6.dat",6,"t42",1,"1",1022,"rec","backw","LF","abst","ruglo",42,"OLGUR","ALD"
231,"s6.dat",6,"t42",1,"1",1022,"rec","backw","LF","abst","zamor",42,"ROMAZ","VLD"
232,"s6.dat",6,"t98",1,"1",641,"rec","forw","LF","abst","slanje",98,"SLANJE","ALD"
232,"s6.dat",6,"t98",1,"1",641,"rec","forw","LF","abst","užitak",98,"UŽITAK","VLD"
233,"s6.dat",6,"t85",1,"1",621,"rec","forw","HF","conc","koleno",85,"KOLENO","ALD"
233,"s6.dat",6,"t85",1,"1",621,"rec","forw","HF","conc","pepeo",85,"PEPEO","VLD"
234,"s6.dat",6,"t101",1,"1",641,"rec","forw","LF","abst","domet",101,"DOMET","ALD"
234,"s6.dat",6,"t101",1,"1",641,"rec","forw","LF","abst","ispad",101,"ISPAD","VLD"
235,"s6.dat",6,"t125",0,"None",NA,"pseudorec","backw","HF","abst",NA,125,"PANCIT","ALD"
235,"s6.dat",6,"t125",0,"None",NA,"pseudorec","backw","HF","abst",NA,125,"AKSIOK","VLD"
237,"s6.dat",6,"t196",0,"None",NA,"pseudorec","forw","HF","conc",NA,196,"SVRAL","ALD"
237,"s6.dat",6,"t196",0,"None",NA,"pseudorec","forw","HF","conc",NA,196,"BIZOK","VLD"
239,"s6.dat",6,"t167",1,"3",1342,"pseudorec","backw","LF","conc",NA,167,"KOMFON","ALD"
239,"s6.dat",6,"t167",1,"3",1342,"pseudorec","backw","LF","conc",NA,167,"KARBOZ","VLD"
240,"s6.dat",6,"t100",1,"1",811,"rec","forw","LF","abst","trpnja",100,"TRPNJA","ALD"
240,"s6.dat",6,"t100",1,"1",811,"rec","forw","LF","abst","raspon",100,"RASPON","VLD"
241,"s6.dat",6,"t174",1,"3",912,"pseudorec","backw","LF","conc",NA,174,"VOKAB","ALD"
241,"s6.dat",6,"t174",1,"3",912,"pseudorec","backw","LF","conc",NA,174,"ZIDIB","VLD"
242,"s6.dat",6,"t73",1,"1",851,"rec","forw","HF","abst","zakon",73,"ZAKON","ALD"
242,"s6.dat",6,"t73",1,"1",851,"rec","forw","HF","abst","istina",73,"ISTINA","VLD"
243,"s6.dat",6,"t112",1,"1",641,"rec","forw","LF","conc","zvečka",112,"ZVEČKA","ALD"
243,"s6.dat",6,"t112",1,"1",641,"rec","forw","LF","conc","torta",112,"TORTA","VLD"
244,"s6.dat",6,"t240",1,"3",1322,"pseudorec","forw","LF","conc",NA,240,"VOSKAB","ALD"
244,"s6.dat",6,"t240",1,"3",1322,"pseudorec","forw","LF","conc",NA,240,"TRILEN","VLD"
245,"s6.dat",6,"t22",0,"3",NA,"rec","backw","HF","conc","čamac",22,"CAMAČ","ALD"
245,"s6.dat",6,"t22",0,"3",NA,"rec","backw","HF","conc","hrast",22,"TSARH","VLD"
246,"s6.dat",6,"t119",1,"1",641,"rec","forw","LF","conc","flauta",119,"FLAUTA","ALD"
246,"s6.dat",6,"t119",1,"1",641,"rec","forw","LF","conc","kecelja",119,"KECELJA","VLD"
247,"s6.dat",6,"t82",1,"1",540,"rec","forw","HF","conc","kaput",82,"KAPUT","ALD"
247,"s6.dat",6,"t82",1,"1",540,"rec","forw","HF","conc","klavir",82,"KLAVIR","VLD"
248,"s6.dat",6,"t197",0,"None",NA,"pseudorec","forw","HF","conc",NA,197,"SISAB","ALD"
248,"s6.dat",6,"t197",0,"None",NA,"pseudorec","forw","HF","conc",NA,197,"KLIKET","VLD"
250,"s6.dat",6,"t201",1,"3",1322,"pseudorec","forw","HF","conc",NA,201,"CIKLOP","ALD"
250,"s6.dat",6,"t201",1,"3",1322,"pseudorec","forw","HF","conc",NA,201,"DESPON","VLD"
251,"s6.dat",6,"t14",0,"None",NA,"rec","backw","HF","abst","posao",14,"OASOP","ALD"
251,"s6.dat",6,"t14",0,"None",NA,"rec","backw","HF","abst","strah",14,"HARTS","VLD"
253,"s6.dat",6,"t19",0,"None",NA,"rec","backw","HF","conc","sekira",19,"ARIKES","ALD"
253,"s6.dat",6,"t19",0,"None",NA,"rec","backw","HF","conc","rakija",19,"AJIKAR","VLD"
255,"s6.dat",6,"t155",0,"None",NA,"pseudorec","backw","LF","abst",NA,155,"MIKROZ","ALD"
255,"s6.dat",6,"t155",0,"None",NA,"pseudorec","backw","LF","abst",NA,155,"KAUBOT","VLD"
257,"s6.dat",6,"t52",0,"3",NA,"rec","backw","LF","conc","šunka",52,"AKNUŠ","ALD"
257,"s6.dat",6,"t52",0,"3",NA,"rec","backw","LF","conc","fazan",52,"NAZAF","VLD"
258,"s6.dat",6,"t184",1,"3",1172,"pseudorec","forw","HF","abst",NA,184,"BUBNJAC","ALD"
258,"s6.dat",6,"t184",1,"3",1172,"pseudorec","forw","HF","abst",NA,184,"JEDNJAZ","VLD"
259,"s6.dat",6,"t89",1,"1",701,"rec","forw","HF","conc","prozor",89,"PROZOR","ALD"
259,"s6.dat",6,"t89",1,"1",701,"rec","forw","HF","conc","vrata",89,"VRATA","VLD"
260,"s6.dat",6,"t231",1,"3",811,"pseudorec","forw","LF","conc",NA,231,"MLEKAF","ALD"
260,"s6.dat",6,"t231",1,"3",811,"pseudorec","forw","LF","conc",NA,231,"KENGUN","VLD"
261,"s6.dat",6,"t176",1,"3",931,"pseudorec","backw","LF","conc",NA,176,"PUTEF","ALD"
261,"s6.dat",6,"t176",1,"3",931,"pseudorec","backw","LF","conc",NA,176,"NAGIR","VLD"
262,"s6.dat",6,"t177",1,"3",1252,"pseudorec","backw","LF","conc",NA,177,"JERED","ALD"
262,"s6.dat",6,"t177",1,"3",1252,"pseudorec","backw","LF","conc",NA,177,"MELED","VLD"
263,"s6.dat",6,"t72",1,"1",751,"rec","forw","HF","abst","uslov",72,"USLOV","ALD"
263,"s6.dat",6,"t72",1,"1",751,"rec","forw","HF","abst","uspeh",72,"USPEH","VLD"
264,"s6.dat",6,"t227",1,"3",671,"pseudorec","forw","LF","conc",NA,227,"CIMEČ","ALD"
264,"s6.dat",6,"t227",1,"3",671,"pseudorec","forw","LF","conc",NA,227,"VITALJ","VLD"
265,"s6.dat",6,"t146",1,"3",1062,"pseudorec","backw","HF","conc",NA,146,"FOSIK","ALD"
265,"s6.dat",6,"t146",1,"3",1062,"pseudorec","backw","HF","conc",NA,146,"DRIPAG","VLD"
266,"s6.dat",6,"t25",0,"3",NA,"rec","backw","HF","conc","jabuka",25,"AKUBAJ","ALD"
266,"s6.dat",6,"t25",0,"3",NA,"rec","backw","HF","conc","lanac",25,"CANAL","VLD"
267,"s6.dat",6,"t37",0,"None",NA,"rec","backw","LF","abst","nužda",37,"ADŽUN","ALD"
267,"s6.dat",6,"t37",0,"None",NA,"rec","backw","LF","abst","pobuda",37,"ADUBOP","VLD"
269,"s6.dat",6,"t102",1,"1",691,"rec","forw","LF","abst","ljutnja",102,"LJUTNJA","ALD"
269,"s6.dat",6,"t102",1,"1",691,"rec","forw","LF","abst","profit",102,"PROFIT","VLD"
270,"s6.dat",6,"t64",1,"1",651,"rec","forw","HF","abst","pretnja",64,"PRETNJA","ALD"
270,"s6.dat",6,"t64",1,"1",651,"rec","forw","HF","abst","milost",64,"MILOST","VLD"
271,"s6.dat",6,"t88",1,"1",541,"rec","forw","HF","conc","zgrada",88,"ZGRADA","ALD"
271,"s6.dat",6,"t88",1,"1",541,"rec","forw","HF","conc","knjiga",88,"KNJIGA","VLD"
272,"s6.dat",6,"t217",0,"1",NA,"pseudorec","forw","LF","abst",NA,217,"SERUP","ALD"
272,"s6.dat",6,"t217",0,"1",NA,"pseudorec","forw","LF","abst",NA,217,"REZAG","VLD"
273,"s6.dat",6,"t145",0,"None",NA,"pseudorec","backw","HF","conc",NA,145,"TREZOB","ALD"
273,"s6.dat",6,"t145",0,"None",NA,"pseudorec","backw","HF","conc",NA,145,"HAMEŠ","VLD"
275,"s6.dat",6,"t179",1,"3",1352,"pseudorec","backw","LF","conc",NA,179,"PETLIR","ALD"
275,"s6.dat",6,"t179",1,"3",1352,"pseudorec","backw","LF","conc",NA,179,"KANTAC","VLD"
276,"s6.dat",6,"t41",0,"3",NA,"rec","backw","LF","abst","status",41,"SUTATS","ALD"
276,"s6.dat",6,"t41",0,"3",NA,"rec","backw","LF","abst","tegoba",41,"ABOGET","VLD"
277,"s6.dat",6,"t129",0,"None",NA,"pseudorec","backw","HF","abst",NA,129,"AKTEF","ALD"
277,"s6.dat",6,"t129",0,"None",NA,"pseudorec","backw","HF","abst",NA,129,"AFEKAL","VLD"
279,"s6.dat",6,"t40",0,"3",NA,"rec","backw","LF","abst","aspekt",40,"TKEPSA","ALD"
279,"s6.dat",6,"t40",0,"3",NA,"rec","backw","LF","abst","revolt",40,"TLOVER","VLD"
280,"s6.dat",6,"t239",0,"None",NA,"pseudorec","forw","LF","conc",NA,239,"BIFTEM","ALD"
280,"s6.dat",6,"t239",0,"None",NA,"pseudorec","forw","LF","conc",NA,239,"RUNDOG","VLD"
282,"s6.dat",6,"t220",0,"None",NA,"pseudorec","forw","LF","abst",NA,220,"PERAĐ","ALD"
282,"s6.dat",6,"t220",0,"None",NA,"pseudorec","forw","LF","abst",NA,220,"BUMBAG","VLD"
284,"s6.dat",6,"t123",0,"None",NA,"pseudorec","backw","HF","abst",NA,123,"TIGAŠ","ALD"
284,"s6.dat",6,"t123",0,"None",NA,"pseudorec","backw","HF","abst",NA,123,"NEUKUD","VLD"
286,"s6.dat",6,"t79",1,"1",711,"rec","forw","HF","conc","marama",79,"MARAMA","ALD"
286,"s6.dat",6,"t79",1,"1",711,"rec","forw","HF","conc","kolica",79,"KOLICA","VLD"
287,"s6.dat",6,"t60",0,"None",NA,"rec","backw","LF","conc","parket",60,"TEKRAP","ALD"
287,"s6.dat",6,"t60",0,"None",NA,"rec","backw","LF","conc","lopata",60,"ATAPOL","VLD"
289,"s6.dat",6,"t47",0,"None",NA,"rec","backw","LF","conc","spanać",47,"ĆANAPS","ALD"
289,"s6.dat",6,"t47",0,"None",NA,"rec","backw","LF","conc","pereca",47,"ACEREP","VLD"
291,"s6.dat",6,"t148",1,"3",1272,"pseudorec","backw","HF","conc",NA,148,"PRELER","ALD"
291,"s6.dat",6,"t148",1,"3",1272,"pseudorec","backw","HF","conc",NA,148,"BAZAP","VLD"
292,"s6.dat",6,"t230",1,"3",1442,"pseudorec","forw","LF","conc",NA,230,"CINIB","ALD"
292,"s6.dat",6,"t230",1,"3",1442,"pseudorec","forw","LF","conc",NA,230,"KONZUP","VLD"
293,"s6.dat",6,"t158",1,"3",1392,"pseudorec","backw","LF","abst",NA,158,"KAJAC","ALD"
293,"s6.dat",6,"t158",1,"3",1392,"pseudorec","backw","LF","abst",NA,158,"ĆEVAK","VLD"
294,"s6.dat",6,"t192",0,"None",NA,"pseudorec","forw","HF","abst",NA,192,"OMLEZ","ALD"
294,"s6.dat",6,"t192",0,"None",NA,"pseudorec","forw","HF","abst",NA,192,"IRVAB","VLD"
296,"s6.dat",6,"t99",1,"1",711,"rec","forw","LF","abst","otkaz",99,"OTKAZ","ALD"
296,"s6.dat",6,"t99",1,"1",711,"rec","forw","LF","abst","zakup",99,"ZAKUP","VLD"
297,"s6.dat",6,"t35",0,"3",NA,"rec","backw","LF","abst","poenta",35,"ATNEOP","ALD"
297,"s6.dat",6,"t35",0,"3",NA,"rec","backw","LF","abst","raskid",35,"DIKSAR","VLD"
298,"s6.dat",6,"t26",0,"None",NA,"rec","backw","HF","conc","zmija",26,"AJIMZ","ALD"
298,"s6.dat",6,"t26",0,"None",NA,"rec","backw","HF","conc","jablan",26,"NALBAJ","VLD"
300,"s6.dat",6,"t205",1,"3",951,"pseudorec","forw","HF","conc",NA,205,"PEŠKIG","ALD"
300,"s6.dat",6,"t205",1,"3",951,"pseudorec","forw","HF","conc",NA,205,"EVNUB","VLD"
301,"s6.dat",6,"t110",1,"1",1032,"rec","forw","LF","conc","ranac",110,"RANAC","ALD"
301,"s6.dat",6,"t110",1,"1",1032,"rec","forw","LF","conc","kliker",110,"KLIKER","VLD"
302,"s6.dat",6,"t27",0,"3",NA,"rec","backw","HF","conc","stena",27,"ANETS","ALD"
302,"s6.dat",6,"t27",0,"3",NA,"rec","backw","HF","conc","mleko",27,"OKELM","VLD"
303,"s6.dat",6,"t215",0,"None",NA,"pseudorec","forw","LF","abst",NA,215,"OPOZIN","ALD"
303,"s6.dat",6,"t215",0,"None",NA,"pseudorec","forw","LF","abst",NA,215,"PO~EF","ALD"
305,"s6.dat",6,"t214",1,"3",1231,"pseudorec","forw","LF","abst",NA,214,"PITOR","ALD"
305,"s6.dat",6,"t214",1,"3",1231,"pseudorec","forw","LF","abst",NA,214,"PIJAD","VLD"
1,"s7.dat",7,"t102",1,"1",821,"rec","forw","LF","abst","ljutnja",102,"LJUTNJA","ALD"
1,"s7.dat",7,"t102",1,"1",821,"rec","forw","LF","abst","profit",102,"PROFIT","VLD"
2,"s7.dat",7,"t161",1,"3",1061,"pseudorec","backw","LF","abst",NA,161,"VASKRM","ALD"
2,"s7.dat",7,"t161",1,"3",1061,"pseudorec","backw","LF","abst",NA,161,"SVIRAZ","VLD"
3,"s7.dat",7,"t4",0,"3",NA,"rec","backw","HF","abst","namera",4,"AREMAN","ALD"
3,"s7.dat",7,"t4",0,"3",NA,"rec","backw","HF","abst","osveta",4,"ATEVSO","VLD"
4,"s7.dat",7,"t100",1,"1",711,"rec","forw","LF","abst","trpnja",100,"TRPNJA","ALD"
4,"s7.dat",7,"t100",1,"1",711,"rec","forw","LF","abst","raspon",100,"RASPON","VLD"
5,"s7.dat",7,"t64",1,"1",661,"rec","forw","HF","abst","pretnja",64,"PRETNJA","ALD"
5,"s7.dat",7,"t64",1,"1",661,"rec","forw","HF","abst","milost",64,"MILOST","VLD"
6,"s7.dat",7,"t24",0,"None",NA,"rec","backw","HF","conc","breza",24,"AZERB","ALD"
6,"s7.dat",7,"t24",0,"None",NA,"rec","backw","HF","conc","leptir",24,"RITPEL","VLD"
8,"s7.dat",7,"t196",0,"None",NA,"pseudorec","forw","HF","conc",NA,196,"SVRAL","ALD"
8,"s7.dat",7,"t196",0,"None",NA,"pseudorec","forw","HF","conc",NA,196,"BIZOK","VLD"
10,"s7.dat",7,"t181",1,"3",1192,"pseudorec","forw","HF","abst",NA,181,"SOMUH","ALD"
10,"s7.dat",7,"t181",1,"3",1192,"pseudorec","forw","HF","abst",NA,181,"TANIH","VLD"
11,"s7.dat",7,"t177",0,"None",NA,"pseudorec","backw","LF","conc",NA,177,"JERED","ALD"
11,"s7.dat",7,"t177",0,"None",NA,"pseudorec","backw","LF","conc",NA,177,"MELED","VLD"
13,"s7.dat",7,"t214",0,"1",NA,"pseudorec","forw","LF","abst",NA,214,"PITOR","ALD"
13,"s7.dat",7,"t214",0,"1",NA,"pseudorec","forw","LF","abst",NA,214,"PIJAD","VLD"
14,"s7.dat",7,"t166",1,"3",1362,"pseudorec","backw","LF","conc",NA,166,"SVETAF","ALD"
14,"s7.dat",7,"t166",1,"3",1362,"pseudorec","backw","LF","conc",NA,166,"BIOLOR","VLD"
15,"s7.dat",7,"t20",0,"3",NA,"rec","backw","HF","conc","cipela",20,"ALEPIC","ALD"
15,"s7.dat",7,"t20",0,"3",NA,"rec","backw","HF","conc","konac",20,"CANOK","VLD"
16,"s7.dat",7,"t88",1,"1",641,"rec","forw","HF","conc","zgrada",88,"ZGRADA","ALD"
16,"s7.dat",7,"t88",1,"1",641,"rec","forw","HF","conc","knjiga",88,"KNJIGA","VLD"
17,"s7.dat",7,"t5",0,"3",NA,"rec","backw","HF","abst","promet",5,"TEMORP","ALD"
17,"s7.dat",7,"t5",0,"3",NA,"rec","backw","HF","abst","žalost",5,"TSOLAŽ","VLD"
18,"s7.dat",7,"t54",0,"3",NA,"rec","backw","LF","conc","klovn",54,"NVOLK","ALD"
18,"s7.dat",7,"t54",0,"3",NA,"rec","backw","LF","conc","štuka",54,"AKUTŠ","VLD"
19,"s7.dat",7,"t167",1,"3",1312,"pseudorec","backw","LF","conc",NA,167,"KOMFON","ALD"
19,"s7.dat",7,"t167",1,"3",1312,"pseudorec","backw","LF","conc",NA,167,"KARBOZ","VLD"
20,"s7.dat",7,"t197",0,"None",NA,"pseudorec","forw","HF","conc",NA,197,"SISAB","ALD"
20,"s7.dat",7,"t197",0,"None",NA,"pseudorec","forw","HF","conc",NA,197,"KLIKET","VLD"
22,"s7.dat",7,"t96",1,"1",851,"rec","forw","LF","abst","nerad",96,"NERAD","ALD"
22,"s7.dat",7,"t96",1,"1",851,"rec","forw","LF","abst","elita",96,"ELITA","VLD"
23,"s7.dat",7,"t110",1,"1",641,"rec","forw","LF","conc","ranac",110,"RANAC","ALD"
23,"s7.dat",7,"t110",1,"1",641,"rec","forw","LF","conc","kliker",110,"KLIKER","VLD"
24,"s7.dat",7,"t94",1,"1",611,"rec","forw","LF","abst","trenje",94,"TRENJE","ALD"
24,"s7.dat",7,"t94",1,"1",611,"rec","forw","LF","abst","deoba",94,"DEOBA","VLD"
25,"s7.dat",7,"t104",1,"1",1101,"rec","forw","LF","abst","divota",104,"DIVOTA","ALD"
25,"s7.dat",7,"t104",1,"1",1101,"rec","forw","LF","abst","efekat",104,"EFEKAT","VLD"
26,"s7.dat",7,"t176",1,"3",1082,"pseudorec","backw","LF","conc",NA,176,"PUTEF","ALD"
26,"s7.dat",7,"t176",1,"3",1082,"pseudorec","backw","LF","conc",NA,176,"NAGIR","VLD"
27,"s7.dat",7,"t204",1,"3",1262,"pseudorec","forw","HF","conc",NA,204,"LENJIZ","ALD"
27,"s7.dat",7,"t204",1,"3",1262,"pseudorec","forw","HF","conc",NA,204,"BILIOD","VLD"
28,"s7.dat",7,"t56",0,"3",NA,"rec","backw","LF","conc","sirće",56,"EĆRIS","ALD"
28,"s7.dat",7,"t56",0,"3",NA,"rec","backw","LF","conc","kobra",56,"ARBOK","VLD"
29,"s7.dat",7,"t63",1,"1",661,"rec","forw","HF","abst","motiv",63,"MOTIV","ALD"
29,"s7.dat",7,"t63",1,"1",661,"rec","forw","HF","abst","celina",63,"CELINA","VLD"
30,"s7.dat",7,"t42",0,"3",NA,"rec","backw","LF","abst","ruglo",42,"OLGUR","ALD"
30,"s7.dat",7,"t42",0,"3",NA,"rec","backw","LF","abst","zamor",42,"ROMAZ","VLD"
31,"s7.dat",7,"t168",1,"3",1392,"pseudorec","backw","LF","conc",NA,168,"JELEP","ALD"
31,"s7.dat",7,"t168",1,"3",1392,"pseudorec","backw","LF","conc",NA,168,"ĆUMEP","VLD"
32,"s7.dat",7,"t90",1,"1",631,"rec","forw","HF","conc","grana",90,"GRANA","ALD"
32,"s7.dat",7,"t90",1,"1",631,"rec","forw","HF","conc","ptica",90,"PTICA","VLD"
33,"s7.dat",7,"t35",0,"3",NA,"rec","backw","LF","abst","poenta",35,"ATNEOP","ALD"
33,"s7.dat",7,"t35",0,"3",NA,"rec","backw","LF","abst","raskid",35,"DIKSAR","VLD"
34,"s7.dat",7,"t178",0,"None",NA,"pseudorec","backw","LF","conc",NA,178,"MANGUD","ALD"
34,"s7.dat",7,"t178",0,"None",NA,"pseudorec","backw","LF","conc",NA,178,"STALAV","VLD"
36,"s7.dat",7,"t12",0,"3",NA,"rec","backw","HF","abst","nemir",12,"RIMEN","ALD"
36,"s7.dat",7,"t12",0,"3",NA,"rec","backw","HF","abst","pomoć",12,"ĆOMOP","VLD"
37,"s7.dat",7,"t66",1,"1",661,"rec","forw","HF","abst","period",66,"PERIOD","ALD"
37,"s7.dat",7,"t66",1,"1",661,"rec","forw","HF","abst","otpor",66,"OTPOR","VLD"
38,"s7.dat",7,"t215",1,"3",1162,"pseudorec","forw","LF","abst",NA,215,"OPOZIN","ALD"
38,"s7.dat",7,"t215",1,"3",1162,"pseudorec","forw","LF","abst",NA,215,"PO~EF","ALD"
39,"s7.dat",7,"t194",1,"3",1422,"pseudorec","forw","HF","abst",NA,194,"SONAĐ","ALD"
39,"s7.dat",7,"t194",1,"3",1422,"pseudorec","forw","HF","abst",NA,194,"ŠPRIĐ","ALD"
40,"s7.dat",7,"t31",1,"1",1492,"rec","backw","LF","abst","izazov",31,"VOZAZI","ALD"
40,"s7.dat",7,"t31",1,"1",1492,"rec","backw","LF","abst","etika",31,"AKITE","VLD"
41,"s7.dat",7,"t95",1,"1",901,"rec","forw","LF","abst","apsurd",95,"APSURD","ALD"
41,"s7.dat",7,"t95",1,"1",901,"rec","forw","LF","abst","opseg",95,"OPSEG","VLD"
42,"s7.dat",7,"t15",1,"1",1242,"rec","backw","HF","abst","misao",15,"OASIM","ALD"
42,"s7.dat",7,"t15",1,"1",1242,"rec","backw","HF","abst","snaga",15,"AGANS","VLD"
43,"s7.dat",7,"t235",1,"3",1342,"pseudorec","forw","LF","conc",NA,235,"EGZIČ","ALD"
43,"s7.dat",7,"t235",1,"3",1342,"pseudorec","forw","LF","conc",NA,235,"MAHET","VLD"
44,"s7.dat",7,"t21",1,"1",1402,"rec","backw","HF","conc","kapija",21,"AJIPAK","ALD"
44,"s7.dat",7,"t21",1,"1",1402,"rec","backw","HF","conc","galeb",21,"BELAG","VLD"
45,"s7.dat",7,"t47",0,"None",NA,"rec","backw","LF","conc","spanać",47,"ĆANAPS","ALD"
45,"s7.dat",7,"t47",0,"None",NA,"rec","backw","LF","conc","pereca",47,"ACEREP","VLD"
47,"s7.dat",7,"t29",0,"None",NA,"rec","backw","HF","conc","kamen",29,"NEMAK","ALD"
47,"s7.dat",7,"t29",0,"None",NA,"rec","backw","HF","conc","cveće",29,"EĆEVC","VLD"
49,"s7.dat",7,"t22",1,"1",1212,"rec","backw","HF","conc","čamac",22,"CAMAČ","ALD"
49,"s7.dat",7,"t22",1,"1",1212,"rec","backw","HF","conc","hrast",22,"TSARH","VLD"
50,"s7.dat",7,"t115",1,"1",641,"rec","forw","LF","conc","božur",115,"BOŽUR","ALD"
50,"s7.dat",7,"t115",1,"1",641,"rec","forw","LF","conc","prase",115,"PRASE","VLD"
51,"s7.dat",7,"t212",0,"None",NA,"pseudorec","forw","LF","abst",NA,212,"TIRKIB","ALD"
51,"s7.dat",7,"t212",0,"None",NA,"pseudorec","forw","LF","abst",NA,212,"KRETEP","VLD"
53,"s7.dat",7,"t219",0,"1",NA,"pseudorec","forw","LF","abst",NA,219,"POKOB","ALD"
53,"s7.dat",7,"t219",0,"1",NA,"pseudorec","forw","LF","abst",NA,219,"REDAF","VLD"
54,"s7.dat",7,"t89",1,"1",631,"rec","forw","HF","conc","prozor",89,"PROZOR","ALD"
54,"s7.dat",7,"t89",1,"1",631,"rec","forw","HF","conc","vrata",89,"VRATA","VLD"
55,"s7.dat",7,"t70",1,"1",651,"rec","forw","HF","abst","briga",70,"BRIGA","ALD"
55,"s7.dat",7,"t70",1,"1",651,"rec","forw","HF","abst","napor",70,"NAPOR","VLD"
56,"s7.dat",7,"t172",0,"1",NA,"pseudorec","backw","LF","conc",NA,172,"MASEF","ALD"
56,"s7.dat",7,"t172",0,"1",NA,"pseudorec","backw","LF","conc",NA,172,"LIMIR","VLD"
57,"s7.dat",7,"t85",1,"1",831,"rec","forw","HF","conc","koleno",85,"KOLENO","ALD"
57,"s7.dat",7,"t85",1,"1",831,"rec","forw","HF","conc","pepeo",85,"PEPEO","VLD"
58,"s7.dat",7,"t125",1,"3",1142,"pseudorec","backw","HF","abst",NA,125,"PANCIT","ALD"
58,"s7.dat",7,"t125",1,"3",1142,"pseudorec","backw","HF","abst",NA,125,"AKSIOK","VLD"
59,"s7.dat",7,"t218",1,"3",1061,"pseudorec","forw","LF","abst",NA,218,"ROVAG","ALD"
59,"s7.dat",7,"t218",1,"3",1061,"pseudorec","forw","LF","abst",NA,218,"EPITEZ","VLD"
60,"s7.dat",7,"t165",1,"3",1322,"pseudorec","backw","LF","abst",NA,165,"KARMIG","ALD"
60,"s7.dat",7,"t165",1,"3",1322,"pseudorec","backw","LF","abst",NA,165,"SIRUL","VLD"
61,"s7.dat",7,"t130",1,"3",1252,"pseudorec","backw","HF","abst",NA,130,"REPTIK","ALD"
61,"s7.dat",7,"t130",1,"3",1252,"pseudorec","backw","HF","abst",NA,130,"POVEJ","VLD"
62,"s7.dat",7,"t190",1,"3",1132,"pseudorec","forw","HF","abst",NA,190,"ŠVERG","ALD"
62,"s7.dat",7,"t190",1,"3",1132,"pseudorec","forw","HF","abst",NA,190,"METAT","VLD"
63,"s7.dat",7,"t148",1,"3",1252,"pseudorec","backw","HF","conc",NA,148,"PRELER","ALD"
63,"s7.dat",7,"t148",1,"3",1252,"pseudorec","backw","HF","conc",NA,148,"BAZAP","VLD"
64,"s7.dat",7,"t13",0,"3",NA,"rec","backw","HF","abst","samoća",13,"AĆOMAS","ALD"
64,"s7.dat",7,"t13",0,"3",NA,"rec","backw","HF","abst","tajna",13,"ANJAT","VLD"
65,"s7.dat",7,"t105",1,"1",601,"rec","forw","LF","abst","logika",105,"LOGIKA","ALD"
65,"s7.dat",7,"t105",1,"1",601,"rec","forw","LF","abst","oprez",105,"OPREZ","VLD"
66,"s7.dat",7,"t238",1,"3",1212,"pseudorec","forw","LF","conc",NA,238,"RASAL","ALD"
66,"s7.dat",7,"t238",1,"3",1212,"pseudorec","forw","LF","conc",NA,238,"JASTOM","VLD"
67,"s7.dat",7,"t216",1,"3",1202,"pseudorec","forw","LF","abst",NA,216,"SENJAT","ALD"
67,"s7.dat",7,"t216",1,"3",1202,"pseudorec","forw","LF","abst",NA,216,"IDIOB","VLD"
68,"s7.dat",7,"t59",1,"1",1182,"rec","backw","LF","conc","delfin",59,"NIFLED","ALD"
68,"s7.dat",7,"t59",1,"1",1182,"rec","backw","LF","conc","papuča",59,"AČUPAP","VLD"
69,"s7.dat",7,"t27",0,"3",NA,"rec","backw","HF","conc","stena",27,"ANETS","ALD"
69,"s7.dat",7,"t27",0,"3",NA,"rec","backw","HF","conc","mleko",27,"OKELM","VLD"
70,"s7.dat",7,"t83",1,"1",611,"rec","forw","HF","conc","klupa",83,"KLUPA","ALD"
70,"s7.dat",7,"t83",1,"1",611,"rec","forw","HF","conc","zavesa",83,"ZAVESA","VLD"
71,"s7.dat",7,"t30",1,"1",1162,"rec","backw","HF","conc","glava",30,"AVALG","ALD"
71,"s7.dat",7,"t30",1,"1",1162,"rec","backw","HF","conc","trava",30,"AVART","VLD"
72,"s7.dat",7,"t116",1,"1",871,"rec","forw","LF","conc","konjak",116,"KONJAK","ALD"
72,"s7.dat",7,"t116",1,"1",871,"rec","forw","LF","conc","čaplja",116,"ČAPLJA","VLD"
73,"s7.dat",7,"t138",0,"1",NA,"pseudorec","backw","HF","conc",NA,138,"MAGNEG","ALD"
73,"s7.dat",7,"t138",0,"1",NA,"pseudorec","backw","HF","conc",NA,138,"KAPLAB","VLD"
74,"s7.dat",7,"t26",0,"3",NA,"rec","backw","HF","conc","zmija",26,"AJIMZ","ALD"
74,"s7.dat",7,"t26",0,"3",NA,"rec","backw","HF","conc","jablan",26,"NALBAJ","VLD"
75,"s7.dat",7,"t143",0,"None",NA,"pseudorec","backw","HF","conc",NA,143,"BRLOF","ALD"
75,"s7.dat",7,"t143",0,"None",NA,"pseudorec","backw","HF","conc",NA,143,"BATAZ","VLD"
77,"s7.dat",7,"t126",1,"3",1351,"pseudorec","backw","HF","abst",NA,126,"KANAZ","ALD"
77,"s7.dat",7,"t126",1,"3",1351,"pseudorec","backw","HF","abst",NA,126,"FELJTOZ","VLD"
78,"s7.dat",7,"t171",0,"1",NA,"pseudorec","backw","LF","conc",NA,171,"OTKLOR","ALD"
78,"s7.dat",7,"t171",0,"1",NA,"pseudorec","backw","LF","conc",NA,171,"FOKUJ","VLD"
79,"s7.dat",7,"t224",1,"3",1292,"pseudorec","forw","LF","abst",NA,224,"BOJLEG","ALD"
79,"s7.dat",7,"t224",1,"3",1292,"pseudorec","forw","LF","abst",NA,224,"DISTIC","VLD"
80,"s7.dat",7,"t230",1,"3",1372,"pseudorec","forw","LF","conc",NA,230,"CINIB","ALD"
80,"s7.dat",7,"t230",1,"3",1372,"pseudorec","forw","LF","conc",NA,230,"KONZUP","VLD"
81,"s7.dat",7,"t145",1,"3",1172,"pseudorec","backw","HF","conc",NA,145,"TREZOB","ALD"
81,"s7.dat",7,"t145",1,"3",1172,"pseudorec","backw","HF","conc",NA,145,"HAMEŠ","VLD"
82,"s7.dat",7,"t43",1,"1",1142,"rec","backw","LF","abst","požuda",43,"ADUŽOP","ALD"
82,"s7.dat",7,"t43",1,"1",1142,"rec","backw","LF","abst","namena",43,"ANEMAN","VLD"
83,"s7.dat",7,"t205",1,"3",1312,"pseudorec","forw","HF","conc",NA,205,"PEŠKIG","ALD"
83,"s7.dat",7,"t205",1,"3",1312,"pseudorec","forw","HF","conc",NA,205,"EVNUB","VLD"
84,"s7.dat",7,"t19",0,"3",NA,"rec","backw","HF","conc","sekira",19,"ARIKES","ALD"
84,"s7.dat",7,"t19",0,"3",NA,"rec","backw","HF","conc","rakija",19,"AJIKAR","VLD"
85,"s7.dat",7,"t79",1,"1",691,"rec","forw","HF","conc","marama",79,"MARAMA","ALD"
85,"s7.dat",7,"t79",1,"1",691,"rec","forw","HF","conc","kolica",79,"KOLICA","VLD"
86,"s7.dat",7,"t119",1,"1",701,"rec","forw","LF","conc","flauta",119,"FLAUTA","ALD"
86,"s7.dat",7,"t119",1,"1",701,"rec","forw","LF","conc","kecelja",119,"KECELJA","VLD"
87,"s7.dat",7,"t217",1,"3",1191,"pseudorec","forw","LF","abst",NA,217,"SERUP","ALD"
87,"s7.dat",7,"t217",1,"3",1191,"pseudorec","forw","LF","abst",NA,217,"REZAG","VLD"
88,"s7.dat",7,"t14",1,"1",1412,"rec","backw","HF","abst","posao",14,"OASOP","ALD"
88,"s7.dat",7,"t14",1,"1",1412,"rec","backw","HF","abst","strah",14,"HARTS","VLD"
89,"s7.dat",7,"t192",0,"None",NA,"pseudorec","forw","HF","abst",NA,192,"OMLEZ","ALD"
89,"s7.dat",7,"t192",0,"None",NA,"pseudorec","forw","HF","abst",NA,192,"IRVAB","VLD"
91,"s7.dat",7,"t80",1,"1",701,"rec","forw","HF","conc","topola",80,"TOPOLA","ALD"
91,"s7.dat",7,"t80",1,"1",701,"rec","forw","HF","conc","grožĐ‘e",80,"GROŽĐE","ALD"
92,"s7.dat",7,"t118",1,"1",671,"rec","forw","LF","conc","rerna",118,"RERNA","ALD"
92,"s7.dat",7,"t118",1,"1",671,"rec","forw","LF","conc","kačket",118,"KAČKET","VLD"
93,"s7.dat",7,"t51",1,"1",1372,"rec","backw","LF","conc","pekmez",51,"ZEMKEP","ALD"
93,"s7.dat",7,"t51",1,"1",1372,"rec","backw","LF","conc","šaran",51,"NARAŠ","VLD"
94,"s7.dat",7,"t123",1,"3",1372,"pseudorec","backw","HF","abst",NA,123,"TIGAŠ","ALD"
94,"s7.dat",7,"t123",1,"3",1372,"pseudorec","backw","HF","abst",NA,123,"NEUKUD","VLD"
95,"s7.dat",7,"t191",0,"None",NA,"pseudorec","forw","HF","abst",NA,191,"BAMBUK","ALD"
95,"s7.dat",7,"t191",0,"None",NA,"pseudorec","forw","HF","abst",NA,191,"VERMUJ","VLD"
97,"s7.dat",7,"t186",1,"3",1222,"pseudorec","forw","HF","abst",NA,186,"ZNALAB","ALD"
97,"s7.dat",7,"t186",1,"3",1222,"pseudorec","forw","HF","abst",NA,186,"MODUĐ","ALD"
98,"s7.dat",7,"t173",0,"None",NA,"pseudorec","backw","LF","conc",NA,173,"IMPORK","ALD"
98,"s7.dat",7,"t173",0,"None",NA,"pseudorec","backw","LF","conc",NA,173,"LENJOČ","VLD"
100,"s7.dat",7,"t226",1,"3",1172,"pseudorec","forw","LF","conc",NA,226,"BALZAL","ALD"
100,"s7.dat",7,"t226",1,"3",1172,"pseudorec","forw","LF","conc",NA,226,"RITUAC","VLD"
101,"s7.dat",7,"t86",1,"1",741,"rec","forw","HF","conc","krevet",86,"KREVET","ALD"
101,"s7.dat",7,"t86",1,"1",741,"rec","forw","HF","conc","lopta",86,"LOPTA","VLD"
102,"s7.dat",7,"t237",1,"3",1122,"pseudorec","forw","LF","conc",NA,237,"IZDAP","ALD"
102,"s7.dat",7,"t237",1,"3",1122,"pseudorec","forw","LF","conc",NA,237,"FAGOH","VLD"
103,"s7.dat",7,"t154",1,"3",1142,"pseudorec","backw","LF","abst",NA,154,"REZOL","ALD"
103,"s7.dat",7,"t154",1,"3",1142,"pseudorec","backw","LF","abst",NA,154,"SKRON","VLD"
104,"s7.dat",7,"t179",0,"1",NA,"pseudorec","backw","LF","conc",NA,179,"PETLIR","ALD"
104,"s7.dat",7,"t179",0,"1",NA,"pseudorec","backw","LF","conc",NA,179,"KANTAC","VLD"
105,"s7.dat",7,"t163",1,"3",1232,"pseudorec","backw","LF","abst",NA,163,"BERBET","ALD"
105,"s7.dat",7,"t163",1,"3",1232,"pseudorec","backw","LF","abst",NA,163,"PRESEB","VLD"
106,"s7.dat",7,"t23",1,"1",1463,"rec","backw","HF","conc","odelo",23,"OLEDO","ALD"
106,"s7.dat",7,"t23",1,"1",1463,"rec","backw","HF","conc","blato",23,"OTALB","VLD"
107,"s7.dat",7,"t38",0,"3",NA,"rec","backw","LF","abst","afera",38,"AREFA","ALD"
107,"s7.dat",7,"t38",0,"3",NA,"rec","backw","LF","abst","dogma",38,"AMGOD","VLD"
108,"s7.dat",7,"t207",1,"3",1342,"pseudorec","forw","HF","conc",NA,207,"ZAREM","ALD"
108,"s7.dat",7,"t207",1,"3",1342,"pseudorec","forw","HF","conc",NA,207,"BONTOZ","VLD"
109,"s7.dat",7,"t234",1,"3",1392,"pseudorec","forw","LF","conc",NA,234,"MURAB","ALD"
109,"s7.dat",7,"t234",1,"3",1392,"pseudorec","forw","LF","conc",NA,234,"MA~OT","ALD"
110,"s7.dat",7,"t16",0,"3",NA,"rec","backw","HF","conc","jagoda",16,"ADOGAJ","ALD"
110,"s7.dat",7,"t16",0,"3",NA,"rec","backw","HF","conc","kutija",16,"AJITUK","VLD"
111,"s7.dat",7,"t195",1,"3",1392,"pseudorec","forw","HF","abst",NA,195,"SVEKAN","ALD"
111,"s7.dat",7,"t195",1,"3",1392,"pseudorec","forw","HF","abst",NA,195,"TOTEK","VLD"
112,"s7.dat",7,"t239",1,"3",1332,"pseudorec","forw","LF","conc",NA,239,"BIFTEM","ALD"
112,"s7.dat",7,"t239",1,"3",1332,"pseudorec","forw","LF","conc",NA,239,"RUNDOG","VLD"
113,"s7.dat",7,"t128",0,"None",NA,"pseudorec","backw","HF","abst",NA,128,"TAJGUP","ALD"
113,"s7.dat",7,"t128",0,"None",NA,"pseudorec","backw","HF","abst",NA,128,"MASLAB","VLD"
115,"s7.dat",7,"t160",0,"None",NA,"pseudorec","backw","LF","abst",NA,160,"ŠAFRAK","ALD"
115,"s7.dat",7,"t160",0,"None",NA,"pseudorec","backw","LF","abst",NA,160,"GEOLOT","VLD"
117,"s7.dat",7,"t109",1,"1",872,"rec","forw","LF","conc","kiosk",109,"KIOSK","ALD"
117,"s7.dat",7,"t109",1,"1",872,"rec","forw","LF","conc","lavor",109,"LAVOR","VLD"
118,"s7.dat",7,"t200",1,"3",1382,"pseudorec","forw","HF","conc",NA,200,"PROSAR","ALD"
118,"s7.dat",7,"t200",1,"3",1382,"pseudorec","forw","HF","conc",NA,200,"KOSMOR","VLD"
119,"s7.dat",7,"t198",1,"3",1392,"pseudorec","forw","HF","conc",NA,198,"GNJURAB","ALD"
119,"s7.dat",7,"t198",1,"3",1392,"pseudorec","forw","HF","conc",NA,198,"NITKOZ","VLD"
120,"s7.dat",7,"t159",1,"3",1182,"pseudorec","backw","LF","abst",NA,159,"MALEG","ALD"
120,"s7.dat",7,"t159",1,"3",1182,"pseudorec","backw","LF","abst",NA,159,"MADAZ","VLD"
121,"s7.dat",7,"t111",1,"1",872,"rec","forw","LF","conc","perika",111,"PERIKA","ALD"
121,"s7.dat",7,"t111",1,"1",872,"rec","forw","LF","conc","pelena",111,"PELENA","VLD"
122,"s7.dat",7,"t142",0,"None",NA,"pseudorec","backw","HF","conc",NA,142,"ZUBID","ALD"
122,"s7.dat",7,"t142",0,"None",NA,"pseudorec","backw","HF","conc",NA,142,"KEDAP","VLD"
124,"s7.dat",7,"t158",1,"3",1172,"pseudorec","backw","LF","abst",NA,158,"KAJAC","ALD"
124,"s7.dat",7,"t158",1,"3",1172,"pseudorec","backw","LF","abst",NA,158,"ĆEVAK","VLD"
125,"s7.dat",7,"t40",0,"None",NA,"rec","backw","LF","abst","aspekt",40,"TKEPSA","ALD"
125,"s7.dat",7,"t40",0,"None",NA,"rec","backw","LF","abst","revolt",40,"TLOVER","VLD"
127,"s7.dat",7,"t240",1,"3",1292,"pseudorec","forw","LF","conc",NA,240,"VOSKAB","ALD"
127,"s7.dat",7,"t240",1,"3",1292,"pseudorec","forw","LF","conc",NA,240,"TRILEN","VLD"
128,"s7.dat",7,"t233",1,"3",1212,"pseudorec","forw","LF","conc",NA,233,"DRZNIL","ALD"
128,"s7.dat",7,"t233",1,"3",1212,"pseudorec","forw","LF","conc",NA,233,"NAMAG","VLD"
129,"s7.dat",7,"t10",0,"3",NA,"rec","backw","HF","abst","značaj",10,"JAČANZ","ALD"
129,"s7.dat",7,"t10",0,"3",NA,"rec","backw","HF","abst","svest",10,"TSEVS","VLD"
130,"s7.dat",7,"t127",1,"3",1493,"pseudorec","backw","HF","abst",NA,127,"JAJNIL","ALD"
130,"s7.dat",7,"t127",1,"3",1493,"pseudorec","backw","HF","abst",NA,127,"RATLUZ","VLD"
131,"s7.dat",7,"t84",1,"1",811,"rec","forw","HF","conc","sveća",84,"SVEĆA","ALD"
131,"s7.dat",7,"t84",1,"1",811,"rec","forw","HF","conc","školjka",84,"ŠKOLJKA","VLD"
132,"s7.dat",7,"t44",0,"3",NA,"rec","backw","LF","abst","zaplet",44,"TELPAZ","ALD"
132,"s7.dat",7,"t44",0,"3",NA,"rec","backw","LF","abst","sujeta",44,"ATEJUS","VLD"
133,"s7.dat",7,"t227",1,"3",1312,"pseudorec","forw","LF","conc",NA,227,"CIMEČ","ALD"
133,"s7.dat",7,"t227",1,"3",1312,"pseudorec","forw","LF","conc",NA,227,"VITALJ","VLD"
134,"s7.dat",7,"t164",1,"3",1412,"pseudorec","backw","LF","abst",NA,164,"SULTAK","ALD"
134,"s7.dat",7,"t164",1,"3",1412,"pseudorec","backw","LF","abst",NA,164,"BILTEG","VLD"
135,"s7.dat",7,"t34",0,"3",NA,"rec","backw","LF","abst","rizik",34,"KIZIR","ALD"
135,"s7.dat",7,"t34",0,"3",NA,"rec","backw","LF","abst","upliv",34,"VILPU","VLD"
136,"s7.dat",7,"t122",1,"3",1262,"pseudorec","backw","HF","abst",NA,122,"PREGIT","ALD"
136,"s7.dat",7,"t122",1,"3",1262,"pseudorec","backw","HF","abst",NA,122,"FETUP","VLD"
137,"s7.dat",7,"t33",0,"None",NA,"rec","backw","LF","abst","opoziv",33,"VIZOPO","ALD"
137,"s7.dat",7,"t33",0,"None",NA,"rec","backw","LF","abst","renome",33,"EMONER","VLD"
139,"s7.dat",7,"t141",1,"3",1232,"pseudorec","backw","HF","conc",NA,141,"VODNIB","ALD"
139,"s7.dat",7,"t141",1,"3",1232,"pseudorec","backw","HF","conc",NA,141,"CIMEC","VLD"
140,"s7.dat",7,"t193",1,"3",1162,"pseudorec","forw","HF","abst",NA,193,"JARAT","ALD"
140,"s7.dat",7,"t193",1,"3",1162,"pseudorec","forw","HF","abst",NA,193,"PROLOZ","VLD"
141,"s7.dat",7,"t174",1,"3",1202,"pseudorec","backw","LF","conc",NA,174,"VOKAB","ALD"
141,"s7.dat",7,"t174",1,"3",1202,"pseudorec","backw","LF","conc",NA,174,"ZIDIB","VLD"
142,"s7.dat",7,"t8",0,"3",NA,"rec","backw","HF","abst","pojava",8,"AVAJOP","ALD"
142,"s7.dat",7,"t8",0,"3",NA,"rec","backw","HF","abst","pravda",8,"ADVARP","VLD"
143,"s7.dat",7,"t93",1,"1",1192,"rec","forw","LF","abst","skepsa",93,"SKEPSA","ALD"
143,"s7.dat",7,"t93",1,"1",1192,"rec","forw","LF","abst","barok",93,"BAROK","VLD"
144,"s7.dat",7,"t113",1,"1",661,"rec","forw","LF","conc","alatka",113,"ALATKA","ALD"
144,"s7.dat",7,"t113",1,"1",661,"rec","forw","LF","conc","zebra",113,"ZEBRA","VLD"
145,"s7.dat",7,"t28",1,"1",1282,"rec","backw","HF","conc","livada",28,"ADAVIL","ALD"
145,"s7.dat",7,"t28",1,"1",1282,"rec","backw","HF","conc","slika",28,"AKILS","VLD"
146,"s7.dat",7,"t9",0,"3",NA,"rec","backw","HF","abst","mašta",9,"ATŠAM","ALD"
146,"s7.dat",7,"t9",0,"3",NA,"rec","backw","HF","abst","razlog",9,"GOLZAR","VLD"
147,"s7.dat",7,"t188",1,"3",1422,"pseudorec","forw","HF","abst",NA,188,"TENOZ","ALD"
147,"s7.dat",7,"t188",1,"3",1422,"pseudorec","forw","HF","abst",NA,188,"KOKTEZ","VLD"
148,"s7.dat",7,"t221",0,"None",NA,"pseudorec","forw","LF","abst",NA,221,"KVARŠ","ALD"
148,"s7.dat",7,"t221",0,"None",NA,"pseudorec","forw","LF","abst",NA,221,"CELEP","VLD"
150,"s7.dat",7,"t129",1,"3",1402,"pseudorec","backw","HF","abst",NA,129,"AKTEF","ALD"
150,"s7.dat",7,"t129",1,"3",1402,"pseudorec","backw","HF","abst",NA,129,"AFEKAL","VLD"
151,"s7.dat",7,"t185",1,"3",1112,"pseudorec","forw","HF","abst",NA,185,"FARMET","ALD"
151,"s7.dat",7,"t185",1,"3",1112,"pseudorec","forw","HF","abst",NA,185,"RABIĐ","ALD"
152,"s7.dat",7,"t134",0,"None",NA,"pseudorec","backw","HF","abst",NA,134,"DIZEB","ALD"
152,"s7.dat",7,"t134",0,"None",NA,"pseudorec","backw","HF","abst",NA,134,"LOTOG","VLD"
154,"s7.dat",7,"t97",1,"1",782,"rec","forw","LF","abst","bruka",97,"BRUKA","ALD"
154,"s7.dat",7,"t97",1,"1",782,"rec","forw","LF","abst","manjak",97,"MANJAK","VLD"
155,"s7.dat",7,"t144",1,"3",1392,"pseudorec","backw","HF","conc",NA,144,"MASIT","ALD"
155,"s7.dat",7,"t144",1,"3",1392,"pseudorec","backw","HF","conc",NA,144,"SLANIB","VLD"
156,"s7.dat",7,"t203",0,"None",NA,"pseudorec","forw","HF","conc",NA,203,"TAPIZ","ALD"
156,"s7.dat",7,"t203",0,"None",NA,"pseudorec","forw","HF","conc",NA,203,"KONDOP","VLD"
158,"s7.dat",7,"t132",1,"3",1082,"pseudorec","backw","HF","abst",NA,132,"NAZER","ALD"
158,"s7.dat",7,"t132",1,"3",1082,"pseudorec","backw","HF","abst",NA,132,"AVANČ","VLD"
159,"s7.dat",7,"t112",1,"1",621,"rec","forw","LF","conc","zvečka",112,"ZVEČKA","ALD"
159,"s7.dat",7,"t112",1,"1",621,"rec","forw","LF","conc","torta",112,"TORTA","VLD"
160,"s7.dat",7,"t71",1,"1",621,"rec","forw","HF","abst","slutnja",71,"SLUTNJA","ALD"
160,"s7.dat",7,"t71",1,"1",621,"rec","forw","HF","abst","razvoj",71,"RAZVOJ","VLD"
161,"s7.dat",7,"t117",1,"1",1002,"rec","forw","LF","conc","kvaka",117,"KVAKA","ALD"
161,"s7.dat",7,"t117",1,"1",1002,"rec","forw","LF","conc","šerpa",117,"ŠERPA","VLD"
162,"s7.dat",7,"t170",1,"3",1192,"pseudorec","backw","LF","conc",NA,170,"PORTIN","ALD"
162,"s7.dat",7,"t170",1,"3",1192,"pseudorec","backw","LF","conc",NA,170,"ŠESTAM","VLD"
163,"s7.dat",7,"t45",0,"3",NA,"rec","backw","LF","abst","pakost",45,"TSOKAP","ALD"
163,"s7.dat",7,"t45",0,"3",NA,"rec","backw","LF","abst","ishod",45,"DOHSI","VLD"
164,"s7.dat",7,"t78",1,"1",601,"rec","forw","HF","conc","korito",78,"KORITO","ALD"
164,"s7.dat",7,"t78",1,"1",601,"rec","forw","HF","conc","jastuk",78,"JASTUK","VLD"
165,"s7.dat",7,"t210",1,"3",1292,"pseudorec","forw","HF","conc",NA,210,"GORAZ","ALD"
165,"s7.dat",7,"t210",1,"3",1292,"pseudorec","forw","HF","conc",NA,210,"SATEP","VLD"
166,"s7.dat",7,"t72",1,"1",631,"rec","forw","HF","abst","uslov",72,"USLOV","ALD"
166,"s7.dat",7,"t72",1,"1",631,"rec","forw","HF","abst","uspeh",72,"USPEH","VLD"
167,"s7.dat",7,"t223",1,"3",1462,"pseudorec","forw","LF","abst",NA,223,"OPILJAL","ALD"
167,"s7.dat",7,"t223",1,"3",1462,"pseudorec","forw","LF","abst",NA,223,"IZOTOC","VLD"
168,"s7.dat",7,"t61",1,"1",711,"rec","forw","HF","abst","nemoć",61,"NEMOĆ","ALD"
168,"s7.dat",7,"t61",1,"1",711,"rec","forw","HF","abst","sudba",61,"SUDBA","VLD"
169,"s7.dat",7,"t153",0,"None",NA,"pseudorec","backw","LF","abst",NA,153,"PERŠUĐ","ALD"
169,"s7.dat",7,"t153",0,"None",NA,"pseudorec","backw","LF","abst",NA,153,"LOSIOR","VLD"
171,"s7.dat",7,"t39",0,"3",NA,"rec","backw","LF","abst","trema",39,"AMERT","ALD"
171,"s7.dat",7,"t39",0,"3",NA,"rec","backw","LF","abst","pouka",39,"AKUOP","VLD"
172,"s7.dat",7,"t41",0,"3",NA,"rec","backw","LF","abst","status",41,"SUTATS","ALD"
172,"s7.dat",7,"t41",0,"3",NA,"rec","backw","LF","abst","tegoba",41,"ABOGET","VLD"
173,"s7.dat",7,"t175",0,"None",NA,"pseudorec","backw","LF","conc",NA,175,"UDOVAL","ALD"
173,"s7.dat",7,"t175",0,"None",NA,"pseudorec","backw","LF","conc",NA,175,"AKCENAŠ","VLD"
175,"s7.dat",7,"t7",1,"1",1372,"rec","backw","HF","abst","proces",7,"SECORP","ALD"
175,"s7.dat",7,"t7",1,"1",1372,"rec","backw","HF","abst","korist",7,"TSIROK","VLD"
176,"s7.dat",7,"t52",0,"None",NA,"rec","backw","LF","conc","šunka",52,"AKNUŠ","ALD"
176,"s7.dat",7,"t52",0,"None",NA,"rec","backw","LF","conc","fazan",52,"NAZAF","VLD"
178,"s7.dat",7,"t101",1,"1",691,"rec","forw","LF","abst","domet",101,"DOMET","ALD"
178,"s7.dat",7,"t101",1,"1",691,"rec","forw","LF","abst","ispad",101,"ISPAD","VLD"
179,"s7.dat",7,"t121",0,"1",NA,"pseudorec","backw","HF","abst",NA,121,"TROVAB","ALD"
179,"s7.dat",7,"t121",0,"1",NA,"pseudorec","backw","HF","abst",NA,121,"KORDOB","VLD"
180,"s7.dat",7,"t137",0,"None",NA,"pseudorec","backw","HF","conc",NA,137,"POLEZ","ALD"
180,"s7.dat",7,"t137",0,"None",NA,"pseudorec","backw","HF","conc",NA,137,"STICAP","VLD"
182,"s7.dat",7,"t211",1,"3",1062,"pseudorec","forw","LF","abst",NA,211,"KEPEN","ALD"
182,"s7.dat",7,"t211",1,"3",1062,"pseudorec","forw","LF","abst",NA,211,"FLUOŠ","VLD"
183,"s7.dat",7,"t169",1,"3",1222,"pseudorec","backw","LF","conc",NA,169,"GULAN","ALD"
183,"s7.dat",7,"t169",1,"3",1222,"pseudorec","backw","LF","conc",NA,169,"CIGAF","VLD"
184,"s7.dat",7,"t53",1,"1",1462,"rec","backw","LF","conc","šnicla",53,"ALCINŠ","ALD"
184,"s7.dat",7,"t53",1,"1",1462,"rec","backw","LF","conc","salama",53,"AMALAS","VLD"
185,"s7.dat",7,"t232",0,"1",NA,"pseudorec","forw","LF","conc",NA,232,"TOALEB","ALD"
185,"s7.dat",7,"t232",0,"1",NA,"pseudorec","forw","LF","conc",NA,232,"FAZOR","VLD"
186,"s7.dat",7,"t49",0,"3",NA,"rec","backw","LF","conc","jarac",49,"CARAJ","ALD"
186,"s7.dat",7,"t49",0,"3",NA,"rec","backw","LF","conc","pegla",49,"ALGEP","VLD"
187,"s7.dat",7,"t149",1,"3",1242,"pseudorec","backw","HF","conc",NA,149,"KINIB","ALD"
187,"s7.dat",7,"t149",1,"3",1242,"pseudorec","backw","HF","conc",NA,149,"VISAR","VLD"
188,"s7.dat",7,"t162",1,"3",1282,"pseudorec","backw","LF","abst",NA,162,"BAROZ","ALD"
188,"s7.dat",7,"t162",1,"3",1282,"pseudorec","backw","LF","abst",NA,162,"NAKOČ","VLD"
189,"s7.dat",7,"t157",0,"None",NA,"pseudorec","backw","LF","abst",NA,157,"TITAČ","ALD"
189,"s7.dat",7,"t157",0,"None",NA,"pseudorec","backw","LF","abst",NA,157,"ŠAPTAK","VLD"
191,"s7.dat",7,"t77",1,"1",640,"rec","forw","HF","conc","točak",77,"TOČAK","ALD"
191,"s7.dat",7,"t77",1,"1",640,"rec","forw","HF","conc","kesten",77,"KESTEN","VLD"
192,"s7.dat",7,"t25",1,"1",1171,"rec","backw","HF","conc","jabuka",25,"AKUBAJ","ALD"
192,"s7.dat",7,"t25",1,"1",1171,"rec","backw","HF","conc","lanac",25,"CANAL","VLD"
193,"s7.dat",7,"t2",0,"None",NA,"rec","backw","HF","abst","dosada",2,"ADASOD","ALD"
193,"s7.dat",7,"t2",0,"None",NA,"rec","backw","HF","abst","pojam",2,"MAJOP","VLD"
195,"s7.dat",7,"t206",1,"3",1061,"pseudorec","forw","HF","conc",NA,206,"GLUPAR","ALD"
195,"s7.dat",7,"t206",1,"3",1061,"pseudorec","forw","HF","conc",NA,206,"ARHID","VLD"
196,"s7.dat",7,"t106",1,"1",691,"rec","forw","LF","conc","jogurt",106,"JOGURT","ALD"
196,"s7.dat",7,"t106",1,"1",691,"rec","forw","LF","conc","kengur",106,"KENGUR","VLD"
197,"s7.dat",7,"t184",1,"3",1111,"pseudorec","forw","HF","abst",NA,184,"BUBNJAC","ALD"
197,"s7.dat",7,"t184",1,"3",1111,"pseudorec","forw","HF","abst",NA,184,"JEDNJAZ","VLD"
198,"s7.dat",7,"t229",1,"3",1051,"pseudorec","forw","LF","conc",NA,229,"REBUL","ALD"
198,"s7.dat",7,"t229",1,"3",1051,"pseudorec","forw","LF","conc",NA,229,"NABOH","VLD"
199,"s7.dat",7,"t225",1,"3",1021,"pseudorec","forw","LF","abst",NA,225,"BULDOF","ALD"
199,"s7.dat",7,"t225",1,"3",1021,"pseudorec","forw","LF","abst",NA,225,"TUMOČ","VLD"
200,"s7.dat",7,"t6",0,"3",NA,"rec","backw","HF","abst","svrha",6,"AHRVS","ALD"
200,"s7.dat",7,"t6",0,"3",NA,"rec","backw","HF","abst","obnova",6,"AVONBO","VLD"
201,"s7.dat",7,"t37",0,"None",NA,"rec","backw","LF","abst","nužda",37,"ADŽUN","ALD"
201,"s7.dat",7,"t37",0,"None",NA,"rec","backw","LF","abst","pobuda",37,"ADUBOP","VLD"
203,"s7.dat",7,"t140",1,"3",1242,"pseudorec","backw","HF","conc",NA,140,"LUKSUR","ALD"
203,"s7.dat",7,"t140",1,"3",1242,"pseudorec","backw","HF","conc",NA,140,"UZGOT","VLD"
204,"s7.dat",7,"t182",1,"3",1132,"pseudorec","forw","HF","abst",NA,182,"CVETIL","ALD"
204,"s7.dat",7,"t182",1,"3",1132,"pseudorec","forw","HF","abst",NA,182,"DOLAŠ","VLD"
205,"s7.dat",7,"t17",1,"1",1432,"rec","backw","HF","conc","čekić",17,"ĆIKEČ","ALD"
205,"s7.dat",7,"t17",1,"1",1432,"rec","backw","HF","conc","smokva",17,"AVKOMS","VLD"
206,"s7.dat",7,"t92",1,"1",1051,"rec","forw","LF","abst","epitet",92,"EPITET","ALD"
206,"s7.dat",7,"t92",1,"1",1051,"rec","forw","LF","abst","intima",92,"INTIMA","VLD"
207,"s7.dat",7,"t76",1,"1",581,"rec","forw","HF","conc","tepih",76,"TEPIH","ALD"
207,"s7.dat",7,"t76",1,"1",581,"rec","forw","HF","conc","sapun",76,"SAPUN","VLD"
208,"s7.dat",7,"t187",1,"3",1132,"pseudorec","forw","HF","abst",NA,187,"RASKIŠ","ALD"
208,"s7.dat",7,"t187",1,"3",1132,"pseudorec","forw","HF","abst",NA,187,"VEŠTAB","VLD"
209,"s7.dat",7,"t58",1,"1",1302,"rec","backw","LF","conc","makaze",58,"EZAKAM","ALD"
209,"s7.dat",7,"t58",1,"1",1302,"rec","backw","LF","conc","banana",58,"ANANAB","VLD"
210,"s7.dat",7,"t147",1,"3",1142,"pseudorec","backw","HF","conc",NA,147,"PATAR","ALD"
210,"s7.dat",7,"t147",1,"3",1142,"pseudorec","backw","HF","conc",NA,147,"VELUT","VLD"
211,"s7.dat",7,"t91",1,"1",992,"rec","forw","LF","abst","ucena",91,"UCENA","ALD"
211,"s7.dat",7,"t91",1,"1",992,"rec","forw","LF","abst","naboj",91,"NABOJ","VLD"
212,"s7.dat",7,"t1",0,"3",NA,"rec","backw","HF","abst","novost",1,"TSOVON","ALD"
212,"s7.dat",7,"t1",0,"3",NA,"rec","backw","HF","abst","metoda",1,"ADOTEM","VLD"
213,"s7.dat",7,"t108",1,"1",1132,"rec","forw","LF","conc","tegla",108,"TEGLA","ALD"
213,"s7.dat",7,"t108",1,"1",1132,"rec","forw","LF","conc","kompot",108,"KOMPOT","VLD"
214,"s7.dat",7,"t11",0,"None",NA,"rec","backw","HF","abst","zanos",11,"SONAZ","ALD"
214,"s7.dat",7,"t11",0,"None",NA,"rec","backw","HF","abst","smisao",11,"OASIMS","VLD"
216,"s7.dat",7,"t87",1,"1",581,"rec","forw","HF","conc","pesak",87,"PESAK","ALD"
216,"s7.dat",7,"t87",1,"1",581,"rec","forw","HF","conc","staklo",87,"STAKLO","VLD"
217,"s7.dat",7,"t18",0,"3",NA,"rec","backw","HF","conc","brašno",18,"ONŠARB","ALD"
217,"s7.dat",7,"t18",0,"3",NA,"rec","backw","HF","conc","sanduk",18,"KUDNAS","VLD"
218,"s7.dat",7,"t146",1,"3",1312,"pseudorec","backw","HF","conc",NA,146,"FOSIK","ALD"
218,"s7.dat",7,"t146",1,"3",1312,"pseudorec","backw","HF","conc",NA,146,"DRIPAG","VLD"
219,"s7.dat",7,"t81",1,"1",661,"rec","forw","HF","conc","strela",81,"STRELA","ALD"
219,"s7.dat",7,"t81",1,"1",661,"rec","forw","HF","conc","kamion",81,"KAMION","VLD"
220,"s7.dat",7,"t82",1,"1",651,"rec","forw","HF","conc","kaput",82,"KAPUT","ALD"
220,"s7.dat",7,"t82",1,"1",651,"rec","forw","HF","conc","klavir",82,"KLAVIR","VLD"
221,"s7.dat",7,"t208",1,"3",1162,"pseudorec","forw","HF","conc",NA,208,"GREJAP","ALD"
221,"s7.dat",7,"t208",1,"3",1162,"pseudorec","forw","HF","conc",NA,208,"TIKEN","VLD"
222,"s7.dat",7,"t57",0,"None",NA,"rec","backw","LF","conc","ekser",57,"RESKE","ALD"
222,"s7.dat",7,"t57",0,"None",NA,"rec","backw","LF","conc","kokos",57,"SOKOK","VLD"
224,"s7.dat",7,"t180",1,"3",1152,"pseudorec","backw","LF","conc",NA,180,"RAZVOC","ALD"
224,"s7.dat",7,"t180",1,"3",1152,"pseudorec","backw","LF","conc",NA,180,"FILTEB","VLD"
225,"s7.dat",7,"t46",0,"3",NA,"rec","backw","LF","conc","maslac",46,"CALSAM","ALD"
225,"s7.dat",7,"t46",0,"3",NA,"rec","backw","LF","conc","cvekla",46,"ALKEVC","VLD"
226,"s7.dat",7,"t62",1,"1",981,"rec","forw","HF","abst","izdaja",62,"IZDAJA","ALD"
226,"s7.dat",7,"t62",1,"1",981,"rec","forw","HF","abst","uzrok",62,"UZROK","VLD"
227,"s7.dat",7,"t220",0,"1",NA,"pseudorec","forw","LF","abst",NA,220,"PERAĐ","ALD"
227,"s7.dat",7,"t220",0,"1",NA,"pseudorec","forw","LF","abst",NA,220,"BUMBAG","VLD"
228,"s7.dat",7,"t65",1,"1",621,"rec","forw","HF","abst","savest",65,"SAVEST","ALD"
228,"s7.dat",7,"t65",1,"1",621,"rec","forw","HF","abst","ideja",65,"IDEJA","VLD"
229,"s7.dat",7,"t155",1,"3",1262,"pseudorec","backw","LF","abst",NA,155,"MIKROZ","ALD"
229,"s7.dat",7,"t155",1,"3",1262,"pseudorec","backw","LF","abst",NA,155,"KAUBOT","VLD"
230,"s7.dat",7,"t222",1,"3",1433,"pseudorec","forw","LF","abst",NA,222,"BAROL","ALD"
230,"s7.dat",7,"t222",1,"3",1433,"pseudorec","forw","LF","abst",NA,222,"TREGEN","VLD"
231,"s7.dat",7,"t32",0,"3",NA,"rec","backw","LF","abst","gadost",32,"TSODAG","ALD"
231,"s7.dat",7,"t32",0,"3",NA,"rec","backw","LF","abst","dosluh",32,"HULSOD","VLD"
232,"s7.dat",7,"t231",1,"3",1472,"pseudorec","forw","LF","conc",NA,231,"MLEKAF","ALD"
232,"s7.dat",7,"t231",1,"3",1472,"pseudorec","forw","LF","conc",NA,231,"KENGUN","VLD"
233,"s7.dat",7,"t103",1,"1",1352,"rec","forw","LF","abst","fizika",103,"FIZIKA","ALD"
233,"s7.dat",7,"t103",1,"1",1352,"rec","forw","LF","abst","nedelo",103,"NEDELO","VLD"
234,"s7.dat",7,"t202",1,"3",1412,"pseudorec","forw","HF","conc",NA,202,"ŠTANK","ALD"
234,"s7.dat",7,"t202",1,"3",1412,"pseudorec","forw","HF","conc",NA,202,"PANTEK","VLD"
235,"s7.dat",7,"t98",1,"1",661,"rec","forw","LF","abst","slanje",98,"SLANJE","ALD"
235,"s7.dat",7,"t98",1,"1",661,"rec","forw","LF","abst","užitak",98,"UŽITAK","VLD"
236,"s7.dat",7,"t99",1,"1",792,"rec","forw","LF","abst","otkaz",99,"OTKAZ","ALD"
236,"s7.dat",7,"t99",1,"1",792,"rec","forw","LF","abst","zakup",99,"ZAKUP","VLD"
237,"s7.dat",7,"t131",1,"3",1141,"pseudorec","backw","HF","abst",NA,131,"PORIG","ALD"
237,"s7.dat",7,"t131",1,"3",1141,"pseudorec","backw","HF","abst",NA,131,"PATROZ","VLD"
238,"s7.dat",7,"t133",1,"3",1121,"pseudorec","backw","HF","abst",NA,133,"ŠTAPIZ","ALD"
238,"s7.dat",7,"t133",1,"3",1121,"pseudorec","backw","HF","abst",NA,133,"LIRIZ","VLD"
239,"s7.dat",7,"t135",1,"3",1442,"pseudorec","backw","HF","abst",NA,135,"LEMUK","ALD"
239,"s7.dat",7,"t135",1,"3",1442,"pseudorec","backw","HF","abst",NA,135,"FALUČ","VLD"
240,"s7.dat",7,"t209",1,"3",1072,"pseudorec","forw","HF","conc",NA,209,"ARGOP","ALD"
240,"s7.dat",7,"t209",1,"3",1072,"pseudorec","forw","HF","conc",NA,209,"HARAK","VLD"
241,"s7.dat",7,"t199",1,"3",1432,"pseudorec","forw","HF","conc",NA,199,"BORDEP","ALD"
241,"s7.dat",7,"t199",1,"3",1432,"pseudorec","forw","HF","conc",NA,199,"KLIPAĆ","VLD"
242,"s7.dat",7,"t151",1,"3",1402,"pseudorec","backw","LF","abst",NA,151,"PRIZIT","ALD"
242,"s7.dat",7,"t151",1,"3",1402,"pseudorec","backw","LF","abst",NA,151,"PASAM","VLD"
243,"s7.dat",7,"t236",0,"None",NA,"pseudorec","forw","LF","conc",NA,236,"UMNJAF","ALD"
243,"s7.dat",7,"t236",0,"None",NA,"pseudorec","forw","LF","conc",NA,236,"HR~AN","ALD"
245,"s7.dat",7,"t228",1,"3",1161,"pseudorec","forw","LF","conc",NA,228,"ULKUG","ALD"
245,"s7.dat",7,"t228",1,"3",1161,"pseudorec","forw","LF","conc",NA,228,"FLANEG","VLD"
246,"s7.dat",7,"t69",1,"1",762,"rec","forw","HF","abst","znanje",69,"ZNANJE","ALD"
246,"s7.dat",7,"t69",1,"1",762,"rec","forw","HF","abst","sumnja",69,"SUMNJA","VLD"
247,"s7.dat",7,"t50",1,"1",671,"rec","backw","LF","conc","ananas",50,"SANANA","ALD"
247,"s7.dat",7,"t50",1,"1",671,"rec","backw","LF","conc","kajmak",50,"KAMJAK","VLD"
248,"s7.dat",7,"t73",1,"1",621,"rec","forw","HF","abst","zakon",73,"ZAKON","ALD"
248,"s7.dat",7,"t73",1,"1",621,"rec","forw","HF","abst","istina",73,"ISTINA","VLD"
249,"s7.dat",7,"t67",1,"1",1022,"rec","forw","HF","abst","sezona",67,"SEZONA","ALD"
249,"s7.dat",7,"t67",1,"1",1022,"rec","forw","HF","abst","propis",67,"PROPIS","VLD"
250,"s7.dat",7,"t152",1,"3",1302,"pseudorec","backw","LF","abst",NA,152,"KAJMAR","ALD"
250,"s7.dat",7,"t152",1,"3",1302,"pseudorec","backw","LF","abst",NA,152,"VEŠTAP","VLD"
251,"s7.dat",7,"t189",1,"3",1262,"pseudorec","forw","HF","abst",NA,189,"LOGOK","ALD"
251,"s7.dat",7,"t189",1,"3",1262,"pseudorec","forw","HF","abst",NA,189,"BEĆAŠ","VLD"
252,"s7.dat",7,"t136",1,"3",1282,"pseudorec","backw","HF","conc",NA,136,"TURBAH","ALD"
252,"s7.dat",7,"t136",1,"3",1282,"pseudorec","backw","HF","conc",NA,136,"AZBESČ","VLD"
253,"s7.dat",7,"t48",1,"1",1352,"rec","backw","LF","conc","burek",48,"KERUB","ALD"
253,"s7.dat",7,"t48",1,"1",1352,"rec","backw","LF","conc","cucla",48,"ALCUC","VLD"
254,"s7.dat",7,"t150",1,"3",1171,"pseudorec","backw","HF","conc",NA,150,"REKEB","ALD"
254,"s7.dat",7,"t150",1,"3",1171,"pseudorec","backw","HF","conc",NA,150,"FLUIŠ","VLD"
255,"s7.dat",7,"t60",1,"1",1351,"rec","backw","LF","conc","parket",60,"TEKRAP","ALD"
255,"s7.dat",7,"t60",1,"1",1351,"rec","backw","LF","conc","lopata",60,"ATAPOL","VLD"
256,"s7.dat",7,"t213",1,"3",1422,"pseudorec","forw","LF","abst",NA,213,"DOSLUZ","ALD"
256,"s7.dat",7,"t213",1,"3",1422,"pseudorec","forw","LF","abst",NA,213,"ODVOC","VLD"
257,"s7.dat",7,"t201",1,"3",1332,"pseudorec","forw","HF","conc",NA,201,"CIKLOP","ALD"
257,"s7.dat",7,"t201",1,"3",1332,"pseudorec","forw","HF","conc",NA,201,"DESPON","VLD"
258,"s7.dat",7,"t74",1,"1",932,"rec","forw","HF","abst","sreća",74,"SREĆA","ALD"
258,"s7.dat",7,"t74",1,"1",932,"rec","forw","HF","abst","odnos",74,"ODNOS","VLD"
259,"s7.dat",7,"t75",1,"1",501,"rec","forw","HF","abst","radost",75,"RADOST","ALD"
259,"s7.dat",7,"t75",1,"1",501,"rec","forw","HF","abst","ljubav",75,"LJUBAV","VLD"
260,"s7.dat",7,"t107",1,"1",791,"rec","forw","LF","conc","sarma",107,"SARMA","ALD"
260,"s7.dat",7,"t107",1,"1",791,"rec","forw","LF","conc","čioda",107,"ČIODA","VLD"
261,"s7.dat",7,"t55",0,"3",NA,"rec","backw","LF","conc","zumbul",55,"LUBMUZ","ALD"
261,"s7.dat",7,"t55",0,"3",NA,"rec","backw","LF","conc","kaktus",55,"SUTKAK","VLD"
262,"s7.dat",7,"t114",1,"1",862,"rec","forw","LF","conc","biber",114,"BIBER","ALD"
262,"s7.dat",7,"t114",1,"1",862,"rec","forw","LF","conc","liker",114,"LIKER","VLD"
263,"s7.dat",7,"t156",1,"3",1262,"pseudorec","backw","LF","abst",NA,156,"MINUR","ALD"
263,"s7.dat",7,"t156",1,"3",1262,"pseudorec","backw","LF","abst",NA,156,"PUDINC","VLD"
264,"s7.dat",7,"t124",1,"3",1392,"pseudorec","backw","HF","abst",NA,124,"SVINJAB","ALD"
264,"s7.dat",7,"t124",1,"3",1392,"pseudorec","backw","HF","abst",NA,124,"SPANAR","VLD"
265,"s7.dat",7,"t68",1,"1",851,"rec","forw","HF","abst","izraz",68,"IZRAZ","ALD"
265,"s7.dat",7,"t68",1,"1",851,"rec","forw","HF","abst","utisak",68,"UTISAK","VLD"
266,"s7.dat",7,"t120",1,"1",731,"rec","forw","LF","conc","krljušt",120,"KRLJUŠT","ALD"
266,"s7.dat",7,"t120",1,"1",731,"rec","forw","LF","conc","olovka",120,"OLOVKA","VLD"
267,"s7.dat",7,"t183",1,"3",1432,"pseudorec","forw","HF","abst",NA,183,"POGAJ","ALD"
267,"s7.dat",7,"t183",1,"3",1432,"pseudorec","forw","HF","abst",NA,183,"GURMAB","VLD"
268,"s7.dat",7,"t139",1,"3",1332,"pseudorec","backw","HF","conc",NA,139,"ZEJTIZ","ALD"
268,"s7.dat",7,"t139",1,"3",1332,"pseudorec","backw","HF","conc",NA,139,"HIBRIF","VLD"
269,"s7.dat",7,"t3",0,"None",NA,"rec","backw","HF","abst","kriza",3,"AZIRK","ALD"
269,"s7.dat",7,"t3",0,"None",NA,"rec","backw","HF","abst","uticaj",3,"JACITU","VLD"
271,"s7.dat",7,"t36",0,"3",NA,"rec","backw","LF","abst","idila",36,"ALIDI","ALD"
271,"s7.dat",7,"t36",0,"3",NA,"rec","backw","LF","abst","impuls",36,"SLUPMI","VLD"
1,"s8.dat",8,"t60",0,"3",NA,"rec","backw","LF","conc","parket",60,"TEKRAP","ALD"
1,"s8.dat",8,"t60",0,"3",NA,"rec","backw","LF","conc","lopata",60,"ATAPOL","VLD"
2,"s8.dat",8,"t164",0,"1",NA,"pseudorec","backw","LF","abst",NA,164,"SULTAK","ALD"
2,"s8.dat",8,"t164",0,"1",NA,"pseudorec","backw","LF","abst",NA,164,"BILTEG","VLD"
3,"s8.dat",8,"t21",0,"3",NA,"rec","backw","HF","conc","kapija",21,"AJIPAK","ALD"
3,"s8.dat",8,"t21",0,"3",NA,"rec","backw","HF","conc","galeb",21,"BELAG","VLD"
4,"s8.dat",8,"t158",1,"3",1483,"pseudorec","backw","LF","abst",NA,158,"KAJAC","ALD"
4,"s8.dat",8,"t158",1,"3",1483,"pseudorec","backw","LF","abst",NA,158,"ĆEVAK","VLD"
5,"s8.dat",8,"t34",0,"None",NA,"rec","backw","LF","abst","rizik",34,"KIZIR","ALD"
5,"s8.dat",8,"t34",0,"None",NA,"rec","backw","LF","abst","upliv",34,"VILPU","VLD"
7,"s8.dat",8,"t183",1,"3",1272,"pseudorec","forw","HF","abst",NA,183,"POGAJ","ALD"
7,"s8.dat",8,"t183",1,"3",1272,"pseudorec","forw","HF","abst",NA,183,"GURMAB","VLD"
8,"s8.dat",8,"t153",0,"1",NA,"pseudorec","backw","LF","abst",NA,153,"PERŠUĐ","ALD"
8,"s8.dat",8,"t153",0,"1",NA,"pseudorec","backw","LF","abst",NA,153,"LOSIOR","VLD"
9,"s8.dat",8,"t234",0,"1",NA,"pseudorec","forw","LF","conc",NA,234,"MURAB","ALD"
9,"s8.dat",8,"t234",0,"1",NA,"pseudorec","forw","LF","conc",NA,234,"MA~OT","ALD"
10,"s8.dat",8,"t25",0,"3",NA,"rec","backw","HF","conc","jabuka",25,"AKUBAJ","ALD"
10,"s8.dat",8,"t25",0,"3",NA,"rec","backw","HF","conc","lanac",25,"CANAL","VLD"
11,"s8.dat",8,"t182",1,"3",991,"pseudorec","forw","HF","abst",NA,182,"CVETIL","ALD"
11,"s8.dat",8,"t182",1,"3",991,"pseudorec","forw","HF","abst",NA,182,"DOLAŠ","VLD"
12,"s8.dat",8,"t3",1,"1",1042,"rec","backw","HF","abst","kriza",3,"AZIRK","ALD"
12,"s8.dat",8,"t3",1,"1",1042,"rec","backw","HF","abst","uticaj",3,"JACITU","VLD"
13,"s8.dat",8,"t56",1,"1",1382,"rec","backw","LF","conc","sirće",56,"EĆRIS","ALD"
13,"s8.dat",8,"t56",1,"1",1382,"rec","backw","LF","conc","kobra",56,"ARBOK","VLD"
14,"s8.dat",8,"t79",1,"1",711,"rec","forw","HF","conc","marama",79,"MARAMA","ALD"
14,"s8.dat",8,"t79",1,"1",711,"rec","forw","HF","conc","kolica",79,"KOLICA","VLD"
15,"s8.dat",8,"t215",1,"3",851,"pseudorec","forw","LF","abst",NA,215,"OPOZIN","ALD"
15,"s8.dat",8,"t215",1,"3",851,"pseudorec","forw","LF","abst",NA,215,"PO~EF","ALD"
16,"s8.dat",8,"t161",1,"3",1021,"pseudorec","backw","LF","abst",NA,161,"VASKRM","ALD"
16,"s8.dat",8,"t161",1,"3",1021,"pseudorec","backw","LF","abst",NA,161,"SVIRAZ","VLD"
17,"s8.dat",8,"t146",1,"3",1372,"pseudorec","backw","HF","conc",NA,146,"FOSIK","ALD"
17,"s8.dat",8,"t146",1,"3",1372,"pseudorec","backw","HF","conc",NA,146,"DRIPAG","VLD"
18,"s8.dat",8,"t187",1,"3",1242,"pseudorec","forw","HF","abst",NA,187,"RASKIŠ","ALD"
18,"s8.dat",8,"t187",1,"3",1242,"pseudorec","forw","HF","abst",NA,187,"VEŠTAB","VLD"
19,"s8.dat",8,"t15",0,"3",NA,"rec","backw","HF","abst","misao",15,"OASIM","ALD"
19,"s8.dat",8,"t15",0,"3",NA,"rec","backw","HF","abst","snaga",15,"AGANS","VLD"
20,"s8.dat",8,"t20",1,"1",821,"rec","backw","HF","conc","cipela",20,"ALEPIC","ALD"
20,"s8.dat",8,"t20",1,"1",821,"rec","backw","HF","conc","konac",20,"CANOK","VLD"
21,"s8.dat",8,"t99",1,"1",721,"rec","forw","LF","abst","otkaz",99,"OTKAZ","ALD"
21,"s8.dat",8,"t99",1,"1",721,"rec","forw","LF","abst","zakup",99,"ZAKUP","VLD"
22,"s8.dat",8,"t196",1,"3",1432,"pseudorec","forw","HF","conc",NA,196,"SVRAL","ALD"
22,"s8.dat",8,"t196",1,"3",1432,"pseudorec","forw","HF","conc",NA,196,"BIZOK","VLD"
23,"s8.dat",8,"t192",1,"3",771,"pseudorec","forw","HF","abst",NA,192,"OMLEZ","ALD"
23,"s8.dat",8,"t192",1,"3",771,"pseudorec","forw","HF","abst",NA,192,"IRVAB","VLD"
24,"s8.dat",8,"t130",0,"1",NA,"pseudorec","backw","HF","abst",NA,130,"REPTIK","ALD"
24,"s8.dat",8,"t130",0,"1",NA,"pseudorec","backw","HF","abst",NA,130,"POVEJ","VLD"
25,"s8.dat",8,"t120",1,"1",761,"rec","forw","LF","conc","krljušt",120,"KRLJUŠT","ALD"
25,"s8.dat",8,"t120",1,"1",761,"rec","forw","LF","conc","olovka",120,"OLOVKA","VLD"
26,"s8.dat",8,"t82",1,"1",580,"rec","forw","HF","conc","kaput",82,"KAPUT","ALD"
26,"s8.dat",8,"t82",1,"1",580,"rec","forw","HF","conc","klavir",82,"KLAVIR","VLD"
27,"s8.dat",8,"t28",0,"3",NA,"rec","backw","HF","conc","livada",28,"ADAVIL","ALD"
27,"s8.dat",8,"t28",0,"3",NA,"rec","backw","HF","conc","slika",28,"AKILS","VLD"
28,"s8.dat",8,"t90",1,"1",571,"rec","forw","HF","conc","grana",90,"GRANA","ALD"
28,"s8.dat",8,"t90",1,"1",571,"rec","forw","HF","conc","ptica",90,"PTICA","VLD"
29,"s8.dat",8,"t110",1,"1",691,"rec","forw","LF","conc","ranac",110,"RANAC","ALD"
29,"s8.dat",8,"t110",1,"1",691,"rec","forw","LF","conc","kliker",110,"KLIKER","VLD"
30,"s8.dat",8,"t41",0,"3",NA,"rec","backw","LF","abst","status",41,"SUTATS","ALD"
30,"s8.dat",8,"t41",0,"3",NA,"rec","backw","LF","abst","tegoba",41,"ABOGET","VLD"
31,"s8.dat",8,"t74",1,"1",711,"rec","forw","HF","abst","sreća",74,"SREĆA","ALD"
31,"s8.dat",8,"t74",1,"1",711,"rec","forw","HF","abst","odnos",74,"ODNOS","VLD"
32,"s8.dat",8,"t52",0,"3",NA,"rec","backw","LF","conc","šunka",52,"AKNUŠ","ALD"
32,"s8.dat",8,"t52",0,"3",NA,"rec","backw","LF","conc","fazan",52,"NAZAF","VLD"
33,"s8.dat",8,"t144",1,"3",1142,"pseudorec","backw","HF","conc",NA,144,"MASIT","ALD"
33,"s8.dat",8,"t144",1,"3",1142,"pseudorec","backw","HF","conc",NA,144,"SLANIB","VLD"
34,"s8.dat",8,"t162",1,"3",991,"pseudorec","backw","LF","abst",NA,162,"BAROZ","ALD"
34,"s8.dat",8,"t162",1,"3",991,"pseudorec","backw","LF","abst",NA,162,"NAKOČ","VLD"
35,"s8.dat",8,"t70",1,"1",651,"rec","forw","HF","abst","briga",70,"BRIGA","ALD"
35,"s8.dat",8,"t70",1,"1",651,"rec","forw","HF","abst","napor",70,"NAPOR","VLD"
36,"s8.dat",8,"t26",0,"3",NA,"rec","backw","HF","conc","zmija",26,"AJIMZ","ALD"
36,"s8.dat",8,"t26",0,"3",NA,"rec","backw","HF","conc","jablan",26,"NALBAJ","VLD"
37,"s8.dat",8,"t33",1,"1",831,"rec","backw","LF","abst","opoziv",33,"VIZOPO","ALD"
37,"s8.dat",8,"t33",1,"1",831,"rec","backw","LF","abst","renome",33,"EMONER","VLD"
38,"s8.dat",8,"t220",1,"3",1442,"pseudorec","forw","LF","abst",NA,220,"PERAĐ","ALD"
38,"s8.dat",8,"t220",1,"3",1442,"pseudorec","forw","LF","abst",NA,220,"BUMBAG","VLD"
39,"s8.dat",8,"t98",1,"1",620,"rec","forw","LF","abst","slanje",98,"SLANJE","ALD"
39,"s8.dat",8,"t98",1,"1",620,"rec","forw","LF","abst","užitak",98,"UŽITAK","VLD"
40,"s8.dat",8,"t171",1,"3",761,"pseudorec","backw","LF","conc",NA,171,"OTKLOR","ALD"
40,"s8.dat",8,"t171",1,"3",761,"pseudorec","backw","LF","conc",NA,171,"FOKUJ","VLD"
41,"s8.dat",8,"t85",1,"1",641,"rec","forw","HF","conc","koleno",85,"KOLENO","ALD"
41,"s8.dat",8,"t85",1,"1",641,"rec","forw","HF","conc","pepeo",85,"PEPEO","VLD"
42,"s8.dat",8,"t236",0,"1",NA,"pseudorec","forw","LF","conc",NA,236,"UMNJAF","ALD"
42,"s8.dat",8,"t236",0,"1",NA,"pseudorec","forw","LF","conc",NA,236,"HR~AN","ALD"
43,"s8.dat",8,"t136",1,"3",1182,"pseudorec","backw","HF","conc",NA,136,"TURBAH","ALD"
43,"s8.dat",8,"t136",1,"3",1182,"pseudorec","backw","HF","conc",NA,136,"AZBESČ","VLD"
44,"s8.dat",8,"t23",0,"None",NA,"rec","backw","HF","conc","odelo",23,"OLEDO","ALD"
44,"s8.dat",8,"t23",0,"None",NA,"rec","backw","HF","conc","blato",23,"OTALB","VLD"
46,"s8.dat",8,"t37",0,"3",NA,"rec","backw","LF","abst","nužda",37,"ADŽUN","ALD"
46,"s8.dat",8,"t37",0,"3",NA,"rec","backw","LF","abst","pobuda",37,"ADUBOP","VLD"
47,"s8.dat",8,"t27",0,"3",NA,"rec","backw","HF","conc","stena",27,"ANETS","ALD"
47,"s8.dat",8,"t27",0,"3",NA,"rec","backw","HF","conc","mleko",27,"OKELM","VLD"
48,"s8.dat",8,"t77",1,"1",982,"rec","forw","HF","conc","točak",77,"TOČAK","ALD"
48,"s8.dat",8,"t77",1,"1",982,"rec","forw","HF","conc","kesten",77,"KESTEN","VLD"
49,"s8.dat",8,"t38",0,"3",NA,"rec","backw","LF","abst","afera",38,"AREFA","ALD"
49,"s8.dat",8,"t38",0,"3",NA,"rec","backw","LF","abst","dogma",38,"AMGOD","VLD"
50,"s8.dat",8,"t155",1,"3",1492,"pseudorec","backw","LF","abst",NA,155,"MIKROZ","ALD"
50,"s8.dat",8,"t155",1,"3",1492,"pseudorec","backw","LF","abst",NA,155,"KAUBOT","VLD"
51,"s8.dat",8,"t218",0,"1",NA,"pseudorec","forw","LF","abst",NA,218,"ROVAG","ALD"
51,"s8.dat",8,"t218",0,"1",NA,"pseudorec","forw","LF","abst",NA,218,"EPITEZ","VLD"
52,"s8.dat",8,"t149",1,"3",1051,"pseudorec","backw","HF","conc",NA,149,"KINIB","ALD"
52,"s8.dat",8,"t149",1,"3",1051,"pseudorec","backw","HF","conc",NA,149,"VISAR","VLD"
53,"s8.dat",8,"t122",1,"3",701,"pseudorec","backw","HF","abst",NA,122,"PREGIT","ALD"
53,"s8.dat",8,"t122",1,"3",701,"pseudorec","backw","HF","abst",NA,122,"FETUP","VLD"
54,"s8.dat",8,"t168",1,"3",922,"pseudorec","backw","LF","conc",NA,168,"JELEP","ALD"
54,"s8.dat",8,"t168",1,"3",922,"pseudorec","backw","LF","conc",NA,168,"ĆUMEP","VLD"
55,"s8.dat",8,"t42",0,"3",NA,"rec","backw","LF","abst","ruglo",42,"OLGUR","ALD"
55,"s8.dat",8,"t42",0,"3",NA,"rec","backw","LF","abst","zamor",42,"ROMAZ","VLD"
56,"s8.dat",8,"t226",1,"3",1351,"pseudorec","forw","LF","conc",NA,226,"BALZAL","ALD"
56,"s8.dat",8,"t226",1,"3",1351,"pseudorec","forw","LF","conc",NA,226,"RITUAC","VLD"
57,"s8.dat",8,"t135",1,"3",851,"pseudorec","backw","HF","abst",NA,135,"LEMUK","ALD"
57,"s8.dat",8,"t135",1,"3",851,"pseudorec","backw","HF","abst",NA,135,"FALUČ","VLD"
58,"s8.dat",8,"t47",0,"3",NA,"rec","backw","LF","conc","spanać",47,"ĆANAPS","ALD"
58,"s8.dat",8,"t47",0,"3",NA,"rec","backw","LF","conc","pereca",47,"ACEREP","VLD"
59,"s8.dat",8,"t81",1,"1",641,"rec","forw","HF","conc","strela",81,"STRELA","ALD"
59,"s8.dat",8,"t81",1,"1",641,"rec","forw","HF","conc","kamion",81,"KAMION","VLD"
60,"s8.dat",8,"t238",1,"3",1091,"pseudorec","forw","LF","conc",NA,238,"RASAL","ALD"
60,"s8.dat",8,"t238",1,"3",1091,"pseudorec","forw","LF","conc",NA,238,"JASTOM","VLD"
61,"s8.dat",8,"t141",0,"1",NA,"pseudorec","backw","HF","conc",NA,141,"VODNIB","ALD"
61,"s8.dat",8,"t141",0,"1",NA,"pseudorec","backw","HF","conc",NA,141,"CIMEC","VLD"
62,"s8.dat",8,"t191",1,"3",1212,"pseudorec","forw","HF","abst",NA,191,"BAMBUK","ALD"
62,"s8.dat",8,"t191",1,"3",1212,"pseudorec","forw","HF","abst",NA,191,"VERMUJ","VLD"
63,"s8.dat",8,"t128",0,"1",NA,"pseudorec","backw","HF","abst",NA,128,"TAJGUP","ALD"
63,"s8.dat",8,"t128",0,"1",NA,"pseudorec","backw","HF","abst",NA,128,"MASLAB","VLD"
64,"s8.dat",8,"t172",1,"3",1082,"pseudorec","backw","LF","conc",NA,172,"MASEF","ALD"
64,"s8.dat",8,"t172",1,"3",1082,"pseudorec","backw","LF","conc",NA,172,"LIMIR","VLD"
65,"s8.dat",8,"t199",1,"3",1112,"pseudorec","forw","HF","conc",NA,199,"BORDEP","ALD"
65,"s8.dat",8,"t199",1,"3",1112,"pseudorec","forw","HF","conc",NA,199,"KLIPAĆ","VLD"
66,"s8.dat",8,"t113",1,"1",741,"rec","forw","LF","conc","alatka",113,"ALATKA","ALD"
66,"s8.dat",8,"t113",1,"1",741,"rec","forw","LF","conc","zebra",113,"ZEBRA","VLD"
67,"s8.dat",8,"t73",1,"1",601,"rec","forw","HF","abst","zakon",73,"ZAKON","ALD"
67,"s8.dat",8,"t73",1,"1",601,"rec","forw","HF","abst","istina",73,"ISTINA","VLD"
68,"s8.dat",8,"t142",1,"3",992,"pseudorec","backw","HF","conc",NA,142,"ZUBID","ALD"
68,"s8.dat",8,"t142",1,"3",992,"pseudorec","backw","HF","conc",NA,142,"KEDAP","VLD"
69,"s8.dat",8,"t109",1,"1",721,"rec","forw","LF","conc","kiosk",109,"KIOSK","ALD"
69,"s8.dat",8,"t109",1,"1",721,"rec","forw","LF","conc","lavor",109,"LAVOR","VLD"
70,"s8.dat",8,"t8",0,"None",NA,"rec","backw","HF","abst","pojava",8,"AVAJOP","ALD"
70,"s8.dat",8,"t8",0,"None",NA,"rec","backw","HF","abst","pravda",8,"ADVARP","VLD"
72,"s8.dat",8,"t91",1,"1",1292,"rec","forw","LF","abst","ucena",91,"UCENA","ALD"
72,"s8.dat",8,"t91",1,"1",1292,"rec","forw","LF","abst","naboj",91,"NABOJ","VLD"
73,"s8.dat",8,"t143",0,"1",NA,"pseudorec","backw","HF","conc",NA,143,"BRLOF","ALD"
73,"s8.dat",8,"t143",0,"1",NA,"pseudorec","backw","HF","conc",NA,143,"BATAZ","VLD"
74,"s8.dat",8,"t19",0,"3",NA,"rec","backw","HF","conc","sekira",19,"ARIKES","ALD"
74,"s8.dat",8,"t19",0,"3",NA,"rec","backw","HF","conc","rakija",19,"AJIKAR","VLD"
75,"s8.dat",8,"t229",1,"3",1152,"pseudorec","forw","LF","conc",NA,229,"REBUL","ALD"
75,"s8.dat",8,"t229",1,"3",1152,"pseudorec","forw","LF","conc",NA,229,"NABOH","VLD"
76,"s8.dat",8,"t12",0,"3",NA,"rec","backw","HF","abst","nemir",12,"RIMEN","ALD"
76,"s8.dat",8,"t12",0,"3",NA,"rec","backw","HF","abst","pomoć",12,"ĆOMOP","VLD"
77,"s8.dat",8,"t147",1,"3",681,"pseudorec","backw","HF","conc",NA,147,"PATAR","ALD"
77,"s8.dat",8,"t147",1,"3",681,"pseudorec","backw","HF","conc",NA,147,"VELUT","VLD"
78,"s8.dat",8,"t118",1,"1",701,"rec","forw","LF","conc","rerna",118,"RERNA","ALD"
78,"s8.dat",8,"t118",1,"1",701,"rec","forw","LF","conc","kačket",118,"KAČKET","VLD"
79,"s8.dat",8,"t94",1,"1",1402,"rec","forw","LF","abst","trenje",94,"TRENJE","ALD"
79,"s8.dat",8,"t94",1,"1",1402,"rec","forw","LF","abst","deoba",94,"DEOBA","VLD"
80,"s8.dat",8,"t190",1,"3",901,"pseudorec","forw","HF","abst",NA,190,"ŠVERG","ALD"
80,"s8.dat",8,"t190",1,"3",901,"pseudorec","forw","HF","abst",NA,190,"METAT","VLD"
81,"s8.dat",8,"t159",1,"3",1331,"pseudorec","backw","LF","abst",NA,159,"MALEG","ALD"
81,"s8.dat",8,"t159",1,"3",1331,"pseudorec","backw","LF","abst",NA,159,"MADAZ","VLD"
82,"s8.dat",8,"t116",1,"1",1112,"rec","forw","LF","conc","konjak",116,"KONJAK","ALD"
82,"s8.dat",8,"t116",1,"1",1112,"rec","forw","LF","conc","čaplja",116,"ČAPLJA","VLD"
83,"s8.dat",8,"t160",1,"3",1041,"pseudorec","backw","LF","abst",NA,160,"ŠAFRAK","ALD"
83,"s8.dat",8,"t160",1,"3",1041,"pseudorec","backw","LF","abst",NA,160,"GEOLOT","VLD"
84,"s8.dat",8,"t203",1,"3",1101,"pseudorec","forw","HF","conc",NA,203,"TAPIZ","ALD"
84,"s8.dat",8,"t203",1,"3",1101,"pseudorec","forw","HF","conc",NA,203,"KONDOP","VLD"
85,"s8.dat",8,"t53",0,"3",NA,"rec","backw","LF","conc","šnicla",53,"ALCINŠ","ALD"
85,"s8.dat",8,"t53",0,"3",NA,"rec","backw","LF","conc","salama",53,"AMALAS","VLD"
86,"s8.dat",8,"t209",0,"1",NA,"pseudorec","forw","HF","conc",NA,209,"ARGOP","ALD"
86,"s8.dat",8,"t209",0,"1",NA,"pseudorec","forw","HF","conc",NA,209,"HARAK","VLD"
87,"s8.dat",8,"t67",1,"1",1342,"rec","forw","HF","abst","sezona",67,"SEZONA","ALD"
87,"s8.dat",8,"t67",1,"1",1342,"rec","forw","HF","abst","propis",67,"PROPIS","VLD"
88,"s8.dat",8,"t219",1,"3",1312,"pseudorec","forw","LF","abst",NA,219,"POKOB","ALD"
88,"s8.dat",8,"t219",1,"3",1312,"pseudorec","forw","LF","abst",NA,219,"REDAF","VLD"
89,"s8.dat",8,"t175",0,"1",NA,"pseudorec","backw","LF","conc",NA,175,"UDOVAL","ALD"
89,"s8.dat",8,"t175",0,"1",NA,"pseudorec","backw","LF","conc",NA,175,"AKCENAŠ","VLD"
90,"s8.dat",8,"t64",1,"1",741,"rec","forw","HF","abst","pretnja",64,"PRETNJA","ALD"
90,"s8.dat",8,"t64",1,"1",741,"rec","forw","HF","abst","milost",64,"MILOST","VLD"
91,"s8.dat",8,"t57",0,"3",NA,"rec","backw","LF","conc","ekser",57,"RESKE","ALD"
91,"s8.dat",8,"t57",0,"3",NA,"rec","backw","LF","conc","kokos",57,"SOKOK","VLD"
92,"s8.dat",8,"t4",0,"3",NA,"rec","backw","HF","abst","namera",4,"AREMAN","ALD"
92,"s8.dat",8,"t4",0,"3",NA,"rec","backw","HF","abst","osveta",4,"ATEVSO","VLD"
93,"s8.dat",8,"t223",1,"3",972,"pseudorec","forw","LF","abst",NA,223,"OPILJAL","ALD"
93,"s8.dat",8,"t223",1,"3",972,"pseudorec","forw","LF","abst",NA,223,"IZOTOC","VLD"
94,"s8.dat",8,"t137",0,"1",NA,"pseudorec","backw","HF","conc",NA,137,"POLEZ","ALD"
94,"s8.dat",8,"t137",0,"1",NA,"pseudorec","backw","HF","conc",NA,137,"STICAP","VLD"
95,"s8.dat",8,"t88",1,"1",721,"rec","forw","HF","conc","zgrada",88,"ZGRADA","ALD"
95,"s8.dat",8,"t88",1,"1",721,"rec","forw","HF","conc","knjiga",88,"KNJIGA","VLD"
96,"s8.dat",8,"t225",0,"1",NA,"pseudorec","forw","LF","abst",NA,225,"BULDOF","ALD"
96,"s8.dat",8,"t225",0,"1",NA,"pseudorec","forw","LF","abst",NA,225,"TUMOČ","VLD"
97,"s8.dat",8,"t58",1,"1",1482,"rec","backw","LF","conc","makaze",58,"EZAKAM","ALD"
97,"s8.dat",8,"t58",1,"1",1482,"rec","backw","LF","conc","banana",58,"ANANAB","VLD"
98,"s8.dat",8,"t201",1,"3",1041,"pseudorec","forw","HF","conc",NA,201,"CIKLOP","ALD"
98,"s8.dat",8,"t201",1,"3",1041,"pseudorec","forw","HF","conc",NA,201,"DESPON","VLD"
99,"s8.dat",8,"t83",1,"1",831,"rec","forw","HF","conc","klupa",83,"KLUPA","ALD"
99,"s8.dat",8,"t83",1,"1",831,"rec","forw","HF","conc","zavesa",83,"ZAVESA","VLD"
100,"s8.dat",8,"t233",1,"3",1252,"pseudorec","forw","LF","conc",NA,233,"DRZNIL","ALD"
100,"s8.dat",8,"t233",1,"3",1252,"pseudorec","forw","LF","conc",NA,233,"NAMAG","VLD"
101,"s8.dat",8,"t78",1,"1",681,"rec","forw","HF","conc","korito",78,"KORITO","ALD"
101,"s8.dat",8,"t78",1,"1",681,"rec","forw","HF","conc","jastuk",78,"JASTUK","VLD"
102,"s8.dat",8,"t40",0,"3",NA,"rec","backw","LF","abst","aspekt",40,"TKEPSA","ALD"
102,"s8.dat",8,"t40",0,"3",NA,"rec","backw","LF","abst","revolt",40,"TLOVER","VLD"
103,"s8.dat",8,"t11",1,"1",1082,"rec","backw","HF","abst","zanos",11,"SONAZ","ALD"
103,"s8.dat",8,"t11",1,"1",1082,"rec","backw","HF","abst","smisao",11,"OASIMS","VLD"
104,"s8.dat",8,"t14",0,"3",NA,"rec","backw","HF","abst","posao",14,"OASOP","ALD"
104,"s8.dat",8,"t14",0,"3",NA,"rec","backw","HF","abst","strah",14,"HARTS","VLD"
105,"s8.dat",8,"t39",1,"1",1332,"rec","backw","LF","abst","trema",39,"AMERT","ALD"
105,"s8.dat",8,"t39",1,"1",1332,"rec","backw","LF","abst","pouka",39,"AKUOP","VLD"
106,"s8.dat",8,"t184",1,"3",922,"pseudorec","forw","HF","abst",NA,184,"BUBNJAC","ALD"
106,"s8.dat",8,"t184",1,"3",922,"pseudorec","forw","HF","abst",NA,184,"JEDNJAZ","VLD"
107,"s8.dat",8,"t87",1,"1",741,"rec","forw","HF","conc","pesak",87,"PESAK","ALD"
107,"s8.dat",8,"t87",1,"1",741,"rec","forw","HF","conc","staklo",87,"STAKLO","VLD"
108,"s8.dat",8,"t165",1,"3",1141,"pseudorec","backw","LF","abst",NA,165,"KARMIG","ALD"
108,"s8.dat",8,"t165",1,"3",1141,"pseudorec","backw","LF","abst",NA,165,"SIRUL","VLD"
109,"s8.dat",8,"t106",1,"1",871,"rec","forw","LF","conc","jogurt",106,"JOGURT","ALD"
109,"s8.dat",8,"t106",1,"1",871,"rec","forw","LF","conc","kengur",106,"KENGUR","VLD"
110,"s8.dat",8,"t59",0,"None",NA,"rec","backw","LF","conc","delfin",59,"NIFLED","ALD"
110,"s8.dat",8,"t59",0,"None",NA,"rec","backw","LF","conc","papuča",59,"AČUPAP","VLD"
112,"s8.dat",8,"t105",1,"1",611,"rec","forw","LF","abst","logika",105,"LOGIKA","ALD"
112,"s8.dat",8,"t105",1,"1",611,"rec","forw","LF","abst","oprez",105,"OPREZ","VLD"
113,"s8.dat",8,"t154",1,"3",1002,"pseudorec","backw","LF","abst",NA,154,"REZOL","ALD"
113,"s8.dat",8,"t154",1,"3",1002,"pseudorec","backw","LF","abst",NA,154,"SKRON","VLD"
114,"s8.dat",8,"t16",0,"3",NA,"rec","backw","HF","conc","jagoda",16,"ADOGAJ","ALD"
114,"s8.dat",8,"t16",0,"3",NA,"rec","backw","HF","conc","kutija",16,"AJITUK","VLD"
115,"s8.dat",8,"t179",0,"1",NA,"pseudorec","backw","LF","conc",NA,179,"PETLIR","ALD"
115,"s8.dat",8,"t179",0,"1",NA,"pseudorec","backw","LF","conc",NA,179,"KANTAC","VLD"
116,"s8.dat",8,"t101",1,"1",1061,"rec","forw","LF","abst","domet",101,"DOMET","ALD"
116,"s8.dat",8,"t101",1,"1",1061,"rec","forw","LF","abst","ispad",101,"ISPAD","VLD"
117,"s8.dat",8,"t84",1,"1",841,"rec","forw","HF","conc","sveća",84,"SVEĆA","ALD"
117,"s8.dat",8,"t84",1,"1",841,"rec","forw","HF","conc","školjka",84,"ŠKOLJKA","VLD"
118,"s8.dat",8,"t36",1,"1",1463,"rec","backw","LF","abst","idila",36,"ALIDI","ALD"
118,"s8.dat",8,"t36",1,"1",1463,"rec","backw","LF","abst","impuls",36,"SLUPMI","VLD"
119,"s8.dat",8,"t197",1,"3",1302,"pseudorec","forw","HF","conc",NA,197,"SISAB","ALD"
119,"s8.dat",8,"t197",1,"3",1302,"pseudorec","forw","HF","conc",NA,197,"KLIKET","VLD"
120,"s8.dat",8,"t43",0,"None",NA,"rec","backw","LF","abst","požuda",43,"ADUŽOP","ALD"
120,"s8.dat",8,"t43",0,"None",NA,"rec","backw","LF","abst","namena",43,"ANEMAN","VLD"
122,"s8.dat",8,"t97",1,"1",681,"rec","forw","LF","abst","bruka",97,"BRUKA","ALD"
122,"s8.dat",8,"t97",1,"1",681,"rec","forw","LF","abst","manjak",97,"MANJAK","VLD"
123,"s8.dat",8,"t177",1,"3",661,"pseudorec","backw","LF","conc",NA,177,"JERED","ALD"
123,"s8.dat",8,"t177",1,"3",661,"pseudorec","backw","LF","conc",NA,177,"MELED","VLD"
124,"s8.dat",8,"t46",1,"1",851,"rec","backw","LF","conc","maslac",46,"CALSAM","ALD"
124,"s8.dat",8,"t46",1,"1",851,"rec","backw","LF","conc","cvekla",46,"ALKEVC","VLD"
125,"s8.dat",8,"t186",1,"3",761,"pseudorec","forw","HF","abst",NA,186,"ZNALAB","ALD"
125,"s8.dat",8,"t186",1,"3",761,"pseudorec","forw","HF","abst",NA,186,"MODUĐ","ALD"
126,"s8.dat",8,"t17",0,"3",NA,"rec","backw","HF","conc","čekić",17,"ĆIKEČ","ALD"
126,"s8.dat",8,"t17",0,"3",NA,"rec","backw","HF","conc","smokva",17,"AVKOMS","VLD"
127,"s8.dat",8,"t45",1,"1",1101,"rec","backw","LF","abst","pakost",45,"TSOKAP","ALD"
127,"s8.dat",8,"t45",1,"1",1101,"rec","backw","LF","abst","ishod",45,"DOHSI","VLD"
128,"s8.dat",8,"t206",0,"1",NA,"pseudorec","forw","HF","conc",NA,206,"GLUPAR","ALD"
128,"s8.dat",8,"t206",0,"1",NA,"pseudorec","forw","HF","conc",NA,206,"ARHID","VLD"
129,"s8.dat",8,"t134",1,"3",741,"pseudorec","backw","HF","abst",NA,134,"DIZEB","ALD"
129,"s8.dat",8,"t134",1,"3",741,"pseudorec","backw","HF","abst",NA,134,"LOTOG","VLD"
130,"s8.dat",8,"t167",1,"3",841,"pseudorec","backw","LF","conc",NA,167,"KOMFON","ALD"
130,"s8.dat",8,"t167",1,"3",841,"pseudorec","backw","LF","conc",NA,167,"KARBOZ","VLD"
131,"s8.dat",8,"t222",0,"1",NA,"pseudorec","forw","LF","abst",NA,222,"BAROL","ALD"
131,"s8.dat",8,"t222",0,"1",NA,"pseudorec","forw","LF","abst",NA,222,"TREGEN","VLD"
132,"s8.dat",8,"t148",1,"3",400,"pseudorec","backw","HF","conc",NA,148,"PRELER","ALD"
132,"s8.dat",8,"t148",1,"3",400,"pseudorec","backw","HF","conc",NA,148,"BAZAP","VLD"
133,"s8.dat",8,"t75",1,"1",641,"rec","forw","HF","abst","radost",75,"RADOST","ALD"
133,"s8.dat",8,"t75",1,"1",641,"rec","forw","HF","abst","ljubav",75,"LJUBAV","VLD"
134,"s8.dat",8,"t61",1,"1",531,"rec","forw","HF","abst","nemoć",61,"NEMOĆ","ALD"
134,"s8.dat",8,"t61",1,"1",531,"rec","forw","HF","abst","sudba",61,"SUDBA","VLD"
135,"s8.dat",8,"t65",1,"1",511,"rec","forw","HF","abst","savest",65,"SAVEST","ALD"
135,"s8.dat",8,"t65",1,"1",511,"rec","forw","HF","abst","ideja",65,"IDEJA","VLD"
136,"s8.dat",8,"t96",1,"1",891,"rec","forw","LF","abst","nerad",96,"NERAD","ALD"
136,"s8.dat",8,"t96",1,"1",891,"rec","forw","LF","abst","elita",96,"ELITA","VLD"
137,"s8.dat",8,"t176",1,"3",981,"pseudorec","backw","LF","conc",NA,176,"PUTEF","ALD"
137,"s8.dat",8,"t176",1,"3",981,"pseudorec","backw","LF","conc",NA,176,"NAGIR","VLD"
138,"s8.dat",8,"t92",1,"1",971,"rec","forw","LF","abst","epitet",92,"EPITET","ALD"
138,"s8.dat",8,"t92",1,"1",971,"rec","forw","LF","abst","intima",92,"INTIMA","VLD"
139,"s8.dat",8,"t80",1,"1",611,"rec","forw","HF","conc","topola",80,"TOPOLA","ALD"
139,"s8.dat",8,"t80",1,"1",611,"rec","forw","HF","conc","grožĐ‘e",80,"GROŽĐE","ALD"
140,"s8.dat",8,"t115",1,"1",610,"rec","forw","LF","conc","božur",115,"BOŽUR","ALD"
140,"s8.dat",8,"t115",1,"1",610,"rec","forw","LF","conc","prase",115,"PRASE","VLD"
141,"s8.dat",8,"t50",1,"1",641,"rec","backw","LF","conc","ananas",50,"SANANA","ALD"
141,"s8.dat",8,"t50",1,"1",641,"rec","backw","LF","conc","kajmak",50,"KAMJAK","VLD"
142,"s8.dat",8,"t207",1,"3",941,"pseudorec","forw","HF","conc",NA,207,"ZAREM","ALD"
142,"s8.dat",8,"t207",1,"3",941,"pseudorec","forw","HF","conc",NA,207,"BONTOZ","VLD"
143,"s8.dat",8,"t230",1,"3",1051,"pseudorec","forw","LF","conc",NA,230,"CINIB","ALD"
143,"s8.dat",8,"t230",1,"3",1051,"pseudorec","forw","LF","conc",NA,230,"KONZUP","VLD"
144,"s8.dat",8,"t133",1,"3",1232,"pseudorec","backw","HF","abst",NA,133,"ŠTAPIZ","ALD"
144,"s8.dat",8,"t133",1,"3",1232,"pseudorec","backw","HF","abst",NA,133,"LIRIZ","VLD"
145,"s8.dat",8,"t108",1,"1",771,"rec","forw","LF","conc","tegla",108,"TEGLA","ALD"
145,"s8.dat",8,"t108",1,"1",771,"rec","forw","LF","conc","kompot",108,"KOMPOT","VLD"
146,"s8.dat",8,"t49",0,"3",NA,"rec","backw","LF","conc","jarac",49,"CARAJ","ALD"
146,"s8.dat",8,"t49",0,"3",NA,"rec","backw","LF","conc","pegla",49,"ALGEP","VLD"
147,"s8.dat",8,"t6",0,"3",NA,"rec","backw","HF","abst","svrha",6,"AHRVS","ALD"
147,"s8.dat",8,"t6",0,"3",NA,"rec","backw","HF","abst","obnova",6,"AVONBO","VLD"
148,"s8.dat",8,"t93",1,"1",1101,"rec","forw","LF","abst","skepsa",93,"SKEPSA","ALD"
148,"s8.dat",8,"t93",1,"1",1101,"rec","forw","LF","abst","barok",93,"BAROK","VLD"
149,"s8.dat",8,"t240",0,"1",NA,"pseudorec","forw","LF","conc",NA,240,"VOSKAB","ALD"
149,"s8.dat",8,"t240",0,"1",NA,"pseudorec","forw","LF","conc",NA,240,"TRILEN","VLD"
150,"s8.dat",8,"t55",0,"3",NA,"rec","backw","LF","conc","zumbul",55,"LUBMUZ","ALD"
150,"s8.dat",8,"t55",0,"3",NA,"rec","backw","LF","conc","kaktus",55,"SUTKAK","VLD"
151,"s8.dat",8,"t95",1,"1",981,"rec","forw","LF","abst","apsurd",95,"APSURD","ALD"
151,"s8.dat",8,"t95",1,"1",981,"rec","forw","LF","abst","opseg",95,"OPSEG","VLD"
152,"s8.dat",8,"t211",1,"3",1081,"pseudorec","forw","LF","abst",NA,211,"KEPEN","ALD"
152,"s8.dat",8,"t211",1,"3",1081,"pseudorec","forw","LF","abst",NA,211,"FLUOŠ","VLD"
153,"s8.dat",8,"t131",0,"1",NA,"pseudorec","backw","HF","abst",NA,131,"PORIG","ALD"
153,"s8.dat",8,"t131",0,"1",NA,"pseudorec","backw","HF","abst",NA,131,"PATROZ","VLD"
154,"s8.dat",8,"t129",0,"1",NA,"pseudorec","backw","HF","abst",NA,129,"AKTEF","ALD"
154,"s8.dat",8,"t129",0,"1",NA,"pseudorec","backw","HF","abst",NA,129,"AFEKAL","VLD"
155,"s8.dat",8,"t221",1,"3",861,"pseudorec","forw","LF","abst",NA,221,"KVARŠ","ALD"
155,"s8.dat",8,"t221",1,"3",861,"pseudorec","forw","LF","abst",NA,221,"CELEP","VLD"
156,"s8.dat",8,"t189",1,"3",742,"pseudorec","forw","HF","abst",NA,189,"LOGOK","ALD"
156,"s8.dat",8,"t189",1,"3",742,"pseudorec","forw","HF","abst",NA,189,"BEĆAŠ","VLD"
157,"s8.dat",8,"t114",1,"1",841,"rec","forw","LF","conc","biber",114,"BIBER","ALD"
157,"s8.dat",8,"t114",1,"1",841,"rec","forw","LF","conc","liker",114,"LIKER","VLD"
158,"s8.dat",8,"t1",0,"3",NA,"rec","backw","HF","abst","novost",1,"TSOVON","ALD"
158,"s8.dat",8,"t1",0,"3",NA,"rec","backw","HF","abst","metoda",1,"ADOTEM","VLD"
159,"s8.dat",8,"t169",1,"3",1492,"pseudorec","backw","LF","conc",NA,169,"GULAN","ALD"
159,"s8.dat",8,"t169",1,"3",1492,"pseudorec","backw","LF","conc",NA,169,"CIGAF","VLD"
160,"s8.dat",8,"t31",1,"1",1261,"rec","backw","LF","abst","izazov",31,"VOZAZI","ALD"
160,"s8.dat",8,"t31",1,"1",1261,"rec","backw","LF","abst","etika",31,"AKITE","VLD"
161,"s8.dat",8,"t2",1,"1",1151,"rec","backw","HF","abst","dosada",2,"ADASOD","ALD"
161,"s8.dat",8,"t2",1,"1",1151,"rec","backw","HF","abst","pojam",2,"MAJOP","VLD"
162,"s8.dat",8,"t72",1,"1",561,"rec","forw","HF","abst","uslov",72,"USLOV","ALD"
162,"s8.dat",8,"t72",1,"1",561,"rec","forw","HF","abst","uspeh",72,"USPEH","VLD"
163,"s8.dat",8,"t13",1,"1",981,"rec","backw","HF","abst","samoća",13,"AĆOMAS","ALD"
163,"s8.dat",8,"t13",1,"1",981,"rec","backw","HF","abst","tajna",13,"ANJAT","VLD"
164,"s8.dat",8,"t213",0,"1",NA,"pseudorec","forw","LF","abst",NA,213,"DOSLUZ","ALD"
164,"s8.dat",8,"t213",0,"1",NA,"pseudorec","forw","LF","abst",NA,213,"ODVOC","VLD"
165,"s8.dat",8,"t63",1,"1",801,"rec","forw","HF","abst","motiv",63,"MOTIV","ALD"
165,"s8.dat",8,"t63",1,"1",801,"rec","forw","HF","abst","celina",63,"CELINA","VLD"
166,"s8.dat",8,"t107",0,"3",NA,"rec","forw","LF","conc","sarma",107,"SARMA","ALD"
166,"s8.dat",8,"t107",0,"3",NA,"rec","forw","LF","conc","čioda",107,"ČIODA","VLD"
167,"s8.dat",8,"t68",1,"1",551,"rec","forw","HF","abst","izraz",68,"IZRAZ","ALD"
167,"s8.dat",8,"t68",1,"1",551,"rec","forw","HF","abst","utisak",68,"UTISAK","VLD"
168,"s8.dat",8,"t102",1,"1",671,"rec","forw","LF","abst","ljutnja",102,"LJUTNJA","ALD"
168,"s8.dat",8,"t102",1,"1",671,"rec","forw","LF","abst","profit",102,"PROFIT","VLD"
169,"s8.dat",8,"t217",1,"3",822,"pseudorec","forw","LF","abst",NA,217,"SERUP","ALD"
169,"s8.dat",8,"t217",1,"3",822,"pseudorec","forw","LF","abst",NA,217,"REZAG","VLD"
170,"s8.dat",8,"t227",1,"3",821,"pseudorec","forw","LF","conc",NA,227,"CIMEČ","ALD"
170,"s8.dat",8,"t227",1,"3",821,"pseudorec","forw","LF","conc",NA,227,"VITALJ","VLD"
171,"s8.dat",8,"t195",0,"1",NA,"pseudorec","forw","HF","abst",NA,195,"SVEKAN","ALD"
171,"s8.dat",8,"t195",0,"1",NA,"pseudorec","forw","HF","abst",NA,195,"TOTEK","VLD"
172,"s8.dat",8,"t124",0,"1",NA,"pseudorec","backw","HF","abst",NA,124,"SVINJAB","ALD"
172,"s8.dat",8,"t124",0,"1",NA,"pseudorec","backw","HF","abst",NA,124,"SPANAR","VLD"
173,"s8.dat",8,"t237",1,"3",731,"pseudorec","forw","LF","conc",NA,237,"IZDAP","ALD"
173,"s8.dat",8,"t237",1,"3",731,"pseudorec","forw","LF","conc",NA,237,"FAGOH","VLD"
174,"s8.dat",8,"t54",1,"1",911,"rec","backw","LF","conc","klovn",54,"NVOLK","ALD"
174,"s8.dat",8,"t54",1,"1",911,"rec","backw","LF","conc","štuka",54,"AKUTŠ","VLD"
175,"s8.dat",8,"t69",1,"1",881,"rec","forw","HF","abst","znanje",69,"ZNANJE","ALD"
175,"s8.dat",8,"t69",1,"1",881,"rec","forw","HF","abst","sumnja",69,"SUMNJA","VLD"
176,"s8.dat",8,"t150",1,"3",691,"pseudorec","backw","HF","conc",NA,150,"REKEB","ALD"
176,"s8.dat",8,"t150",1,"3",691,"pseudorec","backw","HF","conc",NA,150,"FLUIŠ","VLD"
177,"s8.dat",8,"t66",1,"1",871,"rec","forw","HF","abst","period",66,"PERIOD","ALD"
177,"s8.dat",8,"t66",1,"1",871,"rec","forw","HF","abst","otpor",66,"OTPOR","VLD"
178,"s8.dat",8,"t204",1,"3",761,"pseudorec","forw","HF","conc",NA,204,"LENJIZ","ALD"
178,"s8.dat",8,"t204",1,"3",761,"pseudorec","forw","HF","conc",NA,204,"BILIOD","VLD"
179,"s8.dat",8,"t188",1,"3",941,"pseudorec","forw","HF","abst",NA,188,"TENOZ","ALD"
179,"s8.dat",8,"t188",1,"3",941,"pseudorec","forw","HF","abst",NA,188,"KOKTEZ","VLD"
180,"s8.dat",8,"t138",1,"3",1081,"pseudorec","backw","HF","conc",NA,138,"MAGNEG","ALD"
180,"s8.dat",8,"t138",1,"3",1081,"pseudorec","backw","HF","conc",NA,138,"KAPLAB","VLD"
181,"s8.dat",8,"t62",1,"1",500,"rec","forw","HF","abst","izdaja",62,"IZDAJA","ALD"
181,"s8.dat",8,"t62",1,"1",500,"rec","forw","HF","abst","uzrok",62,"UZROK","VLD"
182,"s8.dat",8,"t202",1,"3",1131,"pseudorec","forw","HF","conc",NA,202,"ŠTANK","ALD"
182,"s8.dat",8,"t202",1,"3",1131,"pseudorec","forw","HF","conc",NA,202,"PANTEK","VLD"
183,"s8.dat",8,"t24",1,"1",1151,"rec","backw","HF","conc","breza",24,"AZERB","ALD"
183,"s8.dat",8,"t24",1,"1",1151,"rec","backw","HF","conc","leptir",24,"RITPEL","VLD"
184,"s8.dat",8,"t231",1,"3",1121,"pseudorec","forw","LF","conc",NA,231,"MLEKAF","ALD"
184,"s8.dat",8,"t231",1,"3",1121,"pseudorec","forw","LF","conc",NA,231,"KENGUN","VLD"
185,"s8.dat",8,"t239",0,"None",NA,"pseudorec","forw","LF","conc",NA,239,"BIFTEM","ALD"
185,"s8.dat",8,"t239",0,"None",NA,"pseudorec","forw","LF","conc",NA,239,"RUNDOG","VLD"
187,"s8.dat",8,"t18",0,"3",NA,"rec","backw","HF","conc","brašno",18,"ONŠARB","ALD"
187,"s8.dat",8,"t18",0,"3",NA,"rec","backw","HF","conc","sanduk",18,"KUDNAS","VLD"
188,"s8.dat",8,"t117",1,"1",851,"rec","forw","LF","conc","kvaka",117,"KVAKA","ALD"
188,"s8.dat",8,"t117",1,"1",851,"rec","forw","LF","conc","šerpa",117,"ŠERPA","VLD"
189,"s8.dat",8,"t104",1,"1",691,"rec","forw","LF","abst","divota",104,"DIVOTA","ALD"
189,"s8.dat",8,"t104",1,"1",691,"rec","forw","LF","abst","efekat",104,"EFEKAT","VLD"
190,"s8.dat",8,"t152",1,"3",901,"pseudorec","backw","LF","abst",NA,152,"KAJMAR","ALD"
190,"s8.dat",8,"t152",1,"3",901,"pseudorec","backw","LF","abst",NA,152,"VEŠTAP","VLD"
191,"s8.dat",8,"t100",1,"1",620,"rec","forw","LF","abst","trpnja",100,"TRPNJA","ALD"
191,"s8.dat",8,"t100",1,"1",620,"rec","forw","LF","abst","raspon",100,"RASPON","VLD"
192,"s8.dat",8,"t208",0,"1",NA,"pseudorec","forw","HF","conc",NA,208,"GREJAP","ALD"
192,"s8.dat",8,"t208",0,"1",NA,"pseudorec","forw","HF","conc",NA,208,"TIKEN","VLD"
193,"s8.dat",8,"t185",1,"3",1192,"pseudorec","forw","HF","abst",NA,185,"FARMET","ALD"
193,"s8.dat",8,"t185",1,"3",1192,"pseudorec","forw","HF","abst",NA,185,"RABIĐ","ALD"
194,"s8.dat",8,"t178",1,"3",1132,"pseudorec","backw","LF","conc",NA,178,"MANGUD","ALD"
194,"s8.dat",8,"t178",1,"3",1132,"pseudorec","backw","LF","conc",NA,178,"STALAV","VLD"
195,"s8.dat",8,"t132",0,"1",NA,"pseudorec","backw","HF","abst",NA,132,"NAZER","ALD"
195,"s8.dat",8,"t132",0,"1",NA,"pseudorec","backw","HF","abst",NA,132,"AVANČ","VLD"
196,"s8.dat",8,"t29",0,"3",NA,"rec","backw","HF","conc","kamen",29,"NEMAK","ALD"
196,"s8.dat",8,"t29",0,"3",NA,"rec","backw","HF","conc","cveće",29,"EĆEVC","VLD"
197,"s8.dat",8,"t30",1,"1",1212,"rec","backw","HF","conc","glava",30,"AVALG","ALD"
197,"s8.dat",8,"t30",1,"1",1212,"rec","backw","HF","conc","trava",30,"AVART","VLD"
198,"s8.dat",8,"t103",1,"1",1252,"rec","forw","LF","abst","fizika",103,"FIZIKA","ALD"
198,"s8.dat",8,"t103",1,"1",1252,"rec","forw","LF","abst","nedelo",103,"NEDELO","VLD"
199,"s8.dat",8,"t86",1,"1",661,"rec","forw","HF","conc","krevet",86,"KREVET","ALD"
199,"s8.dat",8,"t86",1,"1",661,"rec","forw","HF","conc","lopta",86,"LOPTA","VLD"
200,"s8.dat",8,"t151",1,"3",791,"pseudorec","backw","LF","abst",NA,151,"PRIZIT","ALD"
200,"s8.dat",8,"t151",1,"3",791,"pseudorec","backw","LF","abst",NA,151,"PASAM","VLD"
201,"s8.dat",8,"t212",1,"3",1162,"pseudorec","forw","LF","abst",NA,212,"TIRKIB","ALD"
201,"s8.dat",8,"t212",1,"3",1162,"pseudorec","forw","LF","abst",NA,212,"KRETEP","VLD"
202,"s8.dat",8,"t140",1,"3",1172,"pseudorec","backw","HF","conc",NA,140,"LUKSUR","ALD"
202,"s8.dat",8,"t140",1,"3",1172,"pseudorec","backw","HF","conc",NA,140,"UZGOT","VLD"
203,"s8.dat",8,"t198",0,"None",NA,"pseudorec","forw","HF","conc",NA,198,"GNJURAB","ALD"
203,"s8.dat",8,"t198",0,"None",NA,"pseudorec","forw","HF","conc",NA,198,"NITKOZ","VLD"
205,"s8.dat",8,"t126",1,"3",991,"pseudorec","backw","HF","abst",NA,126,"KANAZ","ALD"
205,"s8.dat",8,"t126",1,"3",991,"pseudorec","backw","HF","abst",NA,126,"FELJTOZ","VLD"
206,"s8.dat",8,"t71",1,"1",561,"rec","forw","HF","abst","slutnja",71,"SLUTNJA","ALD"
206,"s8.dat",8,"t71",1,"1",561,"rec","forw","HF","abst","razvoj",71,"RAZVOJ","VLD"
207,"s8.dat",8,"t210",1,"3",751,"pseudorec","forw","HF","conc",NA,210,"GORAZ","ALD"
207,"s8.dat",8,"t210",1,"3",751,"pseudorec","forw","HF","conc",NA,210,"SATEP","VLD"
208,"s8.dat",8,"t9",0,"3",NA,"rec","backw","HF","abst","mašta",9,"ATŠAM","ALD"
208,"s8.dat",8,"t9",0,"3",NA,"rec","backw","HF","abst","razlog",9,"GOLZAR","VLD"
209,"s8.dat",8,"t35",1,"1",1001,"rec","backw","LF","abst","poenta",35,"ATNEOP","ALD"
209,"s8.dat",8,"t35",1,"1",1001,"rec","backw","LF","abst","raskid",35,"DIKSAR","VLD"
210,"s8.dat",8,"t89",1,"1",541,"rec","forw","HF","conc","prozor",89,"PROZOR","ALD"
210,"s8.dat",8,"t89",1,"1",541,"rec","forw","HF","conc","vrata",89,"VRATA","VLD"
211,"s8.dat",8,"t127",1,"3",791,"pseudorec","backw","HF","abst",NA,127,"JAJNIL","ALD"
211,"s8.dat",8,"t127",1,"3",791,"pseudorec","backw","HF","abst",NA,127,"RATLUZ","VLD"
212,"s8.dat",8,"t193",1,"3",772,"pseudorec","forw","HF","abst",NA,193,"JARAT","ALD"
212,"s8.dat",8,"t193",1,"3",772,"pseudorec","forw","HF","abst",NA,193,"PROLOZ","VLD"
213,"s8.dat",8,"t156",0,"1",NA,"pseudorec","backw","LF","abst",NA,156,"MINUR","ALD"
213,"s8.dat",8,"t156",0,"1",NA,"pseudorec","backw","LF","abst",NA,156,"PUDINC","VLD"
214,"s8.dat",8,"t112",1,"1",570,"rec","forw","LF","conc","zvečka",112,"ZVEČKA","ALD"
214,"s8.dat",8,"t112",1,"1",570,"rec","forw","LF","conc","torta",112,"TORTA","VLD"
215,"s8.dat",8,"t174",1,"3",981,"pseudorec","backw","LF","conc",NA,174,"VOKAB","ALD"
215,"s8.dat",8,"t174",1,"3",981,"pseudorec","backw","LF","conc",NA,174,"ZIDIB","VLD"
216,"s8.dat",8,"t173",1,"3",961,"pseudorec","backw","LF","conc",NA,173,"IMPORK","ALD"
216,"s8.dat",8,"t173",1,"3",961,"pseudorec","backw","LF","conc",NA,173,"LENJOČ","VLD"
217,"s8.dat",8,"t44",1,"1",1202,"rec","backw","LF","abst","zaplet",44,"TELPAZ","ALD"
217,"s8.dat",8,"t44",1,"1",1202,"rec","backw","LF","abst","sujeta",44,"ATEJUS","VLD"
218,"s8.dat",8,"t157",1,"3",1011,"pseudorec","backw","LF","abst",NA,157,"TITAČ","ALD"
218,"s8.dat",8,"t157",1,"3",1011,"pseudorec","backw","LF","abst",NA,157,"ŠAPTAK","VLD"
219,"s8.dat",8,"t200",1,"3",922,"pseudorec","forw","HF","conc",NA,200,"PROSAR","ALD"
219,"s8.dat",8,"t200",1,"3",922,"pseudorec","forw","HF","conc",NA,200,"KOSMOR","VLD"
220,"s8.dat",8,"t48",0,"None",NA,"rec","backw","LF","conc","burek",48,"KERUB","ALD"
220,"s8.dat",8,"t48",0,"None",NA,"rec","backw","LF","conc","cucla",48,"ALCUC","VLD"
222,"s8.dat",8,"t111",1,"1",571,"rec","forw","LF","conc","perika",111,"PERIKA","ALD"
222,"s8.dat",8,"t111",1,"1",571,"rec","forw","LF","conc","pelena",111,"PELENA","VLD"
223,"s8.dat",8,"t170",0,"1",NA,"pseudorec","backw","LF","conc",NA,170,"PORTIN","ALD"
223,"s8.dat",8,"t170",0,"1",NA,"pseudorec","backw","LF","conc",NA,170,"ŠESTAM","VLD"
224,"s8.dat",8,"t228",1,"3",641,"pseudorec","forw","LF","conc",NA,228,"ULKUG","ALD"
224,"s8.dat",8,"t228",1,"3",641,"pseudorec","forw","LF","conc",NA,228,"FLANEG","VLD"
225,"s8.dat",8,"t32",0,"3",NA,"rec","backw","LF","abst","gadost",32,"TSODAG","ALD"
225,"s8.dat",8,"t32",0,"3",NA,"rec","backw","LF","abst","dosluh",32,"HULSOD","VLD"
226,"s8.dat",8,"t123",0,"1",NA,"pseudorec","backw","HF","abst",NA,123,"TIGAŠ","ALD"
226,"s8.dat",8,"t123",0,"1",NA,"pseudorec","backw","HF","abst",NA,123,"NEUKUD","VLD"
227,"s8.dat",8,"t22",0,"None",NA,"rec","backw","HF","conc","čamac",22,"CAMAČ","ALD"
227,"s8.dat",8,"t22",0,"None",NA,"rec","backw","HF","conc","hrast",22,"TSARH","VLD"
229,"s8.dat",8,"t139",1,"3",832,"pseudorec","backw","HF","conc",NA,139,"ZEJTIZ","ALD"
229,"s8.dat",8,"t139",1,"3",832,"pseudorec","backw","HF","conc",NA,139,"HIBRIF","VLD"
230,"s8.dat",8,"t180",1,"3",931,"pseudorec","backw","LF","conc",NA,180,"RAZVOC","ALD"
230,"s8.dat",8,"t180",1,"3",931,"pseudorec","backw","LF","conc",NA,180,"FILTEB","VLD"
231,"s8.dat",8,"t166",1,"3",1232,"pseudorec","backw","LF","conc",NA,166,"SVETAF","ALD"
231,"s8.dat",8,"t166",1,"3",1232,"pseudorec","backw","LF","conc",NA,166,"BIOLOR","VLD"
232,"s8.dat",8,"t224",1,"3",741,"pseudorec","forw","LF","abst",NA,224,"BOJLEG","ALD"
232,"s8.dat",8,"t224",1,"3",741,"pseudorec","forw","LF","abst",NA,224,"DISTIC","VLD"
233,"s8.dat",8,"t10",1,"1",1101,"rec","backw","HF","abst","značaj",10,"JAČANZ","ALD"
233,"s8.dat",8,"t10",1,"1",1101,"rec","backw","HF","abst","svest",10,"TSEVS","VLD"
234,"s8.dat",8,"t51",1,"1",751,"rec","backw","LF","conc","pekmez",51,"ZEMKEP","ALD"
234,"s8.dat",8,"t51",1,"1",751,"rec","backw","LF","conc","šaran",51,"NARAŠ","VLD"
235,"s8.dat",8,"t119",1,"1",591,"rec","forw","LF","conc","flauta",119,"FLAUTA","ALD"
235,"s8.dat",8,"t119",1,"1",591,"rec","forw","LF","conc","kecelja",119,"KECELJA","VLD"
236,"s8.dat",8,"t216",1,"3",1012,"pseudorec","forw","LF","abst",NA,216,"SENJAT","ALD"
236,"s8.dat",8,"t216",1,"3",1012,"pseudorec","forw","LF","abst",NA,216,"IDIOB","VLD"
237,"s8.dat",8,"t194",1,"3",1111,"pseudorec","forw","HF","abst",NA,194,"SONAĐ","ALD"
237,"s8.dat",8,"t194",1,"3",1111,"pseudorec","forw","HF","abst",NA,194,"ŠPRIĐ","ALD"
238,"s8.dat",8,"t232",0,"1",NA,"pseudorec","forw","LF","conc",NA,232,"TOALEB","ALD"
238,"s8.dat",8,"t232",0,"1",NA,"pseudorec","forw","LF","conc",NA,232,"FAZOR","VLD"
239,"s8.dat",8,"t5",0,"3",NA,"rec","backw","HF","abst","promet",5,"TEMORP","ALD"
239,"s8.dat",8,"t5",0,"3",NA,"rec","backw","HF","abst","žalost",5,"TSOLAŽ","VLD"
240,"s8.dat",8,"t7",0,"3",NA,"rec","backw","HF","abst","proces",7,"SECORP","ALD"
240,"s8.dat",8,"t7",0,"3",NA,"rec","backw","HF","abst","korist",7,"TSIROK","VLD"
241,"s8.dat",8,"t125",0,"1",NA,"pseudorec","backw","HF","abst",NA,125,"PANCIT","ALD"
241,"s8.dat",8,"t125",0,"1",NA,"pseudorec","backw","HF","abst",NA,125,"AKSIOK","VLD"
242,"s8.dat",8,"t76",1,"1",551,"rec","forw","HF","conc","tepih",76,"TEPIH","ALD"
242,"s8.dat",8,"t76",1,"1",551,"rec","forw","HF","conc","sapun",76,"SAPUN","VLD"
243,"s8.dat",8,"t205",1,"3",761,"pseudorec","forw","HF","conc",NA,205,"PEŠKIG","ALD"
243,"s8.dat",8,"t205",1,"3",761,"pseudorec","forw","HF","conc",NA,205,"EVNUB","VLD"
244,"s8.dat",8,"t145",1,"3",811,"pseudorec","backw","HF","conc",NA,145,"TREZOB","ALD"
244,"s8.dat",8,"t145",1,"3",811,"pseudorec","backw","HF","conc",NA,145,"HAMEŠ","VLD"
245,"s8.dat",8,"t121",1,"3",981,"pseudorec","backw","HF","abst",NA,121,"TROVAB","ALD"
245,"s8.dat",8,"t121",1,"3",981,"pseudorec","backw","HF","abst",NA,121,"KORDOB","VLD"
246,"s8.dat",8,"t181",1,"3",812,"pseudorec","forw","HF","abst",NA,181,"SOMUH","ALD"
246,"s8.dat",8,"t181",1,"3",812,"pseudorec","forw","HF","abst",NA,181,"TANIH","VLD"
247,"s8.dat",8,"t235",1,"3",591,"pseudorec","forw","LF","conc",NA,235,"EGZIČ","ALD"
247,"s8.dat",8,"t235",1,"3",591,"pseudorec","forw","LF","conc",NA,235,"MAHET","VLD"
248,"s8.dat",8,"t163",0,"1",NA,"pseudorec","backw","LF","abst",NA,163,"BERBET","ALD"
248,"s8.dat",8,"t163",0,"1",NA,"pseudorec","backw","LF","abst",NA,163,"PRESEB","VLD"
249,"s8.dat",8,"t214",1,"3",1001,"pseudorec","forw","LF","abst",NA,214,"PITOR","ALD"
249,"s8.dat",8,"t214",1,"3",1001,"pseudorec","forw","LF","abst",NA,214,"PIJAD","VLD"
1,"s9.dat",9,"t237",0,"1",NA,"pseudorec","forw","LF","conc",NA,237,"IZDAP","ALD"
1,"s9.dat",9,"t237",0,"1",NA,"pseudorec","forw","LF","conc",NA,237,"FAGOH","VLD"
2,"s9.dat",9,"t100",1,"1",671,"rec","forw","LF","abst","trpnja",100,"TRPNJA","ALD"
2,"s9.dat",9,"t100",1,"1",671,"rec","forw","LF","abst","raspon",100,"RASPON","VLD"
3,"s9.dat",9,"t11",0,"3",NA,"rec","backw","HF","abst","zanos",11,"SONAZ","ALD"
3,"s9.dat",9,"t11",0,"3",NA,"rec","backw","HF","abst","smisao",11,"OASIMS","VLD"
4,"s9.dat",9,"t57",1,"1",601,"rec","backw","LF","conc","ekser",57,"RESKE","ALD"
4,"s9.dat",9,"t57",1,"1",601,"rec","backw","LF","conc","kokos",57,"SOKOK","VLD"
5,"s9.dat",9,"t7",0,"3",NA,"rec","backw","HF","abst","proces",7,"SECORP","ALD"
5,"s9.dat",9,"t7",0,"3",NA,"rec","backw","HF","abst","korist",7,"TSIROK","VLD"
6,"s9.dat",9,"t27",1,"1",1081,"rec","backw","HF","conc","stena",27,"ANETS","ALD"
6,"s9.dat",9,"t27",1,"1",1081,"rec","backw","HF","conc","mleko",27,"OKELM","VLD"
7,"s9.dat",9,"t10",1,"1",1091,"rec","backw","HF","abst","značaj",10,"JAČANZ","ALD"
7,"s9.dat",9,"t10",1,"1",1091,"rec","backw","HF","abst","svest",10,"TSEVS","VLD"
8,"s9.dat",9,"t212",1,"3",1302,"pseudorec","forw","LF","abst",NA,212,"TIRKIB","ALD"
8,"s9.dat",9,"t212",1,"3",1302,"pseudorec","forw","LF","abst",NA,212,"KRETEP","VLD"
9,"s9.dat",9,"t167",0,"None",NA,"pseudorec","backw","LF","conc",NA,167,"KOMFON","ALD"
9,"s9.dat",9,"t167",0,"None",NA,"pseudorec","backw","LF","conc",NA,167,"KARBOZ","VLD"
11,"s9.dat",9,"t190",0,"1",NA,"pseudorec","forw","HF","abst",NA,190,"ŠVERG","ALD"
11,"s9.dat",9,"t190",0,"1",NA,"pseudorec","forw","HF","abst",NA,190,"METAT","VLD"
12,"s9.dat",9,"t215",0,"1",NA,"pseudorec","forw","LF","abst",NA,215,"OPOZIN","ALD"
12,"s9.dat",9,"t215",0,"1",NA,"pseudorec","forw","LF","abst",NA,215,"PO~EF","ALD"
13,"s9.dat",9,"t183",1,"3",1322,"pseudorec","forw","HF","abst",NA,183,"POGAJ","ALD"
13,"s9.dat",9,"t183",1,"3",1322,"pseudorec","forw","HF","abst",NA,183,"GURMAB","VLD"
14,"s9.dat",9,"t224",1,"3",1332,"pseudorec","forw","LF","abst",NA,224,"BOJLEG","ALD"
14,"s9.dat",9,"t224",1,"3",1332,"pseudorec","forw","LF","abst",NA,224,"DISTIC","VLD"
15,"s9.dat",9,"t194",1,"3",1392,"pseudorec","forw","HF","abst",NA,194,"SONAĐ","ALD"
15,"s9.dat",9,"t194",1,"3",1392,"pseudorec","forw","HF","abst",NA,194,"ŠPRIĐ","ALD"
16,"s9.dat",9,"t103",0,"None",NA,"rec","forw","LF","abst","fizika",103,"FIZIKA","ALD"
16,"s9.dat",9,"t103",0,"None",NA,"rec","forw","LF","abst","nedelo",103,"NEDELO","VLD"
18,"s9.dat",9,"t170",1,"3",1312,"pseudorec","backw","LF","conc",NA,170,"PORTIN","ALD"
18,"s9.dat",9,"t170",1,"3",1312,"pseudorec","backw","LF","conc",NA,170,"ŠESTAM","VLD"
19,"s9.dat",9,"t145",1,"3",1242,"pseudorec","backw","HF","conc",NA,145,"TREZOB","ALD"
19,"s9.dat",9,"t145",1,"3",1242,"pseudorec","backw","HF","conc",NA,145,"HAMEŠ","VLD"
20,"s9.dat",9,"t1",0,"3",NA,"rec","backw","HF","abst","novost",1,"TSOVON","ALD"
20,"s9.dat",9,"t1",0,"3",NA,"rec","backw","HF","abst","metoda",1,"ADOTEM","VLD"
21,"s9.dat",9,"t68",1,"1",1192,"rec","forw","HF","abst","izraz",68,"IZRAZ","ALD"
21,"s9.dat",9,"t68",1,"1",1192,"rec","forw","HF","abst","utisak",68,"UTISAK","VLD"
22,"s9.dat",9,"t155",1,"3",1172,"pseudorec","backw","LF","abst",NA,155,"MIKROZ","ALD"
22,"s9.dat",9,"t155",1,"3",1172,"pseudorec","backw","LF","abst",NA,155,"KAUBOT","VLD"
23,"s9.dat",9,"t46",0,"3",NA,"rec","backw","LF","conc","maslac",46,"CALSAM","ALD"
23,"s9.dat",9,"t46",0,"3",NA,"rec","backw","LF","conc","cvekla",46,"ALKEVC","VLD"
24,"s9.dat",9,"t77",1,"1",741,"rec","forw","HF","conc","točak",77,"TOČAK","ALD"
24,"s9.dat",9,"t77",1,"1",741,"rec","forw","HF","conc","kesten",77,"KESTEN","VLD"
25,"s9.dat",9,"t18",0,"3",NA,"rec","backw","HF","conc","brašno",18,"ONŠARB","ALD"
25,"s9.dat",9,"t18",0,"3",NA,"rec","backw","HF","conc","sanduk",18,"KUDNAS","VLD"
26,"s9.dat",9,"t22",1,"1",1412,"rec","backw","HF","conc","čamac",22,"CAMAČ","ALD"
26,"s9.dat",9,"t22",1,"1",1412,"rec","backw","HF","conc","hrast",22,"TSARH","VLD"
27,"s9.dat",9,"t89",1,"1",531,"rec","forw","HF","conc","prozor",89,"PROZOR","ALD"
27,"s9.dat",9,"t89",1,"1",531,"rec","forw","HF","conc","vrata",89,"VRATA","VLD"
28,"s9.dat",9,"t179",0,"1",NA,"pseudorec","backw","LF","conc",NA,179,"PETLIR","ALD"
28,"s9.dat",9,"t179",0,"1",NA,"pseudorec","backw","LF","conc",NA,179,"KANTAC","VLD"
29,"s9.dat",9,"t41",0,"3",NA,"rec","backw","LF","abst","status",41,"SUTATS","ALD"
29,"s9.dat",9,"t41",0,"3",NA,"rec","backw","LF","abst","tegoba",41,"ABOGET","VLD"
30,"s9.dat",9,"t203",0,"1",NA,"pseudorec","forw","HF","conc",NA,203,"TAPIZ","ALD"
30,"s9.dat",9,"t203",0,"1",NA,"pseudorec","forw","HF","conc",NA,203,"KONDOP","VLD"
31,"s9.dat",9,"t229",1,"3",1212,"pseudorec","forw","LF","conc",NA,229,"REBUL","ALD"
31,"s9.dat",9,"t229",1,"3",1212,"pseudorec","forw","LF","conc",NA,229,"NABOH","VLD"
32,"s9.dat",9,"t227",0,"None",NA,"pseudorec","forw","LF","conc",NA,227,"CIMEČ","ALD"
32,"s9.dat",9,"t227",0,"None",NA,"pseudorec","forw","LF","conc",NA,227,"VITALJ","VLD"
34,"s9.dat",9,"t93",1,"1",671,"rec","forw","LF","abst","skepsa",93,"SKEPSA","ALD"
34,"s9.dat",9,"t93",1,"1",671,"rec","forw","LF","abst","barok",93,"BAROK","VLD"
35,"s9.dat",9,"t201",0,"1",NA,"pseudorec","forw","HF","conc",NA,201,"CIKLOP","ALD"
35,"s9.dat",9,"t201",0,"1",NA,"pseudorec","forw","HF","conc",NA,201,"DESPON","VLD"
36,"s9.dat",9,"t144",1,"3",1282,"pseudorec","backw","HF","conc",NA,144,"MASIT","ALD"
36,"s9.dat",9,"t144",1,"3",1282,"pseudorec","backw","HF","conc",NA,144,"SLANIB","VLD"
37,"s9.dat",9,"t52",0,"3",NA,"rec","backw","LF","conc","šunka",52,"AKNUŠ","ALD"
37,"s9.dat",9,"t52",0,"3",NA,"rec","backw","LF","conc","fazan",52,"NAZAF","VLD"
38,"s9.dat",9,"t210",1,"3",1472,"pseudorec","forw","HF","conc",NA,210,"GORAZ","ALD"
38,"s9.dat",9,"t210",1,"3",1472,"pseudorec","forw","HF","conc",NA,210,"SATEP","VLD"
39,"s9.dat",9,"t20",1,"1",1182,"rec","backw","HF","conc","cipela",20,"ALEPIC","ALD"
39,"s9.dat",9,"t20",1,"1",1182,"rec","backw","HF","conc","konac",20,"CANOK","VLD"
40,"s9.dat",9,"t127",0,"None",NA,"pseudorec","backw","HF","abst",NA,127,"JAJNIL","ALD"
40,"s9.dat",9,"t127",0,"None",NA,"pseudorec","backw","HF","abst",NA,127,"RATLUZ","VLD"
42,"s9.dat",9,"t225",1,"3",1462,"pseudorec","forw","LF","abst",NA,225,"BULDOF","ALD"
42,"s9.dat",9,"t225",1,"3",1462,"pseudorec","forw","LF","abst",NA,225,"TUMOČ","VLD"
43,"s9.dat",9,"t95",1,"1",651,"rec","forw","LF","abst","apsurd",95,"APSURD","ALD"
43,"s9.dat",9,"t95",1,"1",651,"rec","forw","LF","abst","opseg",95,"OPSEG","VLD"
44,"s9.dat",9,"t228",1,"3",851,"pseudorec","forw","LF","conc",NA,228,"ULKUG","ALD"
44,"s9.dat",9,"t228",1,"3",851,"pseudorec","forw","LF","conc",NA,228,"FLANEG","VLD"
45,"s9.dat",9,"t121",0,"None",NA,"pseudorec","backw","HF","abst",NA,121,"TROVAB","ALD"
45,"s9.dat",9,"t121",0,"None",NA,"pseudorec","backw","HF","abst",NA,121,"KORDOB","VLD"
47,"s9.dat",9,"t63",1,"1",711,"rec","forw","HF","abst","motiv",63,"MOTIV","ALD"
47,"s9.dat",9,"t63",1,"1",711,"rec","forw","HF","abst","celina",63,"CELINA","VLD"
48,"s9.dat",9,"t235",0,"1",NA,"pseudorec","forw","LF","conc",NA,235,"EGZIČ","ALD"
48,"s9.dat",9,"t235",0,"1",NA,"pseudorec","forw","LF","conc",NA,235,"MAHET","VLD"
49,"s9.dat",9,"t140",1,"3",951,"pseudorec","backw","HF","conc",NA,140,"LUKSUR","ALD"
49,"s9.dat",9,"t140",1,"3",951,"pseudorec","backw","HF","conc",NA,140,"UZGOT","VLD"
50,"s9.dat",9,"t8",0,"3",NA,"rec","backw","HF","abst","pojava",8,"AVAJOP","ALD"
50,"s9.dat",9,"t8",0,"3",NA,"rec","backw","HF","abst","pravda",8,"ADVARP","VLD"
51,"s9.dat",9,"t199",1,"3",791,"pseudorec","forw","HF","conc",NA,199,"BORDEP","ALD"
51,"s9.dat",9,"t199",1,"3",791,"pseudorec","forw","HF","conc",NA,199,"KLIPAĆ","VLD"
52,"s9.dat",9,"t70",1,"1",691,"rec","forw","HF","abst","briga",70,"BRIGA","ALD"
52,"s9.dat",9,"t70",1,"1",691,"rec","forw","HF","abst","napor",70,"NAPOR","VLD"
53,"s9.dat",9,"t123",1,"3",941,"pseudorec","backw","HF","abst",NA,123,"TIGAŠ","ALD"
53,"s9.dat",9,"t123",1,"3",941,"pseudorec","backw","HF","abst",NA,123,"NEUKUD","VLD"
54,"s9.dat",9,"t193",1,"3",781,"pseudorec","forw","HF","abst",NA,193,"JARAT","ALD"
54,"s9.dat",9,"t193",1,"3",781,"pseudorec","forw","HF","abst",NA,193,"PROLOZ","VLD"
55,"s9.dat",9,"t204",1,"3",1392,"pseudorec","forw","HF","conc",NA,204,"LENJIZ","ALD"
55,"s9.dat",9,"t204",1,"3",1392,"pseudorec","forw","HF","conc",NA,204,"BILIOD","VLD"
56,"s9.dat",9,"t182",1,"3",802,"pseudorec","forw","HF","abst",NA,182,"CVETIL","ALD"
56,"s9.dat",9,"t182",1,"3",802,"pseudorec","forw","HF","abst",NA,182,"DOLAŠ","VLD"
57,"s9.dat",9,"t154",1,"3",961,"pseudorec","backw","LF","abst",NA,154,"REZOL","ALD"
57,"s9.dat",9,"t154",1,"3",961,"pseudorec","backw","LF","abst",NA,154,"SKRON","VLD"
58,"s9.dat",9,"t184",0,"1",NA,"pseudorec","forw","HF","abst",NA,184,"BUBNJAC","ALD"
58,"s9.dat",9,"t184",0,"1",NA,"pseudorec","forw","HF","abst",NA,184,"JEDNJAZ","VLD"
59,"s9.dat",9,"t47",0,"None",NA,"rec","backw","LF","conc","spanać",47,"ĆANAPS","ALD"
59,"s9.dat",9,"t47",0,"None",NA,"rec","backw","LF","conc","pereca",47,"ACEREP","VLD"
61,"s9.dat",9,"t218",0,"None",NA,"pseudorec","forw","LF","abst",NA,218,"ROVAG","ALD"
61,"s9.dat",9,"t218",0,"None",NA,"pseudorec","forw","LF","abst",NA,218,"EPITEZ","VLD"
63,"s9.dat",9,"t142",1,"3",1392,"pseudorec","backw","HF","conc",NA,142,"ZUBID","ALD"
63,"s9.dat",9,"t142",1,"3",1392,"pseudorec","backw","HF","conc",NA,142,"KEDAP","VLD"
64,"s9.dat",9,"t231",1,"3",1292,"pseudorec","forw","LF","conc",NA,231,"MLEKAF","ALD"
64,"s9.dat",9,"t231",1,"3",1292,"pseudorec","forw","LF","conc",NA,231,"KENGUN","VLD"
65,"s9.dat",9,"t36",0,"3",NA,"rec","backw","LF","abst","idila",36,"ALIDI","ALD"
65,"s9.dat",9,"t36",0,"3",NA,"rec","backw","LF","abst","impuls",36,"SLUPMI","VLD"
66,"s9.dat",9,"t130",1,"3",1292,"pseudorec","backw","HF","abst",NA,130,"REPTIK","ALD"
66,"s9.dat",9,"t130",1,"3",1292,"pseudorec","backw","HF","abst",NA,130,"POVEJ","VLD"
67,"s9.dat",9,"t126",1,"3",911,"pseudorec","backw","HF","abst",NA,126,"KANAZ","ALD"
67,"s9.dat",9,"t126",1,"3",911,"pseudorec","backw","HF","abst",NA,126,"FELJTOZ","VLD"
68,"s9.dat",9,"t200",0,"None",NA,"pseudorec","forw","HF","conc",NA,200,"PROSAR","ALD"
68,"s9.dat",9,"t200",0,"None",NA,"pseudorec","forw","HF","conc",NA,200,"KOSMOR","VLD"
70,"s9.dat",9,"t113",1,"1",681,"rec","forw","LF","conc","alatka",113,"ALATKA","ALD"
70,"s9.dat",9,"t113",1,"1",681,"rec","forw","LF","conc","zebra",113,"ZEBRA","VLD"
71,"s9.dat",9,"t45",0,"3",NA,"rec","backw","LF","abst","pakost",45,"TSOKAP","ALD"
71,"s9.dat",9,"t45",0,"3",NA,"rec","backw","LF","abst","ishod",45,"DOHSI","VLD"
72,"s9.dat",9,"t85",1,"1",1202,"rec","forw","HF","conc","koleno",85,"KOLENO","ALD"
72,"s9.dat",9,"t85",1,"1",1202,"rec","forw","HF","conc","pepeo",85,"PEPEO","VLD"
73,"s9.dat",9,"t214",1,"3",861,"pseudorec","forw","LF","abst",NA,214,"PITOR","ALD"
73,"s9.dat",9,"t214",1,"3",861,"pseudorec","forw","LF","abst",NA,214,"PIJAD","VLD"
74,"s9.dat",9,"t58",1,"1",1211,"rec","backw","LF","conc","makaze",58,"EZAKAM","ALD"
74,"s9.dat",9,"t58",1,"1",1211,"rec","backw","LF","conc","banana",58,"ANANAB","VLD"
75,"s9.dat",9,"t62",1,"1",741,"rec","forw","HF","abst","izdaja",62,"IZDAJA","ALD"
75,"s9.dat",9,"t62",1,"1",741,"rec","forw","HF","abst","uzrok",62,"UZROK","VLD"
76,"s9.dat",9,"t112",1,"1",621,"rec","forw","LF","conc","zvečka",112,"ZVEČKA","ALD"
76,"s9.dat",9,"t112",1,"1",621,"rec","forw","LF","conc","torta",112,"TORTA","VLD"
77,"s9.dat",9,"t186",1,"3",1202,"pseudorec","forw","HF","abst",NA,186,"ZNALAB","ALD"
77,"s9.dat",9,"t186",1,"3",1202,"pseudorec","forw","HF","abst",NA,186,"MODUĐ","ALD"
78,"s9.dat",9,"t24",0,"None",NA,"rec","backw","HF","conc","breza",24,"AZERB","ALD"
78,"s9.dat",9,"t24",0,"None",NA,"rec","backw","HF","conc","leptir",24,"RITPEL","VLD"
80,"s9.dat",9,"t99",1,"1",1202,"rec","forw","LF","abst","otkaz",99,"OTKAZ","ALD"
80,"s9.dat",9,"t99",1,"1",1202,"rec","forw","LF","abst","zakup",99,"ZAKUP","VLD"
81,"s9.dat",9,"t82",1,"1",560,"rec","forw","HF","conc","kaput",82,"KAPUT","ALD"
81,"s9.dat",9,"t82",1,"1",560,"rec","forw","HF","conc","klavir",82,"KLAVIR","VLD"
82,"s9.dat",9,"t206",0,"None",NA,"pseudorec","forw","HF","conc",NA,206,"GLUPAR","ALD"
82,"s9.dat",9,"t206",0,"None",NA,"pseudorec","forw","HF","conc",NA,206,"ARHID","VLD"
84,"s9.dat",9,"t230",1,"3",1342,"pseudorec","forw","LF","conc",NA,230,"CINIB","ALD"
84,"s9.dat",9,"t230",1,"3",1342,"pseudorec","forw","LF","conc",NA,230,"KONZUP","VLD"
85,"s9.dat",9,"t220",1,"3",1282,"pseudorec","forw","LF","abst",NA,220,"PERAĐ","ALD"
85,"s9.dat",9,"t220",1,"3",1282,"pseudorec","forw","LF","abst",NA,220,"BUMBAG","VLD"
86,"s9.dat",9,"t26",0,"3",NA,"rec","backw","HF","conc","zmija",26,"AJIMZ","ALD"
86,"s9.dat",9,"t26",0,"3",NA,"rec","backw","HF","conc","jablan",26,"NALBAJ","VLD"
87,"s9.dat",9,"t223",0,"None",NA,"pseudorec","forw","LF","abst",NA,223,"OPILJAL","ALD"
87,"s9.dat",9,"t223",0,"None",NA,"pseudorec","forw","LF","abst",NA,223,"IZOTOC","VLD"
89,"s9.dat",9,"t56",0,"3",NA,"rec","backw","LF","conc","sirće",56,"EĆRIS","ALD"
89,"s9.dat",9,"t56",0,"3",NA,"rec","backw","LF","conc","kobra",56,"ARBOK","VLD"
90,"s9.dat",9,"t209",0,"1",NA,"pseudorec","forw","HF","conc",NA,209,"ARGOP","ALD"
90,"s9.dat",9,"t209",0,"1",NA,"pseudorec","forw","HF","conc",NA,209,"HARAK","VLD"
91,"s9.dat",9,"t98",1,"1",561,"rec","forw","LF","abst","slanje",98,"SLANJE","ALD"
91,"s9.dat",9,"t98",1,"1",561,"rec","forw","LF","abst","užitak",98,"UŽITAK","VLD"
92,"s9.dat",9,"t65",1,"1",631,"rec","forw","HF","abst","savest",65,"SAVEST","ALD"
92,"s9.dat",9,"t65",1,"1",631,"rec","forw","HF","abst","ideja",65,"IDEJA","VLD"
93,"s9.dat",9,"t30",0,"3",NA,"rec","backw","HF","conc","glava",30,"AVALG","ALD"
93,"s9.dat",9,"t30",0,"3",NA,"rec","backw","HF","conc","trava",30,"AVART","VLD"
94,"s9.dat",9,"t4",1,"1",1342,"rec","backw","HF","abst","namera",4,"AREMAN","ALD"
94,"s9.dat",9,"t4",1,"1",1342,"rec","backw","HF","abst","osveta",4,"ATEVSO","VLD"
95,"s9.dat",9,"t189",1,"3",1482,"pseudorec","forw","HF","abst",NA,189,"LOGOK","ALD"
95,"s9.dat",9,"t189",1,"3",1482,"pseudorec","forw","HF","abst",NA,189,"BEĆAŠ","VLD"
96,"s9.dat",9,"t88",1,"1",1102,"rec","forw","HF","conc","zgrada",88,"ZGRADA","ALD"
96,"s9.dat",9,"t88",1,"1",1102,"rec","forw","HF","conc","knjiga",88,"KNJIGA","VLD"
97,"s9.dat",9,"t34",0,"3",NA,"rec","backw","LF","abst","rizik",34,"KIZIR","ALD"
97,"s9.dat",9,"t34",0,"3",NA,"rec","backw","LF","abst","upliv",34,"VILPU","VLD"
98,"s9.dat",9,"t86",1,"1",772,"rec","forw","HF","conc","krevet",86,"KREVET","ALD"
98,"s9.dat",9,"t86",1,"1",772,"rec","forw","HF","conc","lopta",86,"LOPTA","VLD"
99,"s9.dat",9,"t169",1,"3",1051,"pseudorec","backw","LF","conc",NA,169,"GULAN","ALD"
99,"s9.dat",9,"t169",1,"3",1051,"pseudorec","backw","LF","conc",NA,169,"CIGAF","VLD"
100,"s9.dat",9,"t238",1,"3",1101,"pseudorec","forw","LF","conc",NA,238,"RASAL","ALD"
100,"s9.dat",9,"t238",1,"3",1101,"pseudorec","forw","LF","conc",NA,238,"JASTOM","VLD"
101,"s9.dat",9,"t188",1,"3",1452,"pseudorec","forw","HF","abst",NA,188,"TENOZ","ALD"
101,"s9.dat",9,"t188",1,"3",1452,"pseudorec","forw","HF","abst",NA,188,"KOKTEZ","VLD"
102,"s9.dat",9,"t163",1,"3",1042,"pseudorec","backw","LF","abst",NA,163,"BERBET","ALD"
102,"s9.dat",9,"t163",1,"3",1042,"pseudorec","backw","LF","abst",NA,163,"PRESEB","VLD"
103,"s9.dat",9,"t178",0,"None",NA,"pseudorec","backw","LF","conc",NA,178,"MANGUD","ALD"
103,"s9.dat",9,"t178",0,"None",NA,"pseudorec","backw","LF","conc",NA,178,"STALAV","VLD"
105,"s9.dat",9,"t69",1,"1",701,"rec","forw","HF","abst","znanje",69,"ZNANJE","ALD"
105,"s9.dat",9,"t69",1,"1",701,"rec","forw","HF","abst","sumnja",69,"SUMNJA","VLD"
106,"s9.dat",9,"t43",0,"3",NA,"rec","backw","LF","abst","požuda",43,"ADUŽOP","ALD"
106,"s9.dat",9,"t43",0,"3",NA,"rec","backw","LF","abst","namena",43,"ANEMAN","VLD"
107,"s9.dat",9,"t110",1,"1",801,"rec","forw","LF","conc","ranac",110,"RANAC","ALD"
107,"s9.dat",9,"t110",1,"1",801,"rec","forw","LF","conc","kliker",110,"KLIKER","VLD"
108,"s9.dat",9,"t19",0,"3",NA,"rec","backw","HF","conc","sekira",19,"ARIKES","ALD"
108,"s9.dat",9,"t19",0,"3",NA,"rec","backw","HF","conc","rakija",19,"AJIKAR","VLD"
109,"s9.dat",9,"t120",1,"1",581,"rec","forw","LF","conc","krljušt",120,"KRLJUŠT","ALD"
109,"s9.dat",9,"t120",1,"1",581,"rec","forw","LF","conc","olovka",120,"OLOVKA","VLD"
110,"s9.dat",9,"t117",1,"1",721,"rec","forw","LF","conc","kvaka",117,"KVAKA","ALD"
110,"s9.dat",9,"t117",1,"1",721,"rec","forw","LF","conc","šerpa",117,"ŠERPA","VLD"
111,"s9.dat",9,"t160",1,"3",741,"pseudorec","backw","LF","abst",NA,160,"ŠAFRAK","ALD"
111,"s9.dat",9,"t160",1,"3",741,"pseudorec","backw","LF","abst",NA,160,"GEOLOT","VLD"
112,"s9.dat",9,"t187",0,"1",NA,"pseudorec","forw","HF","abst",NA,187,"RASKIŠ","ALD"
112,"s9.dat",9,"t187",0,"1",NA,"pseudorec","forw","HF","abst",NA,187,"VEŠTAB","VLD"
113,"s9.dat",9,"t222",1,"3",882,"pseudorec","forw","LF","abst",NA,222,"BAROL","ALD"
113,"s9.dat",9,"t222",1,"3",882,"pseudorec","forw","LF","abst",NA,222,"TREGEN","VLD"
114,"s9.dat",9,"t185",1,"3",1001,"pseudorec","forw","HF","abst",NA,185,"FARMET","ALD"
114,"s9.dat",9,"t185",1,"3",1001,"pseudorec","forw","HF","abst",NA,185,"RABIĐ","ALD"
115,"s9.dat",9,"t55",0,"3",NA,"rec","backw","LF","conc","zumbul",55,"LUBMUZ","ALD"
115,"s9.dat",9,"t55",0,"3",NA,"rec","backw","LF","conc","kaktus",55,"SUTKAK","VLD"
116,"s9.dat",9,"t102",1,"1",711,"rec","forw","LF","abst","ljutnja",102,"LJUTNJA","ALD"
116,"s9.dat",9,"t102",1,"1",711,"rec","forw","LF","abst","profit",102,"PROFIT","VLD"
117,"s9.dat",9,"t108",1,"1",711,"rec","forw","LF","conc","tegla",108,"TEGLA","ALD"
117,"s9.dat",9,"t108",1,"1",711,"rec","forw","LF","conc","kompot",108,"KOMPOT","VLD"
118,"s9.dat",9,"t143",1,"3",1362,"pseudorec","backw","HF","conc",NA,143,"BRLOF","ALD"
118,"s9.dat",9,"t143",1,"3",1362,"pseudorec","backw","HF","conc",NA,143,"BATAZ","VLD"
119,"s9.dat",9,"t198",1,"3",952,"pseudorec","forw","HF","conc",NA,198,"GNJURAB","ALD"
119,"s9.dat",9,"t198",1,"3",952,"pseudorec","forw","HF","conc",NA,198,"NITKOZ","VLD"
120,"s9.dat",9,"t80",1,"1",661,"rec","forw","HF","conc","topola",80,"TOPOLA","ALD"
120,"s9.dat",9,"t80",1,"1",661,"rec","forw","HF","conc","grožĐ‘e",80,"GROŽĐE","ALD"
121,"s9.dat",9,"t205",1,"3",1032,"pseudorec","forw","HF","conc",NA,205,"PEŠKIG","ALD"
121,"s9.dat",9,"t205",1,"3",1032,"pseudorec","forw","HF","conc",NA,205,"EVNUB","VLD"
122,"s9.dat",9,"t116",1,"1",571,"rec","forw","LF","conc","konjak",116,"KONJAK","ALD"
122,"s9.dat",9,"t116",1,"1",571,"rec","forw","LF","conc","čaplja",116,"ČAPLJA","VLD"
123,"s9.dat",9,"t119",1,"1",651,"rec","forw","LF","conc","flauta",119,"FLAUTA","ALD"
123,"s9.dat",9,"t119",1,"1",651,"rec","forw","LF","conc","kecelja",119,"KECELJA","VLD"
124,"s9.dat",9,"t240",0,"1",NA,"pseudorec","forw","LF","conc",NA,240,"VOSKAB","ALD"
124,"s9.dat",9,"t240",0,"1",NA,"pseudorec","forw","LF","conc",NA,240,"TRILEN","VLD"
125,"s9.dat",9,"t234",1,"3",1382,"pseudorec","forw","LF","conc",NA,234,"MURAB","ALD"
125,"s9.dat",9,"t234",1,"3",1382,"pseudorec","forw","LF","conc",NA,234,"MA~OT","ALD"
126,"s9.dat",9,"t97",0,"3",NA,"rec","forw","LF","abst","bruka",97,"BRUKA","ALD"
126,"s9.dat",9,"t97",0,"3",NA,"rec","forw","LF","abst","manjak",97,"MANJAK","VLD"
127,"s9.dat",9,"t139",1,"3",1402,"pseudorec","backw","HF","conc",NA,139,"ZEJTIZ","ALD"
127,"s9.dat",9,"t139",1,"3",1402,"pseudorec","backw","HF","conc",NA,139,"HIBRIF","VLD"
128,"s9.dat",9,"t54",1,"1",1492,"rec","backw","LF","conc","klovn",54,"NVOLK","ALD"
128,"s9.dat",9,"t54",1,"1",1492,"rec","backw","LF","conc","štuka",54,"AKUTŠ","VLD"
129,"s9.dat",9,"t239",1,"3",1312,"pseudorec","forw","LF","conc",NA,239,"BIFTEM","ALD"
129,"s9.dat",9,"t239",1,"3",1312,"pseudorec","forw","LF","conc",NA,239,"RUNDOG","VLD"
130,"s9.dat",9,"t141",1,"3",1242,"pseudorec","backw","HF","conc",NA,141,"VODNIB","ALD"
130,"s9.dat",9,"t141",1,"3",1242,"pseudorec","backw","HF","conc",NA,141,"CIMEC","VLD"
131,"s9.dat",9,"t157",0,"None",NA,"pseudorec","backw","LF","abst",NA,157,"TITAČ","ALD"
131,"s9.dat",9,"t157",0,"None",NA,"pseudorec","backw","LF","abst",NA,157,"ŠAPTAK","VLD"
133,"s9.dat",9,"t61",1,"1",1041,"rec","forw","HF","abst","nemoć",61,"NEMOĆ","ALD"
133,"s9.dat",9,"t61",1,"1",1041,"rec","forw","HF","abst","sudba",61,"SUDBA","VLD"
134,"s9.dat",9,"t137",1,"3",861,"pseudorec","backw","HF","conc",NA,137,"POLEZ","ALD"
134,"s9.dat",9,"t137",1,"3",861,"pseudorec","backw","HF","conc",NA,137,"STICAP","VLD"
135,"s9.dat",9,"t195",0,"1",NA,"pseudorec","forw","HF","abst",NA,195,"SVEKAN","ALD"
135,"s9.dat",9,"t195",0,"1",NA,"pseudorec","forw","HF","abst",NA,195,"TOTEK","VLD"
136,"s9.dat",9,"t16",0,"3",NA,"rec","backw","HF","conc","jagoda",16,"ADOGAJ","ALD"
136,"s9.dat",9,"t16",0,"3",NA,"rec","backw","HF","conc","kutija",16,"AJITUK","VLD"
137,"s9.dat",9,"t31",0,"3",NA,"rec","backw","LF","abst","izazov",31,"VOZAZI","ALD"
137,"s9.dat",9,"t31",0,"3",NA,"rec","backw","LF","abst","etika",31,"AKITE","VLD"
138,"s9.dat",9,"t153",1,"3",871,"pseudorec","backw","LF","abst",NA,153,"PERŠUĐ","ALD"
138,"s9.dat",9,"t153",1,"3",871,"pseudorec","backw","LF","abst",NA,153,"LOSIOR","VLD"
139,"s9.dat",9,"t105",0,"3",NA,"rec","forw","LF","abst","logika",105,"LOGIKA","ALD"
139,"s9.dat",9,"t105",0,"3",NA,"rec","forw","LF","abst","oprez",105,"OPREZ","VLD"
140,"s9.dat",9,"t122",1,"3",1312,"pseudorec","backw","HF","abst",NA,122,"PREGIT","ALD"
140,"s9.dat",9,"t122",1,"3",1312,"pseudorec","backw","HF","abst",NA,122,"FETUP","VLD"
141,"s9.dat",9,"t87",1,"1",611,"rec","forw","HF","conc","pesak",87,"PESAK","ALD"
141,"s9.dat",9,"t87",1,"1",611,"rec","forw","HF","conc","staklo",87,"STAKLO","VLD"
142,"s9.dat",9,"t114",1,"1",531,"rec","forw","LF","conc","biber",114,"BIBER","ALD"
142,"s9.dat",9,"t114",1,"1",531,"rec","forw","LF","conc","liker",114,"LIKER","VLD"
143,"s9.dat",9,"t42",0,"3",NA,"rec","backw","LF","abst","ruglo",42,"OLGUR","ALD"
143,"s9.dat",9,"t42",0,"3",NA,"rec","backw","LF","abst","zamor",42,"ROMAZ","VLD"
144,"s9.dat",9,"t32",0,"3",NA,"rec","backw","LF","abst","gadost",32,"TSODAG","ALD"
144,"s9.dat",9,"t32",0,"3",NA,"rec","backw","LF","abst","dosluh",32,"HULSOD","VLD"
145,"s9.dat",9,"t129",0,"None",NA,"pseudorec","backw","HF","abst",NA,129,"AKTEF","ALD"
145,"s9.dat",9,"t129",0,"None",NA,"pseudorec","backw","HF","abst",NA,129,"AFEKAL","VLD"
147,"s9.dat",9,"t83",1,"1",721,"rec","forw","HF","conc","klupa",83,"KLUPA","ALD"
147,"s9.dat",9,"t83",1,"1",721,"rec","forw","HF","conc","zavesa",83,"ZAVESA","VLD"
148,"s9.dat",9,"t166",1,"3",982,"pseudorec","backw","LF","conc",NA,166,"SVETAF","ALD"
148,"s9.dat",9,"t166",1,"3",982,"pseudorec","backw","LF","conc",NA,166,"BIOLOR","VLD"
149,"s9.dat",9,"t134",1,"3",801,"pseudorec","backw","HF","abst",NA,134,"DIZEB","ALD"
149,"s9.dat",9,"t134",1,"3",801,"pseudorec","backw","HF","abst",NA,134,"LOTOG","VLD"
150,"s9.dat",9,"t217",1,"3",912,"pseudorec","forw","LF","abst",NA,217,"SERUP","ALD"
150,"s9.dat",9,"t217",1,"3",912,"pseudorec","forw","LF","abst",NA,217,"REZAG","VLD"
151,"s9.dat",9,"t216",0,"1",NA,"pseudorec","forw","LF","abst",NA,216,"SENJAT","ALD"
151,"s9.dat",9,"t216",0,"1",NA,"pseudorec","forw","LF","abst",NA,216,"IDIOB","VLD"
152,"s9.dat",9,"t197",0,"None",NA,"pseudorec","forw","HF","conc",NA,197,"SISAB","ALD"
152,"s9.dat",9,"t197",0,"None",NA,"pseudorec","forw","HF","conc",NA,197,"KLIKET","VLD"
154,"s9.dat",9,"t74",1,"1",611,"rec","forw","HF","abst","sreća",74,"SREĆA","ALD"
154,"s9.dat",9,"t74",1,"1",611,"rec","forw","HF","abst","odnos",74,"ODNOS","VLD"
155,"s9.dat",9,"t28",0,"3",NA,"rec","backw","HF","conc","livada",28,"ADAVIL","ALD"
155,"s9.dat",9,"t28",0,"3",NA,"rec","backw","HF","conc","slika",28,"AKILS","VLD"
156,"s9.dat",9,"t151",0,"None",NA,"pseudorec","backw","LF","abst",NA,151,"PRIZIT","ALD"
156,"s9.dat",9,"t151",0,"None",NA,"pseudorec","backw","LF","abst",NA,151,"PASAM","VLD"
158,"s9.dat",9,"t173",1,"3",791,"pseudorec","backw","LF","conc",NA,173,"IMPORK","ALD"
158,"s9.dat",9,"t173",1,"3",791,"pseudorec","backw","LF","conc",NA,173,"LENJOČ","VLD"
159,"s9.dat",9,"t147",1,"3",701,"pseudorec","backw","HF","conc",NA,147,"PATAR","ALD"
159,"s9.dat",9,"t147",1,"3",701,"pseudorec","backw","HF","conc",NA,147,"VELUT","VLD"
160,"s9.dat",9,"t21",0,"3",NA,"rec","backw","HF","conc","kapija",21,"AJIPAK","ALD"
160,"s9.dat",9,"t21",0,"3",NA,"rec","backw","HF","conc","galeb",21,"BELAG","VLD"
161,"s9.dat",9,"t84",1,"1",581,"rec","forw","HF","conc","sveća",84,"SVEĆA","ALD"
161,"s9.dat",9,"t84",1,"1",581,"rec","forw","HF","conc","školjka",84,"ŠKOLJKA","VLD"
162,"s9.dat",9,"t192",1,"3",831,"pseudorec","forw","HF","abst",NA,192,"OMLEZ","ALD"
162,"s9.dat",9,"t192",1,"3",831,"pseudorec","forw","HF","abst",NA,192,"IRVAB","VLD"
163,"s9.dat",9,"t9",0,"3",NA,"rec","backw","HF","abst","mašta",9,"ATŠAM","ALD"
163,"s9.dat",9,"t9",0,"3",NA,"rec","backw","HF","abst","razlog",9,"GOLZAR","VLD"
164,"s9.dat",9,"t5",1,"1",1031,"rec","backw","HF","abst","promet",5,"TEMORP","ALD"
164,"s9.dat",9,"t5",1,"1",1031,"rec","backw","HF","abst","žalost",5,"TSOLAŽ","VLD"
165,"s9.dat",9,"t67",1,"1",822,"rec","forw","HF","abst","sezona",67,"SEZONA","ALD"
165,"s9.dat",9,"t67",1,"1",822,"rec","forw","HF","abst","propis",67,"PROPIS","VLD"
166,"s9.dat",9,"t146",1,"3",721,"pseudorec","backw","HF","conc",NA,146,"FOSIK","ALD"
166,"s9.dat",9,"t146",1,"3",721,"pseudorec","backw","HF","conc",NA,146,"DRIPAG","VLD"
167,"s9.dat",9,"t73",1,"1",691,"rec","forw","HF","abst","zakon",73,"ZAKON","ALD"
167,"s9.dat",9,"t73",1,"1",691,"rec","forw","HF","abst","istina",73,"ISTINA","VLD"
168,"s9.dat",9,"t44",0,"3",NA,"rec","backw","LF","abst","zaplet",44,"TELPAZ","ALD"
168,"s9.dat",9,"t44",0,"3",NA,"rec","backw","LF","abst","sujeta",44,"ATEJUS","VLD"
169,"s9.dat",9,"t148",1,"3",932,"pseudorec","backw","HF","conc",NA,148,"PRELER","ALD"
169,"s9.dat",9,"t148",1,"3",932,"pseudorec","backw","HF","conc",NA,148,"BAZAP","VLD"
170,"s9.dat",9,"t6",0,"3",NA,"rec","backw","HF","abst","svrha",6,"AHRVS","ALD"
170,"s9.dat",9,"t6",0,"3",NA,"rec","backw","HF","abst","obnova",6,"AVONBO","VLD"
171,"s9.dat",9,"t165",1,"3",851,"pseudorec","backw","LF","abst",NA,165,"KARMIG","ALD"
171,"s9.dat",9,"t165",1,"3",851,"pseudorec","backw","LF","abst",NA,165,"SIRUL","VLD"
172,"s9.dat",9,"t168",1,"3",591,"pseudorec","backw","LF","conc",NA,168,"JELEP","ALD"
172,"s9.dat",9,"t168",1,"3",591,"pseudorec","backw","LF","conc",NA,168,"ĆUMEP","VLD"
173,"s9.dat",9,"t226",1,"3",912,"pseudorec","forw","LF","conc",NA,226,"BALZAL","ALD"
173,"s9.dat",9,"t226",1,"3",912,"pseudorec","forw","LF","conc",NA,226,"RITUAC","VLD"
174,"s9.dat",9,"t221",1,"3",911,"pseudorec","forw","LF","abst",NA,221,"KVARŠ","ALD"
174,"s9.dat",9,"t221",1,"3",911,"pseudorec","forw","LF","abst",NA,221,"CELEP","VLD"
175,"s9.dat",9,"t39",0,"None",NA,"rec","backw","LF","abst","trema",39,"AMERT","ALD"
175,"s9.dat",9,"t39",0,"None",NA,"rec","backw","LF","abst","pouka",39,"AKUOP","VLD"
177,"s9.dat",9,"t91",1,"1",541,"rec","forw","LF","abst","ucena",91,"UCENA","ALD"
177,"s9.dat",9,"t91",1,"1",541,"rec","forw","LF","abst","naboj",91,"NABOJ","VLD"
178,"s9.dat",9,"t17",0,"3",NA,"rec","backw","HF","conc","čekić",17,"ĆIKEČ","ALD"
178,"s9.dat",9,"t17",0,"3",NA,"rec","backw","HF","conc","smokva",17,"AVKOMS","VLD"
179,"s9.dat",9,"t219",1,"3",811,"pseudorec","forw","LF","abst",NA,219,"POKOB","ALD"
179,"s9.dat",9,"t219",1,"3",811,"pseudorec","forw","LF","abst",NA,219,"REDAF","VLD"
180,"s9.dat",9,"t92",1,"1",811,"rec","forw","LF","abst","epitet",92,"EPITET","ALD"
180,"s9.dat",9,"t92",1,"1",811,"rec","forw","LF","abst","intima",92,"INTIMA","VLD"
181,"s9.dat",9,"t162",1,"3",721,"pseudorec","backw","LF","abst",NA,162,"BAROZ","ALD"
181,"s9.dat",9,"t162",1,"3",721,"pseudorec","backw","LF","abst",NA,162,"NAKOČ","VLD"
182,"s9.dat",9,"t72",1,"1",571,"rec","forw","HF","abst","uslov",72,"USLOV","ALD"
182,"s9.dat",9,"t72",1,"1",571,"rec","forw","HF","abst","uspeh",72,"USPEH","VLD"
183,"s9.dat",9,"t51",0,"3",NA,"rec","backw","LF","conc","pekmez",51,"ZEMKEP","ALD"
183,"s9.dat",9,"t51",0,"3",NA,"rec","backw","LF","conc","šaran",51,"NARAŠ","VLD"
184,"s9.dat",9,"t196",1,"3",1121,"pseudorec","forw","HF","conc",NA,196,"SVRAL","ALD"
184,"s9.dat",9,"t196",1,"3",1121,"pseudorec","forw","HF","conc",NA,196,"BIZOK","VLD"
185,"s9.dat",9,"t59",1,"1",1292,"rec","backw","LF","conc","delfin",59,"NIFLED","ALD"
185,"s9.dat",9,"t59",1,"1",1292,"rec","backw","LF","conc","papuča",59,"AČUPAP","VLD"
186,"s9.dat",9,"t180",1,"3",941,"pseudorec","backw","LF","conc",NA,180,"RAZVOC","ALD"
186,"s9.dat",9,"t180",1,"3",941,"pseudorec","backw","LF","conc",NA,180,"FILTEB","VLD"
187,"s9.dat",9,"t53",0,"3",NA,"rec","backw","LF","conc","šnicla",53,"ALCINŠ","ALD"
187,"s9.dat",9,"t53",0,"3",NA,"rec","backw","LF","conc","salama",53,"AMALAS","VLD"
188,"s9.dat",9,"t172",0,"1",NA,"pseudorec","backw","LF","conc",NA,172,"MASEF","ALD"
188,"s9.dat",9,"t172",0,"1",NA,"pseudorec","backw","LF","conc",NA,172,"LIMIR","VLD"
189,"s9.dat",9,"t164",1,"3",651,"pseudorec","backw","LF","abst",NA,164,"SULTAK","ALD"
189,"s9.dat",9,"t164",1,"3",651,"pseudorec","backw","LF","abst",NA,164,"BILTEG","VLD"
190,"s9.dat",9,"t29",1,"1",1322,"rec","backw","HF","conc","kamen",29,"NEMAK","ALD"
190,"s9.dat",9,"t29",1,"1",1322,"rec","backw","HF","conc","cveće",29,"EĆEVC","VLD"
191,"s9.dat",9,"t232",1,"3",1221,"pseudorec","forw","LF","conc",NA,232,"TOALEB","ALD"
191,"s9.dat",9,"t232",1,"3",1221,"pseudorec","forw","LF","conc",NA,232,"FAZOR","VLD"
192,"s9.dat",9,"t40",0,"None",NA,"rec","backw","LF","abst","aspekt",40,"TKEPSA","ALD"
192,"s9.dat",9,"t40",0,"None",NA,"rec","backw","LF","abst","revolt",40,"TLOVER","VLD"
194,"s9.dat",9,"t191",1,"3",1342,"pseudorec","forw","HF","abst",NA,191,"BAMBUK","ALD"
194,"s9.dat",9,"t191",1,"3",1342,"pseudorec","forw","HF","abst",NA,191,"VERMUJ","VLD"
195,"s9.dat",9,"t175",0,"None",NA,"pseudorec","backw","LF","conc",NA,175,"UDOVAL","ALD"
195,"s9.dat",9,"t175",0,"None",NA,"pseudorec","backw","LF","conc",NA,175,"AKCENAŠ","VLD"
197,"s9.dat",9,"t128",1,"3",1001,"pseudorec","backw","HF","abst",NA,128,"TAJGUP","ALD"
197,"s9.dat",9,"t128",1,"3",1001,"pseudorec","backw","HF","abst",NA,128,"MASLAB","VLD"
198,"s9.dat",9,"t135",1,"3",1072,"pseudorec","backw","HF","abst",NA,135,"LEMUK","ALD"
198,"s9.dat",9,"t135",1,"3",1072,"pseudorec","backw","HF","abst",NA,135,"FALUČ","VLD"
199,"s9.dat",9,"t174",0,"1",NA,"pseudorec","backw","LF","conc",NA,174,"VOKAB","ALD"
199,"s9.dat",9,"t174",0,"1",NA,"pseudorec","backw","LF","conc",NA,174,"ZIDIB","VLD"
200,"s9.dat",9,"t15",1,"1",1232,"rec","backw","HF","abst","misao",15,"OASIM","ALD"
200,"s9.dat",9,"t15",1,"1",1232,"rec","backw","HF","abst","snaga",15,"AGANS","VLD"
201,"s9.dat",9,"t50",1,"1",690,"rec","backw","LF","conc","ananas",50,"SANANA","ALD"
201,"s9.dat",9,"t50",1,"1",690,"rec","backw","LF","conc","kajmak",50,"KAMJAK","VLD"
202,"s9.dat",9,"t150",1,"3",691,"pseudorec","backw","HF","conc",NA,150,"REKEB","ALD"
202,"s9.dat",9,"t150",1,"3",691,"pseudorec","backw","HF","conc",NA,150,"FLUIŠ","VLD"
203,"s9.dat",9,"t207",1,"3",1172,"pseudorec","forw","HF","conc",NA,207,"ZAREM","ALD"
203,"s9.dat",9,"t207",1,"3",1172,"pseudorec","forw","HF","conc",NA,207,"BONTOZ","VLD"
204,"s9.dat",9,"t136",1,"3",971,"pseudorec","backw","HF","conc",NA,136,"TURBAH","ALD"
204,"s9.dat",9,"t136",1,"3",971,"pseudorec","backw","HF","conc",NA,136,"AZBESČ","VLD"
205,"s9.dat",9,"t78",1,"1",731,"rec","forw","HF","conc","korito",78,"KORITO","ALD"
205,"s9.dat",9,"t78",1,"1",731,"rec","forw","HF","conc","jastuk",78,"JASTUK","VLD"
206,"s9.dat",9,"t156",1,"3",871,"pseudorec","backw","LF","abst",NA,156,"MINUR","ALD"
206,"s9.dat",9,"t156",1,"3",871,"pseudorec","backw","LF","abst",NA,156,"PUDINC","VLD"
207,"s9.dat",9,"t171",1,"3",1051,"pseudorec","backw","LF","conc",NA,171,"OTKLOR","ALD"
207,"s9.dat",9,"t171",1,"3",1051,"pseudorec","backw","LF","conc",NA,171,"FOKUJ","VLD"
208,"s9.dat",9,"t49",1,"1",1231,"rec","backw","LF","conc","jarac",49,"CARAJ","ALD"
208,"s9.dat",9,"t49",1,"1",1231,"rec","backw","LF","conc","pegla",49,"ALGEP","VLD"
209,"s9.dat",9,"t107",1,"1",821,"rec","forw","LF","conc","sarma",107,"SARMA","ALD"
209,"s9.dat",9,"t107",1,"1",821,"rec","forw","LF","conc","čioda",107,"ČIODA","VLD"
210,"s9.dat",9,"t76",1,"1",601,"rec","forw","HF","conc","tepih",76,"TEPIH","ALD"
210,"s9.dat",9,"t76",1,"1",601,"rec","forw","HF","conc","sapun",76,"SAPUN","VLD"
211,"s9.dat",9,"t118",1,"1",521,"rec","forw","LF","conc","rerna",118,"RERNA","ALD"
211,"s9.dat",9,"t118",1,"1",521,"rec","forw","LF","conc","kačket",118,"KAČKET","VLD"
212,"s9.dat",9,"t23",0,"3",NA,"rec","backw","HF","conc","odelo",23,"OLEDO","ALD"
212,"s9.dat",9,"t23",0,"3",NA,"rec","backw","HF","conc","blato",23,"OTALB","VLD"
213,"s9.dat",9,"t138",1,"3",1272,"pseudorec","backw","HF","conc",NA,138,"MAGNEG","ALD"
213,"s9.dat",9,"t138",1,"3",1272,"pseudorec","backw","HF","conc",NA,138,"KAPLAB","VLD"
214,"s9.dat",9,"t12",0,"3",NA,"rec","backw","HF","abst","nemir",12,"RIMEN","ALD"
214,"s9.dat",9,"t12",0,"3",NA,"rec","backw","HF","abst","pomoć",12,"ĆOMOP","VLD"
215,"s9.dat",9,"t111",1,"1",661,"rec","forw","LF","conc","perika",111,"PERIKA","ALD"
215,"s9.dat",9,"t111",1,"1",661,"rec","forw","LF","conc","pelena",111,"PELENA","VLD"
216,"s9.dat",9,"t152",0,"1",NA,"pseudorec","backw","LF","abst",NA,152,"KAJMAR","ALD"
216,"s9.dat",9,"t152",0,"1",NA,"pseudorec","backw","LF","abst",NA,152,"VEŠTAP","VLD"
217,"s9.dat",9,"t159",1,"3",981,"pseudorec","backw","LF","abst",NA,159,"MALEG","ALD"
217,"s9.dat",9,"t159",1,"3",981,"pseudorec","backw","LF","abst",NA,159,"MADAZ","VLD"
218,"s9.dat",9,"t71",1,"1",661,"rec","forw","HF","abst","slutnja",71,"SLUTNJA","ALD"
218,"s9.dat",9,"t71",1,"1",661,"rec","forw","HF","abst","razvoj",71,"RAZVOJ","VLD"
219,"s9.dat",9,"t79",1,"1",561,"rec","forw","HF","conc","marama",79,"MARAMA","ALD"
219,"s9.dat",9,"t79",1,"1",561,"rec","forw","HF","conc","kolica",79,"KOLICA","VLD"
220,"s9.dat",9,"t149",1,"3",962,"pseudorec","backw","HF","conc",NA,149,"KINIB","ALD"
220,"s9.dat",9,"t149",1,"3",962,"pseudorec","backw","HF","conc",NA,149,"VISAR","VLD"
221,"s9.dat",9,"t131",1,"3",931,"pseudorec","backw","HF","abst",NA,131,"PORIG","ALD"
221,"s9.dat",9,"t131",1,"3",931,"pseudorec","backw","HF","abst",NA,131,"PATROZ","VLD"
222,"s9.dat",9,"t37",1,"1",1462,"rec","backw","LF","abst","nužda",37,"ADŽUN","ALD"
222,"s9.dat",9,"t37",1,"1",1462,"rec","backw","LF","abst","pobuda",37,"ADUBOP","VLD"
223,"s9.dat",9,"t2",0,"3",NA,"rec","backw","HF","abst","dosada",2,"ADASOD","ALD"
223,"s9.dat",9,"t2",0,"3",NA,"rec","backw","HF","abst","pojam",2,"MAJOP","VLD"
224,"s9.dat",9,"t109",1,"1",961,"rec","forw","LF","conc","kiosk",109,"KIOSK","ALD"
224,"s9.dat",9,"t109",1,"1",961,"rec","forw","LF","conc","lavor",109,"LAVOR","VLD"
225,"s9.dat",9,"t124",1,"3",1101,"pseudorec","backw","HF","abst",NA,124,"SVINJAB","ALD"
225,"s9.dat",9,"t124",1,"3",1101,"pseudorec","backw","HF","abst",NA,124,"SPANAR","VLD"
226,"s9.dat",9,"t66",1,"1",661,"rec","forw","HF","abst","period",66,"PERIOD","ALD"
226,"s9.dat",9,"t66",1,"1",661,"rec","forw","HF","abst","otpor",66,"OTPOR","VLD"
227,"s9.dat",9,"t25",0,"3",NA,"rec","backw","HF","conc","jabuka",25,"AKUBAJ","ALD"
227,"s9.dat",9,"t25",0,"3",NA,"rec","backw","HF","conc","lanac",25,"CANAL","VLD"
228,"s9.dat",9,"t125",1,"3",801,"pseudorec","backw","HF","abst",NA,125,"PANCIT","ALD"
228,"s9.dat",9,"t125",1,"3",801,"pseudorec","backw","HF","abst",NA,125,"AKSIOK","VLD"
229,"s9.dat",9,"t208",1,"3",1301,"pseudorec","forw","HF","conc",NA,208,"GREJAP","ALD"
229,"s9.dat",9,"t208",1,"3",1301,"pseudorec","forw","HF","conc",NA,208,"TIKEN","VLD"
230,"s9.dat",9,"t177",1,"3",941,"pseudorec","backw","LF","conc",NA,177,"JERED","ALD"
230,"s9.dat",9,"t177",1,"3",941,"pseudorec","backw","LF","conc",NA,177,"MELED","VLD"
231,"s9.dat",9,"t106",1,"1",591,"rec","forw","LF","conc","jogurt",106,"JOGURT","ALD"
231,"s9.dat",9,"t106",1,"1",591,"rec","forw","LF","conc","kengur",106,"KENGUR","VLD"
232,"s9.dat",9,"t236",1,"3",921,"pseudorec","forw","LF","conc",NA,236,"UMNJAF","ALD"
232,"s9.dat",9,"t236",1,"3",921,"pseudorec","forw","LF","conc",NA,236,"HR~AN","ALD"
233,"s9.dat",9,"t161",1,"3",1052,"pseudorec","backw","LF","abst",NA,161,"VASKRM","ALD"
233,"s9.dat",9,"t161",1,"3",1052,"pseudorec","backw","LF","abst",NA,161,"SVIRAZ","VLD"
234,"s9.dat",9,"t35",0,"3",NA,"rec","backw","LF","abst","poenta",35,"ATNEOP","ALD"
234,"s9.dat",9,"t35",0,"3",NA,"rec","backw","LF","abst","raskid",35,"DIKSAR","VLD"
235,"s9.dat",9,"t38",0,"3",NA,"rec","backw","LF","abst","afera",38,"AREFA","ALD"
235,"s9.dat",9,"t38",0,"3",NA,"rec","backw","LF","abst","dogma",38,"AMGOD","VLD"
236,"s9.dat",9,"t33",0,"None",NA,"rec","backw","LF","abst","opoziv",33,"VIZOPO","ALD"
236,"s9.dat",9,"t33",0,"None",NA,"rec","backw","LF","abst","renome",33,"EMONER","VLD"
238,"s9.dat",9,"t3",0,"3",NA,"rec","backw","HF","abst","kriza",3,"AZIRK","ALD"
238,"s9.dat",9,"t3",0,"3",NA,"rec","backw","HF","abst","uticaj",3,"JACITU","VLD"
239,"s9.dat",9,"t64",1,"1",541,"rec","forw","HF","abst","pretnja",64,"PRETNJA","ALD"
239,"s9.dat",9,"t64",1,"1",541,"rec","forw","HF","abst","milost",64,"MILOST","VLD"
240,"s9.dat",9,"t213",1,"3",721,"pseudorec","forw","LF","abst",NA,213,"DOSLUZ","ALD"
240,"s9.dat",9,"t213",1,"3",721,"pseudorec","forw","LF","abst",NA,213,"ODVOC","VLD"
241,"s9.dat",9,"t104",1,"1",600,"rec","forw","LF","abst","divota",104,"DIVOTA","ALD"
241,"s9.dat",9,"t104",1,"1",600,"rec","forw","LF","abst","efekat",104,"EFEKAT","VLD"
242,"s9.dat",9,"t81",1,"1",541,"rec","forw","HF","conc","strela",81,"STRELA","ALD"
242,"s9.dat",9,"t81",1,"1",541,"rec","forw","HF","conc","kamion",81,"KAMION","VLD"
243,"s9.dat",9,"t75",1,"1",450,"rec","forw","HF","abst","radost",75,"RADOST","ALD"
243,"s9.dat",9,"t75",1,"1",450,"rec","forw","HF","abst","ljubav",75,"LJUBAV","VLD"
244,"s9.dat",9,"t48",0,"3",NA,"rec","backw","LF","conc","burek",48,"KERUB","ALD"
244,"s9.dat",9,"t48",0,"3",NA,"rec","backw","LF","conc","cucla",48,"ALCUC","VLD"
245,"s9.dat",9,"t211",1,"3",1322,"pseudorec","forw","LF","abst",NA,211,"KEPEN","ALD"
245,"s9.dat",9,"t211",1,"3",1322,"pseudorec","forw","LF","abst",NA,211,"FLUOŠ","VLD"
246,"s9.dat",9,"t176",1,"3",1162,"pseudorec","backw","LF","conc",NA,176,"PUTEF","ALD"
246,"s9.dat",9,"t176",1,"3",1162,"pseudorec","backw","LF","conc",NA,176,"NAGIR","VLD"
247,"s9.dat",9,"t101",1,"1",641,"rec","forw","LF","abst","domet",101,"DOMET","ALD"
247,"s9.dat",9,"t101",1,"1",641,"rec","forw","LF","abst","ispad",101,"ISPAD","VLD"
248,"s9.dat",9,"t233",1,"3",1002,"pseudorec","forw","LF","conc",NA,233,"DRZNIL","ALD"
248,"s9.dat",9,"t233",1,"3",1002,"pseudorec","forw","LF","conc",NA,233,"NAMAG","VLD"
249,"s9.dat",9,"t94",1,"1",621,"rec","forw","LF","abst","trenje",94,"TRENJE","ALD"
249,"s9.dat",9,"t94",1,"1",621,"rec","forw","LF","abst","deoba",94,"DEOBA","VLD"
250,"s9.dat",9,"t132",1,"3",842,"pseudorec","backw","HF","abst",NA,132,"NAZER","ALD"
250,"s9.dat",9,"t132",1,"3",842,"pseudorec","backw","HF","abst",NA,132,"AVANČ","VLD"
251,"s9.dat",9,"t158",1,"3",1131,"pseudorec","backw","LF","abst",NA,158,"KAJAC","ALD"
251,"s9.dat",9,"t158",1,"3",1131,"pseudorec","backw","LF","abst",NA,158,"ĆEVAK","VLD"
252,"s9.dat",9,"t115",1,"1",661,"rec","forw","LF","conc","božur",115,"BOŽUR","ALD"
252,"s9.dat",9,"t115",1,"1",661,"rec","forw","LF","conc","prase",115,"PRASE","VLD"
253,"s9.dat",9,"t181",1,"3",811,"pseudorec","forw","HF","abst",NA,181,"SOMUH","ALD"
253,"s9.dat",9,"t181",1,"3",811,"pseudorec","forw","HF","abst",NA,181,"TANIH","VLD"
254,"s9.dat",9,"t96",1,"1",711,"rec","forw","LF","abst","nerad",96,"NERAD","ALD"
254,"s9.dat",9,"t96",1,"1",711,"rec","forw","LF","abst","elita",96,"ELITA","VLD"
255,"s9.dat",9,"t60",0,"3",NA,"rec","backw","LF","conc","parket",60,"TEKRAP","ALD"
255,"s9.dat",9,"t60",0,"3",NA,"rec","backw","LF","conc","lopata",60,"ATAPOL","VLD"
256,"s9.dat",9,"t14",1,"1",1352,"rec","backw","HF","abst","posao",14,"OASOP","ALD"
256,"s9.dat",9,"t14",1,"1",1352,"rec","backw","HF","abst","strah",14,"HARTS","VLD"
257,"s9.dat",9,"t90",1,"1",661,"rec","forw","HF","conc","grana",90,"GRANA","ALD"
257,"s9.dat",9,"t90",1,"1",661,"rec","forw","HF","conc","ptica",90,"PTICA","VLD"
258,"s9.dat",9,"t202",1,"3",1182,"pseudorec","forw","HF","conc",NA,202,"ŠTANK","ALD"
258,"s9.dat",9,"t202",1,"3",1182,"pseudorec","forw","HF","conc",NA,202,"PANTEK","VLD"
259,"s9.dat",9,"t13",1,"1",1192,"rec","backw","HF","abst","samoća",13,"AĆOMAS","ALD"
259,"s9.dat",9,"t13",1,"1",1192,"rec","backw","HF","abst","tajna",13,"ANJAT","VLD"
260,"s9.dat",9,"t133",1,"3",1091,"pseudorec","backw","HF","abst",NA,133,"ŠTAPIZ","ALD"
260,"s9.dat",9,"t133",1,"3",1091,"pseudorec","backw","HF","abst",NA,133,"LIRIZ","VLD"
1,"s10.dat",10,"t78",1,"1",571,"rec","forw","HF","conc","korito",78,"KORITO","ALD"
1,"s10.dat",10,"t78",1,"1",571,"rec","forw","HF","conc","jastuk",78,"JASTUK","VLD"
2,"s10.dat",10,"t120",1,"1",580,"rec","forw","LF","conc","krljušt",120,"KRLJUŠT","ALD"
2,"s10.dat",10,"t120",1,"1",580,"rec","forw","LF","conc","olovka",120,"OLOVKA","VLD"
3,"s10.dat",10,"t178",1,"3",1452,"pseudorec","backw","LF","conc",NA,178,"MANGUD","ALD"
3,"s10.dat",10,"t178",1,"3",1452,"pseudorec","backw","LF","conc",NA,178,"STALAV","VLD"
4,"s10.dat",10,"t28",0,"None",NA,"rec","backw","HF","conc","livada",28,"ADAVIL","ALD"
4,"s10.dat",10,"t28",0,"None",NA,"rec","backw","HF","conc","slika",28,"AKILS","VLD"
6,"s10.dat",10,"t104",1,"1",661,"rec","forw","LF","abst","divota",104,"DIVOTA","ALD"
6,"s10.dat",10,"t104",1,"1",661,"rec","forw","LF","abst","efekat",104,"EFEKAT","VLD"
7,"s10.dat",10,"t186",1,"3",1262,"pseudorec","forw","HF","abst",NA,186,"ZNALAB","ALD"
7,"s10.dat",10,"t186",1,"3",1262,"pseudorec","forw","HF","abst",NA,186,"MODUĐ","ALD"
8,"s10.dat",10,"t171",1,"3",1012,"pseudorec","backw","LF","conc",NA,171,"OTKLOR","ALD"
8,"s10.dat",10,"t171",1,"3",1012,"pseudorec","backw","LF","conc",NA,171,"FOKUJ","VLD"
9,"s10.dat",10,"t56",0,"3",NA,"rec","backw","LF","conc","sirće",56,"EĆRIS","ALD"
9,"s10.dat",10,"t56",0,"3",NA,"rec","backw","LF","conc","kobra",56,"ARBOK","VLD"
10,"s10.dat",10,"t42",1,"1",1352,"rec","backw","LF","abst","ruglo",42,"OLGUR","ALD"
10,"s10.dat",10,"t42",1,"1",1352,"rec","backw","LF","abst","zamor",42,"ROMAZ","VLD"
11,"s10.dat",10,"t147",1,"3",1282,"pseudorec","backw","HF","conc",NA,147,"PATAR","ALD"
11,"s10.dat",10,"t147",1,"3",1282,"pseudorec","backw","HF","conc",NA,147,"VELUT","VLD"
12,"s10.dat",10,"t139",0,"None",NA,"pseudorec","backw","HF","conc",NA,139,"ZEJTIZ","ALD"
12,"s10.dat",10,"t139",0,"None",NA,"pseudorec","backw","HF","conc",NA,139,"HIBRIF","VLD"
14,"s10.dat",10,"t100",1,"1",741,"rec","forw","LF","abst","trpnja",100,"TRPNJA","ALD"
14,"s10.dat",10,"t100",1,"1",741,"rec","forw","LF","abst","raspon",100,"RASPON","VLD"
15,"s10.dat",10,"t199",1,"3",631,"pseudorec","forw","HF","conc",NA,199,"BORDEP","ALD"
15,"s10.dat",10,"t199",1,"3",631,"pseudorec","forw","HF","conc",NA,199,"KLIPAĆ","VLD"
16,"s10.dat",10,"t210",0,"1",NA,"pseudorec","forw","HF","conc",NA,210,"GORAZ","ALD"
16,"s10.dat",10,"t210",0,"1",NA,"pseudorec","forw","HF","conc",NA,210,"SATEP","VLD"
17,"s10.dat",10,"t41",0,"3",NA,"rec","backw","LF","abst","status",41,"SUTATS","ALD"
17,"s10.dat",10,"t41",0,"3",NA,"rec","backw","LF","abst","tegoba",41,"ABOGET","VLD"
18,"s10.dat",10,"t4",1,"1",1442,"rec","backw","HF","abst","namera",4,"AREMAN","ALD"
18,"s10.dat",10,"t4",1,"1",1442,"rec","backw","HF","abst","osveta",4,"ATEVSO","VLD"
19,"s10.dat",10,"t105",1,"1",741,"rec","forw","LF","abst","logika",105,"LOGIKA","ALD"
19,"s10.dat",10,"t105",1,"1",741,"rec","forw","LF","abst","oprez",105,"OPREZ","VLD"
20,"s10.dat",10,"t187",0,"None",NA,"pseudorec","forw","HF","abst",NA,187,"RASKIŠ","ALD"
20,"s10.dat",10,"t187",0,"None",NA,"pseudorec","forw","HF","abst",NA,187,"VEŠTAB","VLD"
22,"s10.dat",10,"t153",0,"1",NA,"pseudorec","backw","LF","abst",NA,153,"PERŠUĐ","ALD"
22,"s10.dat",10,"t153",0,"1",NA,"pseudorec","backw","LF","abst",NA,153,"LOSIOR","VLD"
23,"s10.dat",10,"t91",1,"1",611,"rec","forw","LF","abst","ucena",91,"UCENA","ALD"
23,"s10.dat",10,"t91",1,"1",611,"rec","forw","LF","abst","naboj",91,"NABOJ","VLD"
24,"s10.dat",10,"t132",1,"3",1081,"pseudorec","backw","HF","abst",NA,132,"NAZER","ALD"
24,"s10.dat",10,"t132",1,"3",1081,"pseudorec","backw","HF","abst",NA,132,"AVANČ","VLD"
25,"s10.dat",10,"t89",1,"1",530,"rec","forw","HF","conc","prozor",89,"PROZOR","ALD"
25,"s10.dat",10,"t89",1,"1",530,"rec","forw","HF","conc","vrata",89,"VRATA","VLD"
26,"s10.dat",10,"t156",1,"3",1061,"pseudorec","backw","LF","abst",NA,156,"MINUR","ALD"
26,"s10.dat",10,"t156",1,"3",1061,"pseudorec","backw","LF","abst",NA,156,"PUDINC","VLD"
27,"s10.dat",10,"t146",1,"3",941,"pseudorec","backw","HF","conc",NA,146,"FOSIK","ALD"
27,"s10.dat",10,"t146",1,"3",941,"pseudorec","backw","HF","conc",NA,146,"DRIPAG","VLD"
28,"s10.dat",10,"t10",1,"1",1282,"rec","backw","HF","abst","značaj",10,"JAČANZ","ALD"
28,"s10.dat",10,"t10",1,"1",1282,"rec","backw","HF","abst","svest",10,"TSEVS","VLD"
29,"s10.dat",10,"t205",1,"3",1362,"pseudorec","forw","HF","conc",NA,205,"PEŠKIG","ALD"
29,"s10.dat",10,"t205",1,"3",1362,"pseudorec","forw","HF","conc",NA,205,"EVNUB","VLD"
30,"s10.dat",10,"t133",1,"3",1422,"pseudorec","backw","HF","abst",NA,133,"ŠTAPIZ","ALD"
30,"s10.dat",10,"t133",1,"3",1422,"pseudorec","backw","HF","abst",NA,133,"LIRIZ","VLD"
31,"s10.dat",10,"t51",1,"1",1412,"rec","backw","LF","conc","pekmez",51,"ZEMKEP","ALD"
31,"s10.dat",10,"t51",1,"1",1412,"rec","backw","LF","conc","šaran",51,"NARAŠ","VLD"
32,"s10.dat",10,"t83",1,"1",661,"rec","forw","HF","conc","klupa",83,"KLUPA","ALD"
32,"s10.dat",10,"t83",1,"1",661,"rec","forw","HF","conc","zavesa",83,"ZAVESA","VLD"
33,"s10.dat",10,"t143",1,"3",1322,"pseudorec","backw","HF","conc",NA,143,"BRLOF","ALD"
33,"s10.dat",10,"t143",1,"3",1322,"pseudorec","backw","HF","conc",NA,143,"BATAZ","VLD"
34,"s10.dat",10,"t63",1,"1",891,"rec","forw","HF","abst","motiv",63,"MOTIV","ALD"
34,"s10.dat",10,"t63",1,"1",891,"rec","forw","HF","abst","celina",63,"CELINA","VLD"
35,"s10.dat",10,"t167",1,"3",1172,"pseudorec","backw","LF","conc",NA,167,"KOMFON","ALD"
35,"s10.dat",10,"t167",1,"3",1172,"pseudorec","backw","LF","conc",NA,167,"KARBOZ","VLD"
36,"s10.dat",10,"t54",1,"1",982,"rec","backw","LF","conc","klovn",54,"NVOLK","ALD"
36,"s10.dat",10,"t54",1,"1",982,"rec","backw","LF","conc","štuka",54,"AKUTŠ","VLD"
37,"s10.dat",10,"t23",0,"None",NA,"rec","backw","HF","conc","odelo",23,"OLEDO","ALD"
37,"s10.dat",10,"t23",0,"None",NA,"rec","backw","HF","conc","blato",23,"OTALB","VLD"
39,"s10.dat",10,"t68",1,"1",621,"rec","forw","HF","abst","izraz",68,"IZRAZ","ALD"
39,"s10.dat",10,"t68",1,"1",621,"rec","forw","HF","abst","utisak",68,"UTISAK","VLD"
40,"s10.dat",10,"t238",1,"3",1342,"pseudorec","forw","LF","conc",NA,238,"RASAL","ALD"
40,"s10.dat",10,"t238",1,"3",1342,"pseudorec","forw","LF","conc",NA,238,"JASTOM","VLD"
41,"s10.dat",10,"t123",0,"1",NA,"pseudorec","backw","HF","abst",NA,123,"TIGAŠ","ALD"
41,"s10.dat",10,"t123",0,"1",NA,"pseudorec","backw","HF","abst",NA,123,"NEUKUD","VLD"
42,"s10.dat",10,"t88",1,"1",591,"rec","forw","HF","conc","zgrada",88,"ZGRADA","ALD"
42,"s10.dat",10,"t88",1,"1",591,"rec","forw","HF","conc","knjiga",88,"KNJIGA","VLD"
43,"s10.dat",10,"t19",0,"3",NA,"rec","backw","HF","conc","sekira",19,"ARIKES","ALD"
43,"s10.dat",10,"t19",0,"3",NA,"rec","backw","HF","conc","rakija",19,"AJIKAR","VLD"
44,"s10.dat",10,"t125",0,"1",NA,"pseudorec","backw","HF","abst",NA,125,"PANCIT","ALD"
44,"s10.dat",10,"t125",0,"1",NA,"pseudorec","backw","HF","abst",NA,125,"AKSIOK","VLD"
45,"s10.dat",10,"t59",0,"None",NA,"rec","backw","LF","conc","delfin",59,"NIFLED","ALD"
45,"s10.dat",10,"t59",0,"None",NA,"rec","backw","LF","conc","papuča",59,"AČUPAP","VLD"
47,"s10.dat",10,"t64",1,"1",531,"rec","forw","HF","abst","pretnja",64,"PRETNJA","ALD"
47,"s10.dat",10,"t64",1,"1",531,"rec","forw","HF","abst","milost",64,"MILOST","VLD"
48,"s10.dat",10,"t151",1,"3",1342,"pseudorec","backw","LF","abst",NA,151,"PRIZIT","ALD"
48,"s10.dat",10,"t151",1,"3",1342,"pseudorec","backw","LF","abst",NA,151,"PASAM","VLD"
49,"s10.dat",10,"t29",0,"3",NA,"rec","backw","HF","conc","kamen",29,"NEMAK","ALD"
49,"s10.dat",10,"t29",0,"3",NA,"rec","backw","HF","conc","cveće",29,"EĆEVC","VLD"
50,"s10.dat",10,"t216",1,"3",1392,"pseudorec","forw","LF","abst",NA,216,"SENJAT","ALD"
50,"s10.dat",10,"t216",1,"3",1392,"pseudorec","forw","LF","abst",NA,216,"IDIOB","VLD"
51,"s10.dat",10,"t40",0,"None",NA,"rec","backw","LF","abst","aspekt",40,"TKEPSA","ALD"
51,"s10.dat",10,"t40",0,"None",NA,"rec","backw","LF","abst","revolt",40,"TLOVER","VLD"
53,"s10.dat",10,"t30",0,"3",NA,"rec","backw","HF","conc","glava",30,"AVALG","ALD"
53,"s10.dat",10,"t30",0,"3",NA,"rec","backw","HF","conc","trava",30,"AVART","VLD"
54,"s10.dat",10,"t193",1,"3",1202,"pseudorec","forw","HF","abst",NA,193,"JARAT","ALD"
54,"s10.dat",10,"t193",1,"3",1202,"pseudorec","forw","HF","abst",NA,193,"PROLOZ","VLD"
55,"s10.dat",10,"t118",1,"1",751,"rec","forw","LF","conc","rerna",118,"RERNA","ALD"
55,"s10.dat",10,"t118",1,"1",751,"rec","forw","LF","conc","kačket",118,"KAČKET","VLD"
56,"s10.dat",10,"t127",1,"3",1352,"pseudorec","backw","HF","abst",NA,127,"JAJNIL","ALD"
56,"s10.dat",10,"t127",1,"3",1352,"pseudorec","backw","HF","abst",NA,127,"RATLUZ","VLD"
57,"s10.dat",10,"t98",1,"1",530,"rec","forw","LF","abst","slanje",98,"SLANJE","ALD"
57,"s10.dat",10,"t98",1,"1",530,"rec","forw","LF","abst","užitak",98,"UŽITAK","VLD"
58,"s10.dat",10,"t85",1,"1",550,"rec","forw","HF","conc","koleno",85,"KOLENO","ALD"
58,"s10.dat",10,"t85",1,"1",550,"rec","forw","HF","conc","pepeo",85,"PEPEO","VLD"
59,"s10.dat",10,"t25",0,"3",NA,"rec","backw","HF","conc","jabuka",25,"AKUBAJ","ALD"
59,"s10.dat",10,"t25",0,"3",NA,"rec","backw","HF","conc","lanac",25,"CANAL","VLD"
60,"s10.dat",10,"t15",1,"1",1202,"rec","backw","HF","abst","misao",15,"OASIM","ALD"
60,"s10.dat",10,"t15",1,"1",1202,"rec","backw","HF","abst","snaga",15,"AGANS","VLD"
61,"s10.dat",10,"t32",0,"3",NA,"rec","backw","LF","abst","gadost",32,"TSODAG","ALD"
61,"s10.dat",10,"t32",0,"3",NA,"rec","backw","LF","abst","dosluh",32,"HULSOD","VLD"
62,"s10.dat",10,"t142",0,"None",NA,"pseudorec","backw","HF","conc",NA,142,"ZUBID","ALD"
62,"s10.dat",10,"t142",0,"None",NA,"pseudorec","backw","HF","conc",NA,142,"KEDAP","VLD"
64,"s10.dat",10,"t94",1,"1",842,"rec","forw","LF","abst","trenje",94,"TRENJE","ALD"
64,"s10.dat",10,"t94",1,"1",842,"rec","forw","LF","abst","deoba",94,"DEOBA","VLD"
65,"s10.dat",10,"t163",1,"3",931,"pseudorec","backw","LF","abst",NA,163,"BERBET","ALD"
65,"s10.dat",10,"t163",1,"3",931,"pseudorec","backw","LF","abst",NA,163,"PRESEB","VLD"
66,"s10.dat",10,"t189",0,"1",NA,"pseudorec","forw","HF","abst",NA,189,"LOGOK","ALD"
66,"s10.dat",10,"t189",0,"1",NA,"pseudorec","forw","HF","abst",NA,189,"BEĆAŠ","VLD"
67,"s10.dat",10,"t172",1,"3",1392,"pseudorec","backw","LF","conc",NA,172,"MASEF","ALD"
67,"s10.dat",10,"t172",1,"3",1392,"pseudorec","backw","LF","conc",NA,172,"LIMIR","VLD"
68,"s10.dat",10,"t219",1,"3",1272,"pseudorec","forw","LF","abst",NA,219,"POKOB","ALD"
68,"s10.dat",10,"t219",1,"3",1272,"pseudorec","forw","LF","abst",NA,219,"REDAF","VLD"
69,"s10.dat",10,"t124",1,"3",1122,"pseudorec","backw","HF","abst",NA,124,"SVINJAB","ALD"
69,"s10.dat",10,"t124",1,"3",1122,"pseudorec","backw","HF","abst",NA,124,"SPANAR","VLD"
70,"s10.dat",10,"t39",0,"3",NA,"rec","backw","LF","abst","trema",39,"AMERT","ALD"
70,"s10.dat",10,"t39",0,"3",NA,"rec","backw","LF","abst","pouka",39,"AKUOP","VLD"
71,"s10.dat",10,"t168",1,"3",941,"pseudorec","backw","LF","conc",NA,168,"JELEP","ALD"
71,"s10.dat",10,"t168",1,"3",941,"pseudorec","backw","LF","conc",NA,168,"ĆUMEP","VLD"
72,"s10.dat",10,"t65",1,"1",832,"rec","forw","HF","abst","savest",65,"SAVEST","ALD"
72,"s10.dat",10,"t65",1,"1",832,"rec","forw","HF","abst","ideja",65,"IDEJA","VLD"
73,"s10.dat",10,"t27",0,"3",NA,"rec","backw","HF","conc","stena",27,"ANETS","ALD"
73,"s10.dat",10,"t27",0,"3",NA,"rec","backw","HF","conc","mleko",27,"OKELM","VLD"
74,"s10.dat",10,"t222",1,"3",1392,"pseudorec","forw","LF","abst",NA,222,"BAROL","ALD"
74,"s10.dat",10,"t222",1,"3",1392,"pseudorec","forw","LF","abst",NA,222,"TREGEN","VLD"
75,"s10.dat",10,"t44",0,"3",NA,"rec","backw","LF","abst","zaplet",44,"TELPAZ","ALD"
75,"s10.dat",10,"t44",0,"3",NA,"rec","backw","LF","abst","sujeta",44,"ATEJUS","VLD"
76,"s10.dat",10,"t2",1,"1",821,"rec","backw","HF","abst","dosada",2,"ADASOD","ALD"
76,"s10.dat",10,"t2",1,"1",821,"rec","backw","HF","abst","pojam",2,"MAJOP","VLD"
77,"s10.dat",10,"t3",0,"3",NA,"rec","backw","HF","abst","kriza",3,"AZIRK","ALD"
77,"s10.dat",10,"t3",0,"3",NA,"rec","backw","HF","abst","uticaj",3,"JACITU","VLD"
78,"s10.dat",10,"t12",0,"3",NA,"rec","backw","HF","abst","nemir",12,"RIMEN","ALD"
78,"s10.dat",10,"t12",0,"3",NA,"rec","backw","HF","abst","pomoć",12,"ĆOMOP","VLD"
79,"s10.dat",10,"t228",1,"3",1091,"pseudorec","forw","LF","conc",NA,228,"ULKUG","ALD"
79,"s10.dat",10,"t228",1,"3",1091,"pseudorec","forw","LF","conc",NA,228,"FLANEG","VLD"
80,"s10.dat",10,"t81",1,"1",601,"rec","forw","HF","conc","strela",81,"STRELA","ALD"
80,"s10.dat",10,"t81",1,"1",601,"rec","forw","HF","conc","kamion",81,"KAMION","VLD"
81,"s10.dat",10,"t50",1,"1",561,"rec","backw","LF","conc","ananas",50,"SANANA","ALD"
81,"s10.dat",10,"t50",1,"1",561,"rec","backw","LF","conc","kajmak",50,"KAMJAK","VLD"
82,"s10.dat",10,"t26",0,"3",NA,"rec","backw","HF","conc","zmija",26,"AJIMZ","ALD"
82,"s10.dat",10,"t26",0,"3",NA,"rec","backw","HF","conc","jablan",26,"NALBAJ","VLD"
83,"s10.dat",10,"t236",0,"1",NA,"pseudorec","forw","LF","conc",NA,236,"UMNJAF","ALD"
83,"s10.dat",10,"t236",0,"1",NA,"pseudorec","forw","LF","conc",NA,236,"HR~AN","ALD"
84,"s10.dat",10,"t234",1,"3",1462,"pseudorec","forw","LF","conc",NA,234,"MURAB","ALD"
84,"s10.dat",10,"t234",1,"3",1462,"pseudorec","forw","LF","conc",NA,234,"MA~OT","ALD"
85,"s10.dat",10,"t96",1,"1",771,"rec","forw","LF","abst","nerad",96,"NERAD","ALD"
85,"s10.dat",10,"t96",1,"1",771,"rec","forw","LF","abst","elita",96,"ELITA","VLD"
86,"s10.dat",10,"t97",1,"1",822,"rec","forw","LF","abst","bruka",97,"BRUKA","ALD"
86,"s10.dat",10,"t97",1,"1",822,"rec","forw","LF","abst","manjak",97,"MANJAK","VLD"
87,"s10.dat",10,"t70",1,"1",711,"rec","forw","HF","abst","briga",70,"BRIGA","ALD"
87,"s10.dat",10,"t70",1,"1",711,"rec","forw","HF","abst","napor",70,"NAPOR","VLD"
88,"s10.dat",10,"t101",1,"1",541,"rec","forw","LF","abst","domet",101,"DOMET","ALD"
88,"s10.dat",10,"t101",1,"1",541,"rec","forw","LF","abst","ispad",101,"ISPAD","VLD"
89,"s10.dat",10,"t129",1,"3",1242,"pseudorec","backw","HF","abst",NA,129,"AKTEF","ALD"
89,"s10.dat",10,"t129",1,"3",1242,"pseudorec","backw","HF","abst",NA,129,"AFEKAL","VLD"
90,"s10.dat",10,"t206",0,"None",NA,"pseudorec","forw","HF","conc",NA,206,"GLUPAR","ALD"
90,"s10.dat",10,"t206",0,"None",NA,"pseudorec","forw","HF","conc",NA,206,"ARHID","VLD"
92,"s10.dat",10,"t137",1,"3",1442,"pseudorec","backw","HF","conc",NA,137,"POLEZ","ALD"
92,"s10.dat",10,"t137",1,"3",1442,"pseudorec","backw","HF","conc",NA,137,"STICAP","VLD"
93,"s10.dat",10,"t117",1,"1",751,"rec","forw","LF","conc","kvaka",117,"KVAKA","ALD"
93,"s10.dat",10,"t117",1,"1",751,"rec","forw","LF","conc","šerpa",117,"ŠERPA","VLD"
94,"s10.dat",10,"t7",0,"3",NA,"rec","backw","HF","abst","proces",7,"SECORP","ALD"
94,"s10.dat",10,"t7",0,"3",NA,"rec","backw","HF","abst","korist",7,"TSIROK","VLD"
95,"s10.dat",10,"t185",0,"None",NA,"pseudorec","forw","HF","abst",NA,185,"FARMET","ALD"
95,"s10.dat",10,"t185",0,"None",NA,"pseudorec","forw","HF","abst",NA,185,"RABIĐ","ALD"
97,"s10.dat",10,"t191",0,"None",NA,"pseudorec","forw","HF","abst",NA,191,"BAMBUK","ALD"
97,"s10.dat",10,"t191",0,"None",NA,"pseudorec","forw","HF","abst",NA,191,"VERMUJ","VLD"
99,"s10.dat",10,"t16",0,"None",NA,"rec","backw","HF","conc","jagoda",16,"ADOGAJ","ALD"
99,"s10.dat",10,"t16",0,"None",NA,"rec","backw","HF","conc","kutija",16,"AJITUK","VLD"
101,"s10.dat",10,"t113",1,"1",721,"rec","forw","LF","conc","alatka",113,"ALATKA","ALD"
101,"s10.dat",10,"t113",1,"1",721,"rec","forw","LF","conc","zebra",113,"ZEBRA","VLD"
102,"s10.dat",10,"t157",0,"None",NA,"pseudorec","backw","LF","abst",NA,157,"TITAČ","ALD"
102,"s10.dat",10,"t157",0,"None",NA,"pseudorec","backw","LF","abst",NA,157,"ŠAPTAK","VLD"
104,"s10.dat",10,"t114",1,"1",641,"rec","forw","LF","conc","biber",114,"BIBER","ALD"
104,"s10.dat",10,"t114",1,"1",641,"rec","forw","LF","conc","liker",114,"LIKER","VLD"
105,"s10.dat",10,"t176",1,"3",861,"pseudorec","backw","LF","conc",NA,176,"PUTEF","ALD"
105,"s10.dat",10,"t176",1,"3",861,"pseudorec","backw","LF","conc",NA,176,"NAGIR","VLD"
106,"s10.dat",10,"t18",1,"1",1261,"rec","backw","HF","conc","brašno",18,"ONŠARB","ALD"
106,"s10.dat",10,"t18",1,"1",1261,"rec","backw","HF","conc","sanduk",18,"KUDNAS","VLD"
107,"s10.dat",10,"t77",1,"1",681,"rec","forw","HF","conc","točak",77,"TOČAK","ALD"
107,"s10.dat",10,"t77",1,"1",681,"rec","forw","HF","conc","kesten",77,"KESTEN","VLD"
108,"s10.dat",10,"t155",0,"1",NA,"pseudorec","backw","LF","abst",NA,155,"MIKROZ","ALD"
108,"s10.dat",10,"t155",0,"1",NA,"pseudorec","backw","LF","abst",NA,155,"KAUBOT","VLD"
109,"s10.dat",10,"t130",0,"None",NA,"pseudorec","backw","HF","abst",NA,130,"REPTIK","ALD"
109,"s10.dat",10,"t130",0,"None",NA,"pseudorec","backw","HF","abst",NA,130,"POVEJ","VLD"
111,"s10.dat",10,"t109",1,"1",771,"rec","forw","LF","conc","kiosk",109,"KIOSK","ALD"
111,"s10.dat",10,"t109",1,"1",771,"rec","forw","LF","conc","lavor",109,"LAVOR","VLD"
112,"s10.dat",10,"t79",1,"1",581,"rec","forw","HF","conc","marama",79,"MARAMA","ALD"
112,"s10.dat",10,"t79",1,"1",581,"rec","forw","HF","conc","kolica",79,"KOLICA","VLD"
113,"s10.dat",10,"t192",1,"3",751,"pseudorec","forw","HF","abst",NA,192,"OMLEZ","ALD"
113,"s10.dat",10,"t192",1,"3",751,"pseudorec","forw","HF","abst",NA,192,"IRVAB","VLD"
114,"s10.dat",10,"t20",1,"1",1141,"rec","backw","HF","conc","cipela",20,"ALEPIC","ALD"
114,"s10.dat",10,"t20",1,"1",1141,"rec","backw","HF","conc","konac",20,"CANOK","VLD"
115,"s10.dat",10,"t119",1,"1",691,"rec","forw","LF","conc","flauta",119,"FLAUTA","ALD"
115,"s10.dat",10,"t119",1,"1",691,"rec","forw","LF","conc","kecelja",119,"KECELJA","VLD"
116,"s10.dat",10,"t160",1,"3",741,"pseudorec","backw","LF","abst",NA,160,"ŠAFRAK","ALD"
116,"s10.dat",10,"t160",1,"3",741,"pseudorec","backw","LF","abst",NA,160,"GEOLOT","VLD"
117,"s10.dat",10,"t181",0,"None",NA,"pseudorec","forw","HF","abst",NA,181,"SOMUH","ALD"
117,"s10.dat",10,"t181",0,"None",NA,"pseudorec","forw","HF","abst",NA,181,"TANIH","VLD"
119,"s10.dat",10,"t74",1,"1",621,"rec","forw","HF","abst","sreća",74,"SREĆA","ALD"
119,"s10.dat",10,"t74",1,"1",621,"rec","forw","HF","abst","odnos",74,"ODNOS","VLD"
120,"s10.dat",10,"t207",1,"3",1002,"pseudorec","forw","HF","conc",NA,207,"ZAREM","ALD"
120,"s10.dat",10,"t207",1,"3",1002,"pseudorec","forw","HF","conc",NA,207,"BONTOZ","VLD"
121,"s10.dat",10,"t134",0,"1",NA,"pseudorec","backw","HF","abst",NA,134,"DIZEB","ALD"
121,"s10.dat",10,"t134",0,"1",NA,"pseudorec","backw","HF","abst",NA,134,"LOTOG","VLD"
122,"s10.dat",10,"t200",1,"3",1212,"pseudorec","forw","HF","conc",NA,200,"PROSAR","ALD"
122,"s10.dat",10,"t200",1,"3",1212,"pseudorec","forw","HF","conc",NA,200,"KOSMOR","VLD"
123,"s10.dat",10,"t150",0,"None",NA,"pseudorec","backw","HF","conc",NA,150,"REKEB","ALD"
123,"s10.dat",10,"t150",0,"None",NA,"pseudorec","backw","HF","conc",NA,150,"FLUIŠ","VLD"
125,"s10.dat",10,"t92",1,"1",952,"rec","forw","LF","abst","epitet",92,"EPITET","ALD"
125,"s10.dat",10,"t92",1,"1",952,"rec","forw","LF","abst","intima",92,"INTIMA","VLD"
126,"s10.dat",10,"t46",0,"3",NA,"rec","backw","LF","conc","maslac",46,"CALSAM","ALD"
126,"s10.dat",10,"t46",0,"3",NA,"rec","backw","LF","conc","cvekla",46,"ALKEVC","VLD"
127,"s10.dat",10,"t197",1,"3",891,"pseudorec","forw","HF","conc",NA,197,"SISAB","ALD"
127,"s10.dat",10,"t197",1,"3",891,"pseudorec","forw","HF","conc",NA,197,"KLIKET","VLD"
128,"s10.dat",10,"t49",0,"3",NA,"rec","backw","LF","conc","jarac",49,"CARAJ","ALD"
128,"s10.dat",10,"t49",0,"3",NA,"rec","backw","LF","conc","pegla",49,"ALGEP","VLD"
129,"s10.dat",10,"t108",1,"1",711,"rec","forw","LF","conc","tegla",108,"TEGLA","ALD"
129,"s10.dat",10,"t108",1,"1",711,"rec","forw","LF","conc","kompot",108,"KOMPOT","VLD"
130,"s10.dat",10,"t103",1,"1",851,"rec","forw","LF","abst","fizika",103,"FIZIKA","ALD"
130,"s10.dat",10,"t103",1,"1",851,"rec","forw","LF","abst","nedelo",103,"NEDELO","VLD"
131,"s10.dat",10,"t180",1,"3",1042,"pseudorec","backw","LF","conc",NA,180,"RAZVOC","ALD"
131,"s10.dat",10,"t180",1,"3",1042,"pseudorec","backw","LF","conc",NA,180,"FILTEB","VLD"
132,"s10.dat",10,"t135",0,"1",NA,"pseudorec","backw","HF","abst",NA,135,"LEMUK","ALD"
132,"s10.dat",10,"t135",0,"1",NA,"pseudorec","backw","HF","abst",NA,135,"FALUČ","VLD"
133,"s10.dat",10,"t231",0,"1",NA,"pseudorec","forw","LF","conc",NA,231,"MLEKAF","ALD"
133,"s10.dat",10,"t231",0,"1",NA,"pseudorec","forw","LF","conc",NA,231,"KENGUN","VLD"
134,"s10.dat",10,"t110",1,"1",701,"rec","forw","LF","conc","ranac",110,"RANAC","ALD"
134,"s10.dat",10,"t110",1,"1",701,"rec","forw","LF","conc","kliker",110,"KLIKER","VLD"
135,"s10.dat",10,"t202",1,"3",1131,"pseudorec","forw","HF","conc",NA,202,"ŠTANK","ALD"
135,"s10.dat",10,"t202",1,"3",1131,"pseudorec","forw","HF","conc",NA,202,"PANTEK","VLD"
136,"s10.dat",10,"t67",1,"1",711,"rec","forw","HF","abst","sezona",67,"SEZONA","ALD"
136,"s10.dat",10,"t67",1,"1",711,"rec","forw","HF","abst","propis",67,"PROPIS","VLD"
137,"s10.dat",10,"t173",1,"3",991,"pseudorec","backw","LF","conc",NA,173,"IMPORK","ALD"
137,"s10.dat",10,"t173",1,"3",991,"pseudorec","backw","LF","conc",NA,173,"LENJOČ","VLD"
138,"s10.dat",10,"t55",0,"3",NA,"rec","backw","LF","conc","zumbul",55,"LUBMUZ","ALD"
138,"s10.dat",10,"t55",0,"3",NA,"rec","backw","LF","conc","kaktus",55,"SUTKAK","VLD"
139,"s10.dat",10,"t164",0,"None",NA,"pseudorec","backw","LF","abst",NA,164,"SULTAK","ALD"
139,"s10.dat",10,"t164",0,"None",NA,"pseudorec","backw","LF","abst",NA,164,"BILTEG","VLD"
141,"s10.dat",10,"t175",1,"3",1222,"pseudorec","backw","LF","conc",NA,175,"UDOVAL","ALD"
141,"s10.dat",10,"t175",1,"3",1222,"pseudorec","backw","LF","conc",NA,175,"AKCENAŠ","VLD"
142,"s10.dat",10,"t226",1,"3",721,"pseudorec","forw","LF","conc",NA,226,"BALZAL","ALD"
142,"s10.dat",10,"t226",1,"3",721,"pseudorec","forw","LF","conc",NA,226,"RITUAC","VLD"
143,"s10.dat",10,"t99",1,"1",791,"rec","forw","LF","abst","otkaz",99,"OTKAZ","ALD"
143,"s10.dat",10,"t99",1,"1",791,"rec","forw","LF","abst","zakup",99,"ZAKUP","VLD"
144,"s10.dat",10,"t95",0,"3",NA,"rec","forw","LF","abst","apsurd",95,"APSURD","ALD"
144,"s10.dat",10,"t95",0,"3",NA,"rec","forw","LF","abst","opseg",95,"OPSEG","VLD"
145,"s10.dat",10,"t53",1,"1",1362,"rec","backw","LF","conc","šnicla",53,"ALCINŠ","ALD"
145,"s10.dat",10,"t53",1,"1",1362,"rec","backw","LF","conc","salama",53,"AMALAS","VLD"
146,"s10.dat",10,"t22",1,"1",1222,"rec","backw","HF","conc","čamac",22,"CAMAČ","ALD"
146,"s10.dat",10,"t22",1,"1",1222,"rec","backw","HF","conc","hrast",22,"TSARH","VLD"
147,"s10.dat",10,"t121",0,"1",NA,"pseudorec","backw","HF","abst",NA,121,"TROVAB","ALD"
147,"s10.dat",10,"t121",0,"1",NA,"pseudorec","backw","HF","abst",NA,121,"KORDOB","VLD"
148,"s10.dat",10,"t190",1,"3",1231,"pseudorec","forw","HF","abst",NA,190,"ŠVERG","ALD"
148,"s10.dat",10,"t190",1,"3",1231,"pseudorec","forw","HF","abst",NA,190,"METAT","VLD"
149,"s10.dat",10,"t198",1,"3",1181,"pseudorec","forw","HF","conc",NA,198,"GNJURAB","ALD"
149,"s10.dat",10,"t198",1,"3",1181,"pseudorec","forw","HF","conc",NA,198,"NITKOZ","VLD"
150,"s10.dat",10,"t45",1,"1",1191,"rec","backw","LF","abst","pakost",45,"TSOKAP","ALD"
150,"s10.dat",10,"t45",1,"1",1191,"rec","backw","LF","abst","ishod",45,"DOHSI","VLD"
151,"s10.dat",10,"t196",1,"3",1021,"pseudorec","forw","HF","conc",NA,196,"SVRAL","ALD"
151,"s10.dat",10,"t196",1,"3",1021,"pseudorec","forw","HF","conc",NA,196,"BIZOK","VLD"
152,"s10.dat",10,"t165",1,"3",961,"pseudorec","backw","LF","abst",NA,165,"KARMIG","ALD"
152,"s10.dat",10,"t165",1,"3",961,"pseudorec","backw","LF","abst",NA,165,"SIRUL","VLD"
153,"s10.dat",10,"t115",1,"1",832,"rec","forw","LF","conc","božur",115,"BOŽUR","ALD"
153,"s10.dat",10,"t115",1,"1",832,"rec","forw","LF","conc","prase",115,"PRASE","VLD"
154,"s10.dat",10,"t34",0,"3",NA,"rec","backw","LF","abst","rizik",34,"KIZIR","ALD"
154,"s10.dat",10,"t34",0,"3",NA,"rec","backw","LF","abst","upliv",34,"VILPU","VLD"
155,"s10.dat",10,"t145",0,"1",NA,"pseudorec","backw","HF","conc",NA,145,"TREZOB","ALD"
155,"s10.dat",10,"t145",0,"1",NA,"pseudorec","backw","HF","conc",NA,145,"HAMEŠ","VLD"
156,"s10.dat",10,"t116",1,"1",931,"rec","forw","LF","conc","konjak",116,"KONJAK","ALD"
156,"s10.dat",10,"t116",1,"1",931,"rec","forw","LF","conc","čaplja",116,"ČAPLJA","VLD"
157,"s10.dat",10,"t161",1,"3",771,"pseudorec","backw","LF","abst",NA,161,"VASKRM","ALD"
157,"s10.dat",10,"t161",1,"3",771,"pseudorec","backw","LF","abst",NA,161,"SVIRAZ","VLD"
158,"s10.dat",10,"t177",1,"3",1181,"pseudorec","backw","LF","conc",NA,177,"JERED","ALD"
158,"s10.dat",10,"t177",1,"3",1181,"pseudorec","backw","LF","conc",NA,177,"MELED","VLD"
159,"s10.dat",10,"t58",1,"1",851,"rec","backw","LF","conc","makaze",58,"EZAKAM","ALD"
159,"s10.dat",10,"t58",1,"1",851,"rec","backw","LF","conc","banana",58,"ANANAB","VLD"
160,"s10.dat",10,"t6",0,"3",NA,"rec","backw","HF","abst","svrha",6,"AHRVS","ALD"
160,"s10.dat",10,"t6",0,"3",NA,"rec","backw","HF","abst","obnova",6,"AVONBO","VLD"
161,"s10.dat",10,"t182",1,"3",1342,"pseudorec","forw","HF","abst",NA,182,"CVETIL","ALD"
161,"s10.dat",10,"t182",1,"3",1342,"pseudorec","forw","HF","abst",NA,182,"DOLAŠ","VLD"
162,"s10.dat",10,"t126",1,"3",1201,"pseudorec","backw","HF","abst",NA,126,"KANAZ","ALD"
162,"s10.dat",10,"t126",1,"3",1201,"pseudorec","backw","HF","abst",NA,126,"FELJTOZ","VLD"
163,"s10.dat",10,"t128",0,"1",NA,"pseudorec","backw","HF","abst",NA,128,"TAJGUP","ALD"
163,"s10.dat",10,"t128",0,"1",NA,"pseudorec","backw","HF","abst",NA,128,"MASLAB","VLD"
164,"s10.dat",10,"t62",1,"1",771,"rec","forw","HF","abst","izdaja",62,"IZDAJA","ALD"
164,"s10.dat",10,"t62",1,"1",771,"rec","forw","HF","abst","uzrok",62,"UZROK","VLD"
165,"s10.dat",10,"t174",1,"3",1161,"pseudorec","backw","LF","conc",NA,174,"VOKAB","ALD"
165,"s10.dat",10,"t174",1,"3",1161,"pseudorec","backw","LF","conc",NA,174,"ZIDIB","VLD"
166,"s10.dat",10,"t82",1,"1",701,"rec","forw","HF","conc","kaput",82,"KAPUT","ALD"
166,"s10.dat",10,"t82",1,"1",701,"rec","forw","HF","conc","klavir",82,"KLAVIR","VLD"
167,"s10.dat",10,"t235",1,"3",771,"pseudorec","forw","LF","conc",NA,235,"EGZIČ","ALD"
167,"s10.dat",10,"t235",1,"3",771,"pseudorec","forw","LF","conc",NA,235,"MAHET","VLD"
168,"s10.dat",10,"t76",0,"3",NA,"rec","forw","HF","conc","tepih",76,"TEPIH","ALD"
168,"s10.dat",10,"t76",0,"3",NA,"rec","forw","HF","conc","sapun",76,"SAPUN","VLD"
169,"s10.dat",10,"t208",1,"3",691,"pseudorec","forw","HF","conc",NA,208,"GREJAP","ALD"
169,"s10.dat",10,"t208",1,"3",691,"pseudorec","forw","HF","conc",NA,208,"TIKEN","VLD"
170,"s10.dat",10,"t194",1,"3",922,"pseudorec","forw","HF","abst",NA,194,"SONAĐ","ALD"
170,"s10.dat",10,"t194",1,"3",922,"pseudorec","forw","HF","abst",NA,194,"ŠPRIĐ","ALD"
171,"s10.dat",10,"t43",1,"1",1072,"rec","backw","LF","abst","požuda",43,"ADUŽOP","ALD"
171,"s10.dat",10,"t43",1,"1",1072,"rec","backw","LF","abst","namena",43,"ANEMAN","VLD"
172,"s10.dat",10,"t87",1,"1",641,"rec","forw","HF","conc","pesak",87,"PESAK","ALD"
172,"s10.dat",10,"t87",1,"1",641,"rec","forw","HF","conc","staklo",87,"STAKLO","VLD"
173,"s10.dat",10,"t112",1,"1",511,"rec","forw","LF","conc","zvečka",112,"ZVEČKA","ALD"
173,"s10.dat",10,"t112",1,"1",511,"rec","forw","LF","conc","torta",112,"TORTA","VLD"
174,"s10.dat",10,"t57",1,"1",651,"rec","backw","LF","conc","ekser",57,"RESKE","ALD"
174,"s10.dat",10,"t57",1,"1",651,"rec","backw","LF","conc","kokos",57,"SOKOK","VLD"
175,"s10.dat",10,"t106",1,"1",641,"rec","forw","LF","conc","jogurt",106,"JOGURT","ALD"
175,"s10.dat",10,"t106",1,"1",641,"rec","forw","LF","conc","kengur",106,"KENGUR","VLD"
176,"s10.dat",10,"t170",1,"3",941,"pseudorec","backw","LF","conc",NA,170,"PORTIN","ALD"
176,"s10.dat",10,"t170",1,"3",941,"pseudorec","backw","LF","conc",NA,170,"ŠESTAM","VLD"
177,"s10.dat",10,"t37",0,"3",NA,"rec","backw","LF","abst","nužda",37,"ADŽUN","ALD"
177,"s10.dat",10,"t37",0,"3",NA,"rec","backw","LF","abst","pobuda",37,"ADUBOP","VLD"
178,"s10.dat",10,"t111",1,"1",591,"rec","forw","LF","conc","perika",111,"PERIKA","ALD"
178,"s10.dat",10,"t111",1,"1",591,"rec","forw","LF","conc","pelena",111,"PELENA","VLD"
179,"s10.dat",10,"t33",0,"3",NA,"rec","backw","LF","abst","opoziv",33,"VIZOPO","ALD"
179,"s10.dat",10,"t33",0,"3",NA,"rec","backw","LF","abst","renome",33,"EMONER","VLD"
180,"s10.dat",10,"t230",1,"3",1252,"pseudorec","forw","LF","conc",NA,230,"CINIB","ALD"
180,"s10.dat",10,"t230",1,"3",1252,"pseudorec","forw","LF","conc",NA,230,"KONZUP","VLD"
181,"s10.dat",10,"t60",0,"3",NA,"rec","backw","LF","conc","parket",60,"TEKRAP","ALD"
181,"s10.dat",10,"t60",0,"3",NA,"rec","backw","LF","conc","lopata",60,"ATAPOL","VLD"
182,"s10.dat",10,"t140",1,"3",1362,"pseudorec","backw","HF","conc",NA,140,"LUKSUR","ALD"
182,"s10.dat",10,"t140",1,"3",1362,"pseudorec","backw","HF","conc",NA,140,"UZGOT","VLD"
183,"s10.dat",10,"t144",1,"3",691,"pseudorec","backw","HF","conc",NA,144,"MASIT","ALD"
183,"s10.dat",10,"t144",1,"3",691,"pseudorec","backw","HF","conc",NA,144,"SLANIB","VLD"
184,"s10.dat",10,"t169",0,"1",NA,"pseudorec","backw","LF","conc",NA,169,"GULAN","ALD"
184,"s10.dat",10,"t169",0,"1",NA,"pseudorec","backw","LF","conc",NA,169,"CIGAF","VLD"
185,"s10.dat",10,"t213",1,"3",1322,"pseudorec","forw","LF","abst",NA,213,"DOSLUZ","ALD"
185,"s10.dat",10,"t213",1,"3",1322,"pseudorec","forw","LF","abst",NA,213,"ODVOC","VLD"
186,"s10.dat",10,"t86",1,"1",580,"rec","forw","HF","conc","krevet",86,"KREVET","ALD"
186,"s10.dat",10,"t86",1,"1",580,"rec","forw","HF","conc","lopta",86,"LOPTA","VLD"
187,"s10.dat",10,"t107",0,"3",NA,"rec","forw","LF","conc","sarma",107,"SARMA","ALD"
187,"s10.dat",10,"t107",0,"3",NA,"rec","forw","LF","conc","čioda",107,"ČIODA","VLD"
188,"s10.dat",10,"t223",1,"3",1292,"pseudorec","forw","LF","abst",NA,223,"OPILJAL","ALD"
188,"s10.dat",10,"t223",1,"3",1292,"pseudorec","forw","LF","abst",NA,223,"IZOTOC","VLD"
189,"s10.dat",10,"t52",0,"3",NA,"rec","backw","LF","conc","šunka",52,"AKNUŠ","ALD"
189,"s10.dat",10,"t52",0,"3",NA,"rec","backw","LF","conc","fazan",52,"NAZAF","VLD"
190,"s10.dat",10,"t152",0,"None",NA,"pseudorec","backw","LF","abst",NA,152,"KAJMAR","ALD"
190,"s10.dat",10,"t152",0,"None",NA,"pseudorec","backw","LF","abst",NA,152,"VEŠTAP","VLD"
192,"s10.dat",10,"t35",0,"3",NA,"rec","backw","LF","abst","poenta",35,"ATNEOP","ALD"
192,"s10.dat",10,"t35",0,"3",NA,"rec","backw","LF","abst","raskid",35,"DIKSAR","VLD"
193,"s10.dat",10,"t158",0,"1",NA,"pseudorec","backw","LF","abst",NA,158,"KAJAC","ALD"
193,"s10.dat",10,"t158",0,"1",NA,"pseudorec","backw","LF","abst",NA,158,"ĆEVAK","VLD"
194,"s10.dat",10,"t14",1,"1",1212,"rec","backw","HF","abst","posao",14,"OASOP","ALD"
194,"s10.dat",10,"t14",1,"1",1212,"rec","backw","HF","abst","strah",14,"HARTS","VLD"
195,"s10.dat",10,"t188",1,"3",821,"pseudorec","forw","HF","abst",NA,188,"TENOZ","ALD"
195,"s10.dat",10,"t188",1,"3",821,"pseudorec","forw","HF","abst",NA,188,"KOKTEZ","VLD"
196,"s10.dat",10,"t229",1,"3",791,"pseudorec","forw","LF","conc",NA,229,"REBUL","ALD"
196,"s10.dat",10,"t229",1,"3",791,"pseudorec","forw","LF","conc",NA,229,"NABOH","VLD"
197,"s10.dat",10,"t149",0,"1",NA,"pseudorec","backw","HF","conc",NA,149,"KINIB","ALD"
197,"s10.dat",10,"t149",0,"1",NA,"pseudorec","backw","HF","conc",NA,149,"VISAR","VLD"
198,"s10.dat",10,"t224",1,"3",1172,"pseudorec","forw","LF","abst",NA,224,"BOJLEG","ALD"
198,"s10.dat",10,"t224",1,"3",1172,"pseudorec","forw","LF","abst",NA,224,"DISTIC","VLD"
199,"s10.dat",10,"t239",1,"3",952,"pseudorec","forw","LF","conc",NA,239,"BIFTEM","ALD"
199,"s10.dat",10,"t239",1,"3",952,"pseudorec","forw","LF","conc",NA,239,"RUNDOG","VLD"
200,"s10.dat",10,"t215",1,"3",1142,"pseudorec","forw","LF","abst",NA,215,"OPOZIN","ALD"
200,"s10.dat",10,"t215",1,"3",1142,"pseudorec","forw","LF","abst",NA,215,"PO~EF","ALD"
201,"s10.dat",10,"t221",1,"3",761,"pseudorec","forw","LF","abst",NA,221,"KVARŠ","ALD"
201,"s10.dat",10,"t221",1,"3",761,"pseudorec","forw","LF","abst",NA,221,"CELEP","VLD"
202,"s10.dat",10,"t201",1,"3",1201,"pseudorec","forw","HF","conc",NA,201,"CIKLOP","ALD"
202,"s10.dat",10,"t201",1,"3",1201,"pseudorec","forw","HF","conc",NA,201,"DESPON","VLD"
203,"s10.dat",10,"t159",1,"3",1101,"pseudorec","backw","LF","abst",NA,159,"MALEG","ALD"
203,"s10.dat",10,"t159",1,"3",1101,"pseudorec","backw","LF","abst",NA,159,"MADAZ","VLD"
204,"s10.dat",10,"t11",0,"3",NA,"rec","backw","HF","abst","zanos",11,"SONAZ","ALD"
204,"s10.dat",10,"t11",0,"3",NA,"rec","backw","HF","abst","smisao",11,"OASIMS","VLD"
205,"s10.dat",10,"t131",1,"3",1332,"pseudorec","backw","HF","abst",NA,131,"PORIG","ALD"
205,"s10.dat",10,"t131",1,"3",1332,"pseudorec","backw","HF","abst",NA,131,"PATROZ","VLD"
206,"s10.dat",10,"t93",1,"1",661,"rec","forw","LF","abst","skepsa",93,"SKEPSA","ALD"
206,"s10.dat",10,"t93",1,"1",661,"rec","forw","LF","abst","barok",93,"BAROK","VLD"
207,"s10.dat",10,"t183",1,"3",1341,"pseudorec","forw","HF","abst",NA,183,"POGAJ","ALD"
207,"s10.dat",10,"t183",1,"3",1341,"pseudorec","forw","HF","abst",NA,183,"GURMAB","VLD"
208,"s10.dat",10,"t17",0,"3",NA,"rec","backw","HF","conc","čekić",17,"ĆIKEČ","ALD"
208,"s10.dat",10,"t17",0,"3",NA,"rec","backw","HF","conc","smokva",17,"AVKOMS","VLD"
209,"s10.dat",10,"t31",1,"1",991,"rec","backw","LF","abst","izazov",31,"VOZAZI","ALD"
209,"s10.dat",10,"t31",1,"1",991,"rec","backw","LF","abst","etika",31,"AKITE","VLD"
210,"s10.dat",10,"t8",0,"3",NA,"rec","backw","HF","abst","pojava",8,"AVAJOP","ALD"
210,"s10.dat",10,"t8",0,"3",NA,"rec","backw","HF","abst","pravda",8,"ADVARP","VLD"
211,"s10.dat",10,"t237",1,"3",811,"pseudorec","forw","LF","conc",NA,237,"IZDAP","ALD"
211,"s10.dat",10,"t237",1,"3",811,"pseudorec","forw","LF","conc",NA,237,"FAGOH","VLD"
212,"s10.dat",10,"t80",1,"1",631,"rec","forw","HF","conc","topola",80,"TOPOLA","ALD"
212,"s10.dat",10,"t80",1,"1",631,"rec","forw","HF","conc","grožĐ‘e",80,"GROŽĐE","ALD"
213,"s10.dat",10,"t184",1,"3",1001,"pseudorec","forw","HF","abst",NA,184,"BUBNJAC","ALD"
213,"s10.dat",10,"t184",1,"3",1001,"pseudorec","forw","HF","abst",NA,184,"JEDNJAZ","VLD"
214,"s10.dat",10,"t84",1,"1",801,"rec","forw","HF","conc","sveća",84,"SVEĆA","ALD"
214,"s10.dat",10,"t84",1,"1",801,"rec","forw","HF","conc","školjka",84,"ŠKOLJKA","VLD"
215,"s10.dat",10,"t38",0,"3",NA,"rec","backw","LF","abst","afera",38,"AREFA","ALD"
215,"s10.dat",10,"t38",0,"3",NA,"rec","backw","LF","abst","dogma",38,"AMGOD","VLD"
216,"s10.dat",10,"t211",0,"1",NA,"pseudorec","forw","LF","abst",NA,211,"KEPEN","ALD"
216,"s10.dat",10,"t211",0,"1",NA,"pseudorec","forw","LF","abst",NA,211,"FLUOŠ","VLD"
217,"s10.dat",10,"t203",1,"3",1232,"pseudorec","forw","HF","conc",NA,203,"TAPIZ","ALD"
217,"s10.dat",10,"t203",1,"3",1232,"pseudorec","forw","HF","conc",NA,203,"KONDOP","VLD"
218,"s10.dat",10,"t5",0,"3",NA,"rec","backw","HF","abst","promet",5,"TEMORP","ALD"
218,"s10.dat",10,"t5",0,"3",NA,"rec","backw","HF","abst","žalost",5,"TSOLAŽ","VLD"
219,"s10.dat",10,"t61",0,"3",NA,"rec","forw","HF","abst","nemoć",61,"NEMOĆ","ALD"
219,"s10.dat",10,"t61",0,"3",NA,"rec","forw","HF","abst","sudba",61,"SUDBA","VLD"
220,"s10.dat",10,"t227",1,"3",741,"pseudorec","forw","LF","conc",NA,227,"CIMEČ","ALD"
220,"s10.dat",10,"t227",1,"3",741,"pseudorec","forw","LF","conc",NA,227,"VITALJ","VLD"
221,"s10.dat",10,"t122",1,"3",731,"pseudorec","backw","HF","abst",NA,122,"PREGIT","ALD"
221,"s10.dat",10,"t122",1,"3",731,"pseudorec","backw","HF","abst",NA,122,"FETUP","VLD"
222,"s10.dat",10,"t13",1,"1",1252,"rec","backw","HF","abst","samoća",13,"AĆOMAS","ALD"
222,"s10.dat",10,"t13",1,"1",1252,"rec","backw","HF","abst","tajna",13,"ANJAT","VLD"
223,"s10.dat",10,"t66",1,"1",701,"rec","forw","HF","abst","period",66,"PERIOD","ALD"
223,"s10.dat",10,"t66",1,"1",701,"rec","forw","HF","abst","otpor",66,"OTPOR","VLD"
224,"s10.dat",10,"t136",1,"3",921,"pseudorec","backw","HF","conc",NA,136,"TURBAH","ALD"
224,"s10.dat",10,"t136",1,"3",921,"pseudorec","backw","HF","conc",NA,136,"AZBESČ","VLD"
225,"s10.dat",10,"t162",1,"3",1172,"pseudorec","backw","LF","abst",NA,162,"BAROZ","ALD"
225,"s10.dat",10,"t162",1,"3",1172,"pseudorec","backw","LF","abst",NA,162,"NAKOČ","VLD"
226,"s10.dat",10,"t47",0,"3",NA,"rec","backw","LF","conc","spanać",47,"ĆANAPS","ALD"
226,"s10.dat",10,"t47",0,"3",NA,"rec","backw","LF","conc","pereca",47,"ACEREP","VLD"
227,"s10.dat",10,"t21",0,"3",NA,"rec","backw","HF","conc","kapija",21,"AJIPAK","ALD"
227,"s10.dat",10,"t21",0,"3",NA,"rec","backw","HF","conc","galeb",21,"BELAG","VLD"
228,"s10.dat",10,"t209",0,"None",NA,"pseudorec","forw","HF","conc",NA,209,"ARGOP","ALD"
228,"s10.dat",10,"t209",0,"None",NA,"pseudorec","forw","HF","conc",NA,209,"HARAK","VLD"
230,"s10.dat",10,"t240",1,"3",1212,"pseudorec","forw","LF","conc",NA,240,"VOSKAB","ALD"
230,"s10.dat",10,"t240",1,"3",1212,"pseudorec","forw","LF","conc",NA,240,"TRILEN","VLD"
231,"s10.dat",10,"t138",1,"3",1012,"pseudorec","backw","HF","conc",NA,138,"MAGNEG","ALD"
231,"s10.dat",10,"t138",1,"3",1012,"pseudorec","backw","HF","conc",NA,138,"KAPLAB","VLD"
232,"s10.dat",10,"t154",1,"3",1111,"pseudorec","backw","LF","abst",NA,154,"REZOL","ALD"
232,"s10.dat",10,"t154",1,"3",1111,"pseudorec","backw","LF","abst",NA,154,"SKRON","VLD"
233,"s10.dat",10,"t204",0,"None",NA,"pseudorec","forw","HF","conc",NA,204,"LENJIZ","ALD"
233,"s10.dat",10,"t204",0,"None",NA,"pseudorec","forw","HF","conc",NA,204,"BILIOD","VLD"
235,"s10.dat",10,"t225",0,"1",NA,"pseudorec","forw","LF","abst",NA,225,"BULDOF","ALD"
235,"s10.dat",10,"t225",0,"1",NA,"pseudorec","forw","LF","abst",NA,225,"TUMOČ","VLD"
236,"s10.dat",10,"t1",0,"3",NA,"rec","backw","HF","abst","novost",1,"TSOVON","ALD"
236,"s10.dat",10,"t1",0,"3",NA,"rec","backw","HF","abst","metoda",1,"ADOTEM","VLD"
237,"s10.dat",10,"t90",1,"1",651,"rec","forw","HF","conc","grana",90,"GRANA","ALD"
237,"s10.dat",10,"t90",1,"1",651,"rec","forw","HF","conc","ptica",90,"PTICA","VLD"
238,"s10.dat",10,"t195",1,"3",1342,"pseudorec","forw","HF","abst",NA,195,"SVEKAN","ALD"
238,"s10.dat",10,"t195",1,"3",1342,"pseudorec","forw","HF","abst",NA,195,"TOTEK","VLD"
239,"s10.dat",10,"t148",0,"1",NA,"pseudorec","backw","HF","conc",NA,148,"PRELER","ALD"
239,"s10.dat",10,"t148",0,"1",NA,"pseudorec","backw","HF","conc",NA,148,"BAZAP","VLD"
240,"s10.dat",10,"t233",1,"3",721,"pseudorec","forw","LF","conc",NA,233,"DRZNIL","ALD"
240,"s10.dat",10,"t233",1,"3",721,"pseudorec","forw","LF","conc",NA,233,"NAMAG","VLD"
241,"s10.dat",10,"t72",1,"1",571,"rec","forw","HF","abst","uslov",72,"USLOV","ALD"
241,"s10.dat",10,"t72",1,"1",571,"rec","forw","HF","abst","uspeh",72,"USPEH","VLD"
242,"s10.dat",10,"t141",1,"3",842,"pseudorec","backw","HF","conc",NA,141,"VODNIB","ALD"
242,"s10.dat",10,"t141",1,"3",842,"pseudorec","backw","HF","conc",NA,141,"CIMEC","VLD"
243,"s10.dat",10,"t69",1,"1",491,"rec","forw","HF","abst","znanje",69,"ZNANJE","ALD"
243,"s10.dat",10,"t69",1,"1",491,"rec","forw","HF","abst","sumnja",69,"SUMNJA","VLD"
244,"s10.dat",10,"t166",1,"3",1041,"pseudorec","backw","LF","conc",NA,166,"SVETAF","ALD"
244,"s10.dat",10,"t166",1,"3",1041,"pseudorec","backw","LF","conc",NA,166,"BIOLOR","VLD"
245,"s10.dat",10,"t102",1,"1",661,"rec","forw","LF","abst","ljutnja",102,"LJUTNJA","ALD"
245,"s10.dat",10,"t102",1,"1",661,"rec","forw","LF","abst","profit",102,"PROFIT","VLD"
246,"s10.dat",10,"t179",1,"3",951,"pseudorec","backw","LF","conc",NA,179,"PETLIR","ALD"
246,"s10.dat",10,"t179",1,"3",951,"pseudorec","backw","LF","conc",NA,179,"KANTAC","VLD"
247,"s10.dat",10,"t218",1,"3",1402,"pseudorec","forw","LF","abst",NA,218,"ROVAG","ALD"
247,"s10.dat",10,"t218",1,"3",1402,"pseudorec","forw","LF","abst",NA,218,"EPITEZ","VLD"
248,"s10.dat",10,"t48",0,"3",NA,"rec","backw","LF","conc","burek",48,"KERUB","ALD"
248,"s10.dat",10,"t48",0,"3",NA,"rec","backw","LF","conc","cucla",48,"ALCUC","VLD"
249,"s10.dat",10,"t36",1,"1",1402,"rec","backw","LF","abst","idila",36,"ALIDI","ALD"
249,"s10.dat",10,"t36",1,"1",1402,"rec","backw","LF","abst","impuls",36,"SLUPMI","VLD"
250,"s10.dat",10,"t71",1,"1",952,"rec","forw","HF","abst","slutnja",71,"SLUTNJA","ALD"
250,"s10.dat",10,"t71",1,"1",952,"rec","forw","HF","abst","razvoj",71,"RAZVOJ","VLD"
251,"s10.dat",10,"t212",1,"3",1322,"pseudorec","forw","LF","abst",NA,212,"TIRKIB","ALD"
251,"s10.dat",10,"t212",1,"3",1322,"pseudorec","forw","LF","abst",NA,212,"KRETEP","VLD"
252,"s10.dat",10,"t217",1,"3",1192,"pseudorec","forw","LF","abst",NA,217,"SERUP","ALD"
252,"s10.dat",10,"t217",1,"3",1192,"pseudorec","forw","LF","abst",NA,217,"REZAG","VLD"
253,"s10.dat",10,"t75",1,"1",691,"rec","forw","HF","abst","radost",75,"RADOST","ALD"
253,"s10.dat",10,"t75",1,"1",691,"rec","forw","HF","abst","ljubav",75,"LJUBAV","VLD"
254,"s10.dat",10,"t24",0,"3",NA,"rec","backw","HF","conc","breza",24,"AZERB","ALD"
254,"s10.dat",10,"t24",0,"3",NA,"rec","backw","HF","conc","leptir",24,"RITPEL","VLD"
255,"s10.dat",10,"t220",0,"1",NA,"pseudorec","forw","LF","abst",NA,220,"PERAĐ","ALD"
255,"s10.dat",10,"t220",0,"1",NA,"pseudorec","forw","LF","abst",NA,220,"BUMBAG","VLD"
256,"s10.dat",10,"t73",1,"1",571,"rec","forw","HF","abst","zakon",73,"ZAKON","ALD"
256,"s10.dat",10,"t73",1,"1",571,"rec","forw","HF","abst","istina",73,"ISTINA","VLD"
257,"s10.dat",10,"t9",0,"3",NA,"rec","backw","HF","abst","mašta",9,"ATŠAM","ALD"
257,"s10.dat",10,"t9",0,"3",NA,"rec","backw","HF","abst","razlog",9,"GOLZAR","VLD"
258,"s10.dat",10,"t232",1,"3",1232,"pseudorec","forw","LF","conc",NA,232,"TOALEB","ALD"
258,"s10.dat",10,"t232",1,"3",1232,"pseudorec","forw","LF","conc",NA,232,"FAZOR","VLD"
259,"s10.dat",10,"t214",1,"3",1302,"pseudorec","forw","LF","abst",NA,214,"PITOR","ALD"
259,"s10.dat",10,"t214",1,"3",1302,"pseudorec","forw","LF","abst",NA,214,"PIJAD","VLD"
1,"s11.dat",11,"t126",0,"1",NA,"pseudorec","backw","HF","abst",NA,126,"KANAZ","ALD"
1,"s11.dat",11,"t126",0,"1",NA,"pseudorec","backw","HF","abst",NA,126,"FELJTOZ","VLD"
2,"s11.dat",11,"t76",1,"1",481,"rec","forw","HF","conc","tepih",76,"TEPIH","ALD"
2,"s11.dat",11,"t76",1,"1",481,"rec","forw","HF","conc","sapun",76,"SAPUN","VLD"
3,"s11.dat",11,"t134",1,"3",671,"pseudorec","backw","HF","abst",NA,134,"DIZEB","ALD"
3,"s11.dat",11,"t134",1,"3",671,"pseudorec","backw","HF","abst",NA,134,"LOTOG","VLD"
4,"s11.dat",11,"t84",1,"1",581,"rec","forw","HF","conc","sveća",84,"SVEĆA","ALD"
4,"s11.dat",11,"t84",1,"1",581,"rec","forw","HF","conc","školjka",84,"ŠKOLJKA","VLD"
5,"s11.dat",11,"t56",0,"3",NA,"rec","backw","LF","conc","sirće",56,"EĆRIS","ALD"
5,"s11.dat",11,"t56",0,"3",NA,"rec","backw","LF","conc","kobra",56,"ARBOK","VLD"
6,"s11.dat",11,"t69",1,"1",681,"rec","forw","HF","abst","znanje",69,"ZNANJE","ALD"
6,"s11.dat",11,"t69",1,"1",681,"rec","forw","HF","abst","sumnja",69,"SUMNJA","VLD"
7,"s11.dat",11,"t29",1,"1",1171,"rec","backw","HF","conc","kamen",29,"NEMAK","ALD"
7,"s11.dat",11,"t29",1,"1",1171,"rec","backw","HF","conc","cveće",29,"EĆEVC","VLD"
8,"s11.dat",11,"t161",0,"1",NA,"pseudorec","backw","LF","abst",NA,161,"VASKRM","ALD"
8,"s11.dat",11,"t161",0,"1",NA,"pseudorec","backw","LF","abst",NA,161,"SVIRAZ","VLD"
9,"s11.dat",11,"t202",1,"3",661,"pseudorec","forw","HF","conc",NA,202,"ŠTANK","ALD"
9,"s11.dat",11,"t202",1,"3",661,"pseudorec","forw","HF","conc",NA,202,"PANTEK","VLD"
10,"s11.dat",11,"t75",1,"1",601,"rec","forw","HF","abst","radost",75,"RADOST","ALD"
10,"s11.dat",11,"t75",1,"1",601,"rec","forw","HF","abst","ljubav",75,"LJUBAV","VLD"
11,"s11.dat",11,"t152",0,"1",NA,"pseudorec","backw","LF","abst",NA,152,"KAJMAR","ALD"
11,"s11.dat",11,"t152",0,"1",NA,"pseudorec","backw","LF","abst",NA,152,"VEŠTAP","VLD"
12,"s11.dat",11,"t136",1,"3",771,"pseudorec","backw","HF","conc",NA,136,"TURBAH","ALD"
12,"s11.dat",11,"t136",1,"3",771,"pseudorec","backw","HF","conc",NA,136,"AZBESČ","VLD"
13,"s11.dat",11,"t240",1,"3",912,"pseudorec","forw","LF","conc",NA,240,"VOSKAB","ALD"
13,"s11.dat",11,"t240",1,"3",912,"pseudorec","forw","LF","conc",NA,240,"TRILEN","VLD"
14,"s11.dat",11,"t35",0,"3",NA,"rec","backw","LF","abst","poenta",35,"ATNEOP","ALD"
14,"s11.dat",11,"t35",0,"3",NA,"rec","backw","LF","abst","raskid",35,"DIKSAR","VLD"
15,"s11.dat",11,"t150",0,"1",NA,"pseudorec","backw","HF","conc",NA,150,"REKEB","ALD"
15,"s11.dat",11,"t150",0,"1",NA,"pseudorec","backw","HF","conc",NA,150,"FLUIŠ","VLD"
16,"s11.dat",11,"t9",0,"3",NA,"rec","backw","HF","abst","mašta",9,"ATŠAM","ALD"
16,"s11.dat",11,"t9",0,"3",NA,"rec","backw","HF","abst","razlog",9,"GOLZAR","VLD"
17,"s11.dat",11,"t74",1,"1",651,"rec","forw","HF","abst","sreća",74,"SREĆA","ALD"
17,"s11.dat",11,"t74",1,"1",651,"rec","forw","HF","abst","odnos",74,"ODNOS","VLD"
18,"s11.dat",11,"t28",0,"3",NA,"rec","backw","HF","conc","livada",28,"ADAVIL","ALD"
18,"s11.dat",11,"t28",0,"3",NA,"rec","backw","HF","conc","slika",28,"AKILS","VLD"
19,"s11.dat",11,"t229",1,"3",1372,"pseudorec","forw","LF","conc",NA,229,"REBUL","ALD"
19,"s11.dat",11,"t229",1,"3",1372,"pseudorec","forw","LF","conc",NA,229,"NABOH","VLD"
20,"s11.dat",11,"t190",1,"3",972,"pseudorec","forw","HF","abst",NA,190,"ŠVERG","ALD"
20,"s11.dat",11,"t190",1,"3",972,"pseudorec","forw","HF","abst",NA,190,"METAT","VLD"
21,"s11.dat",11,"t171",1,"3",771,"pseudorec","backw","LF","conc",NA,171,"OTKLOR","ALD"
21,"s11.dat",11,"t171",1,"3",771,"pseudorec","backw","LF","conc",NA,171,"FOKUJ","VLD"
22,"s11.dat",11,"t125",1,"3",1181,"pseudorec","backw","HF","abst",NA,125,"PANCIT","ALD"
22,"s11.dat",11,"t125",1,"3",1181,"pseudorec","backw","HF","abst",NA,125,"AKSIOK","VLD"
23,"s11.dat",11,"t182",0,"1",NA,"pseudorec","forw","HF","abst",NA,182,"CVETIL","ALD"
23,"s11.dat",11,"t182",0,"1",NA,"pseudorec","forw","HF","abst",NA,182,"DOLAŠ","VLD"
24,"s11.dat",11,"t13",0,"3",NA,"rec","backw","HF","abst","samoća",13,"AĆOMAS","ALD"
24,"s11.dat",11,"t13",0,"3",NA,"rec","backw","HF","abst","tajna",13,"ANJAT","VLD"
25,"s11.dat",11,"t99",0,"3",NA,"rec","forw","LF","abst","otkaz",99,"OTKAZ","ALD"
25,"s11.dat",11,"t99",0,"3",NA,"rec","forw","LF","abst","zakup",99,"ZAKUP","VLD"
26,"s11.dat",11,"t160",1,"3",841,"pseudorec","backw","LF","abst",NA,160,"ŠAFRAK","ALD"
26,"s11.dat",11,"t160",1,"3",841,"pseudorec","backw","LF","abst",NA,160,"GEOLOT","VLD"
27,"s11.dat",11,"t60",0,"None",NA,"rec","backw","LF","conc","parket",60,"TEKRAP","ALD"
27,"s11.dat",11,"t60",0,"None",NA,"rec","backw","LF","conc","lopata",60,"ATAPOL","VLD"
29,"s11.dat",11,"t180",1,"3",841,"pseudorec","backw","LF","conc",NA,180,"RAZVOC","ALD"
29,"s11.dat",11,"t180",1,"3",841,"pseudorec","backw","LF","conc",NA,180,"FILTEB","VLD"
30,"s11.dat",11,"t204",1,"3",791,"pseudorec","forw","HF","conc",NA,204,"LENJIZ","ALD"
30,"s11.dat",11,"t204",1,"3",791,"pseudorec","forw","HF","conc",NA,204,"BILIOD","VLD"
31,"s11.dat",11,"t234",0,"1",NA,"pseudorec","forw","LF","conc",NA,234,"MURAB","ALD"
31,"s11.dat",11,"t234",0,"1",NA,"pseudorec","forw","LF","conc",NA,234,"MA~OT","ALD"
32,"s11.dat",11,"t24",0,"3",NA,"rec","backw","HF","conc","breza",24,"AZERB","ALD"
32,"s11.dat",11,"t24",0,"3",NA,"rec","backw","HF","conc","leptir",24,"RITPEL","VLD"
33,"s11.dat",11,"t26",0,"3",NA,"rec","backw","HF","conc","zmija",26,"AJIMZ","ALD"
33,"s11.dat",11,"t26",0,"3",NA,"rec","backw","HF","conc","jablan",26,"NALBAJ","VLD"
34,"s11.dat",11,"t44",1,"1",1382,"rec","backw","LF","abst","zaplet",44,"TELPAZ","ALD"
34,"s11.dat",11,"t44",1,"1",1382,"rec","backw","LF","abst","sujeta",44,"ATEJUS","VLD"
35,"s11.dat",11,"t30",1,"1",1152,"rec","backw","HF","conc","glava",30,"AVALG","ALD"
35,"s11.dat",11,"t30",1,"1",1152,"rec","backw","HF","conc","trava",30,"AVART","VLD"
36,"s11.dat",11,"t144",1,"3",821,"pseudorec","backw","HF","conc",NA,144,"MASIT","ALD"
36,"s11.dat",11,"t144",1,"3",821,"pseudorec","backw","HF","conc",NA,144,"SLANIB","VLD"
37,"s11.dat",11,"t195",0,"1",NA,"pseudorec","forw","HF","abst",NA,195,"SVEKAN","ALD"
37,"s11.dat",11,"t195",0,"1",NA,"pseudorec","forw","HF","abst",NA,195,"TOTEK","VLD"
38,"s11.dat",11,"t23",0,"3",NA,"rec","backw","HF","conc","odelo",23,"OLEDO","ALD"
38,"s11.dat",11,"t23",0,"3",NA,"rec","backw","HF","conc","blato",23,"OTALB","VLD"
39,"s11.dat",11,"t71",1,"1",811,"rec","forw","HF","abst","slutnja",71,"SLUTNJA","ALD"
39,"s11.dat",11,"t71",1,"1",811,"rec","forw","HF","abst","razvoj",71,"RAZVOJ","VLD"
40,"s11.dat",11,"t200",0,"1",NA,"pseudorec","forw","HF","conc",NA,200,"PROSAR","ALD"
40,"s11.dat",11,"t200",0,"1",NA,"pseudorec","forw","HF","conc",NA,200,"KOSMOR","VLD"
41,"s11.dat",11,"t88",1,"1",741,"rec","forw","HF","conc","zgrada",88,"ZGRADA","ALD"
41,"s11.dat",11,"t88",1,"1",741,"rec","forw","HF","conc","knjiga",88,"KNJIGA","VLD"
42,"s11.dat",11,"t31",1,"1",1232,"rec","backw","LF","abst","izazov",31,"VOZAZI","ALD"
42,"s11.dat",11,"t31",1,"1",1232,"rec","backw","LF","abst","etika",31,"AKITE","VLD"
43,"s11.dat",11,"t94",1,"1",901,"rec","forw","LF","abst","trenje",94,"TRENJE","ALD"
43,"s11.dat",11,"t94",1,"1",901,"rec","forw","LF","abst","deoba",94,"DEOBA","VLD"
44,"s11.dat",11,"t98",1,"1",651,"rec","forw","LF","abst","slanje",98,"SLANJE","ALD"
44,"s11.dat",11,"t98",1,"1",651,"rec","forw","LF","abst","užitak",98,"UŽITAK","VLD"
45,"s11.dat",11,"t172",1,"3",961,"pseudorec","backw","LF","conc",NA,172,"MASEF","ALD"
45,"s11.dat",11,"t172",1,"3",961,"pseudorec","backw","LF","conc",NA,172,"LIMIR","VLD"
46,"s11.dat",11,"t121",1,"3",1201,"pseudorec","backw","HF","abst",NA,121,"TROVAB","ALD"
46,"s11.dat",11,"t121",1,"3",1201,"pseudorec","backw","HF","abst",NA,121,"KORDOB","VLD"
47,"s11.dat",11,"t91",1,"1",600,"rec","forw","LF","abst","ucena",91,"UCENA","ALD"
47,"s11.dat",11,"t91",1,"1",600,"rec","forw","LF","abst","naboj",91,"NABOJ","VLD"
48,"s11.dat",11,"t105",1,"1",551,"rec","forw","LF","abst","logika",105,"LOGIKA","ALD"
48,"s11.dat",11,"t105",1,"1",551,"rec","forw","LF","abst","oprez",105,"OPREZ","VLD"
49,"s11.dat",11,"t159",1,"3",1132,"pseudorec","backw","LF","abst",NA,159,"MALEG","ALD"
49,"s11.dat",11,"t159",1,"3",1132,"pseudorec","backw","LF","abst",NA,159,"MADAZ","VLD"
50,"s11.dat",11,"t27",1,"1",1031,"rec","backw","HF","conc","stena",27,"ANETS","ALD"
50,"s11.dat",11,"t27",1,"1",1031,"rec","backw","HF","conc","mleko",27,"OKELM","VLD"
51,"s11.dat",11,"t184",1,"3",1131,"pseudorec","forw","HF","abst",NA,184,"BUBNJAC","ALD"
51,"s11.dat",11,"t184",1,"3",1131,"pseudorec","forw","HF","abst",NA,184,"JEDNJAZ","VLD"
52,"s11.dat",11,"t128",1,"3",931,"pseudorec","backw","HF","abst",NA,128,"TAJGUP","ALD"
52,"s11.dat",11,"t128",1,"3",931,"pseudorec","backw","HF","abst",NA,128,"MASLAB","VLD"
53,"s11.dat",11,"t137",0,"None",NA,"pseudorec","backw","HF","conc",NA,137,"POLEZ","ALD"
53,"s11.dat",11,"t137",0,"None",NA,"pseudorec","backw","HF","conc",NA,137,"STICAP","VLD"
55,"s11.dat",11,"t213",1,"3",992,"pseudorec","forw","LF","abst",NA,213,"DOSLUZ","ALD"
55,"s11.dat",11,"t213",1,"3",992,"pseudorec","forw","LF","abst",NA,213,"ODVOC","VLD"
56,"s11.dat",11,"t54",1,"1",841,"rec","backw","LF","conc","klovn",54,"NVOLK","ALD"
56,"s11.dat",11,"t54",1,"1",841,"rec","backw","LF","conc","štuka",54,"AKUTŠ","VLD"
57,"s11.dat",11,"t47",0,"3",NA,"rec","backw","LF","conc","spanać",47,"ĆANAPS","ALD"
57,"s11.dat",11,"t47",0,"3",NA,"rec","backw","LF","conc","pereca",47,"ACEREP","VLD"
58,"s11.dat",11,"t45",0,"3",NA,"rec","backw","LF","abst","pakost",45,"TSOKAP","ALD"
58,"s11.dat",11,"t45",0,"3",NA,"rec","backw","LF","abst","ishod",45,"DOHSI","VLD"
59,"s11.dat",11,"t170",1,"3",1422,"pseudorec","backw","LF","conc",NA,170,"PORTIN","ALD"
59,"s11.dat",11,"t170",1,"3",1422,"pseudorec","backw","LF","conc",NA,170,"ŠESTAM","VLD"
60,"s11.dat",11,"t109",1,"1",791,"rec","forw","LF","conc","kiosk",109,"KIOSK","ALD"
60,"s11.dat",11,"t109",1,"1",791,"rec","forw","LF","conc","lavor",109,"LAVOR","VLD"
61,"s11.dat",11,"t55",0,"3",NA,"rec","backw","LF","conc","zumbul",55,"LUBMUZ","ALD"
61,"s11.dat",11,"t55",0,"3",NA,"rec","backw","LF","conc","kaktus",55,"SUTKAK","VLD"
62,"s11.dat",11,"t214",0,"None",NA,"pseudorec","forw","LF","abst",NA,214,"PITOR","ALD"
62,"s11.dat",11,"t214",0,"None",NA,"pseudorec","forw","LF","abst",NA,214,"PIJAD","VLD"
64,"s11.dat",11,"t216",0,"1",NA,"pseudorec","forw","LF","abst",NA,216,"SENJAT","ALD"
64,"s11.dat",11,"t216",0,"1",NA,"pseudorec","forw","LF","abst",NA,216,"IDIOB","VLD"
65,"s11.dat",11,"t227",1,"3",681,"pseudorec","forw","LF","conc",NA,227,"CIMEČ","ALD"
65,"s11.dat",11,"t227",1,"3",681,"pseudorec","forw","LF","conc",NA,227,"VITALJ","VLD"
66,"s11.dat",11,"t224",1,"3",520,"pseudorec","forw","LF","abst",NA,224,"BOJLEG","ALD"
66,"s11.dat",11,"t224",1,"3",520,"pseudorec","forw","LF","abst",NA,224,"DISTIC","VLD"
67,"s11.dat",11,"t48",0,"3",NA,"rec","backw","LF","conc","burek",48,"KERUB","ALD"
67,"s11.dat",11,"t48",0,"3",NA,"rec","backw","LF","conc","cucla",48,"ALCUC","VLD"
68,"s11.dat",11,"t143",1,"3",721,"pseudorec","backw","HF","conc",NA,143,"BRLOF","ALD"
68,"s11.dat",11,"t143",1,"3",721,"pseudorec","backw","HF","conc",NA,143,"BATAZ","VLD"
69,"s11.dat",11,"t149",1,"3",1252,"pseudorec","backw","HF","conc",NA,149,"KINIB","ALD"
69,"s11.dat",11,"t149",1,"3",1252,"pseudorec","backw","HF","conc",NA,149,"VISAR","VLD"
70,"s11.dat",11,"t219",1,"3",841,"pseudorec","forw","LF","abst",NA,219,"POKOB","ALD"
70,"s11.dat",11,"t219",1,"3",841,"pseudorec","forw","LF","abst",NA,219,"REDAF","VLD"
71,"s11.dat",11,"t169",1,"3",1052,"pseudorec","backw","LF","conc",NA,169,"GULAN","ALD"
71,"s11.dat",11,"t169",1,"3",1052,"pseudorec","backw","LF","conc",NA,169,"CIGAF","VLD"
72,"s11.dat",11,"t221",0,"1",NA,"pseudorec","forw","LF","abst",NA,221,"KVARŠ","ALD"
72,"s11.dat",11,"t221",0,"1",NA,"pseudorec","forw","LF","abst",NA,221,"CELEP","VLD"
73,"s11.dat",11,"t33",0,"3",NA,"rec","backw","LF","abst","opoziv",33,"VIZOPO","ALD"
73,"s11.dat",11,"t33",0,"3",NA,"rec","backw","LF","abst","renome",33,"EMONER","VLD"
74,"s11.dat",11,"t52",0,"3",NA,"rec","backw","LF","conc","šunka",52,"AKNUŠ","ALD"
74,"s11.dat",11,"t52",0,"3",NA,"rec","backw","LF","conc","fazan",52,"NAZAF","VLD"
75,"s11.dat",11,"t18",0,"3",NA,"rec","backw","HF","conc","brašno",18,"ONŠARB","ALD"
75,"s11.dat",11,"t18",0,"3",NA,"rec","backw","HF","conc","sanduk",18,"KUDNAS","VLD"
76,"s11.dat",11,"t196",1,"3",1322,"pseudorec","forw","HF","conc",NA,196,"SVRAL","ALD"
76,"s11.dat",11,"t196",1,"3",1322,"pseudorec","forw","HF","conc",NA,196,"BIZOK","VLD"
77,"s11.dat",11,"t222",1,"3",761,"pseudorec","forw","LF","abst",NA,222,"BAROL","ALD"
77,"s11.dat",11,"t222",1,"3",761,"pseudorec","forw","LF","abst",NA,222,"TREGEN","VLD"
78,"s11.dat",11,"t104",1,"1",681,"rec","forw","LF","abst","divota",104,"DIVOTA","ALD"
78,"s11.dat",11,"t104",1,"1",681,"rec","forw","LF","abst","efekat",104,"EFEKAT","VLD"
79,"s11.dat",11,"t96",1,"1",711,"rec","forw","LF","abst","nerad",96,"NERAD","ALD"
79,"s11.dat",11,"t96",1,"1",711,"rec","forw","LF","abst","elita",96,"ELITA","VLD"
80,"s11.dat",11,"t10",1,"1",1362,"rec","backw","HF","abst","značaj",10,"JAČANZ","ALD"
80,"s11.dat",11,"t10",1,"1",1362,"rec","backw","HF","abst","svest",10,"TSEVS","VLD"
81,"s11.dat",11,"t189",1,"3",972,"pseudorec","forw","HF","abst",NA,189,"LOGOK","ALD"
81,"s11.dat",11,"t189",1,"3",972,"pseudorec","forw","HF","abst",NA,189,"BEĆAŠ","VLD"
82,"s11.dat",11,"t32",0,"3",NA,"rec","backw","LF","abst","gadost",32,"TSODAG","ALD"
82,"s11.dat",11,"t32",0,"3",NA,"rec","backw","LF","abst","dosluh",32,"HULSOD","VLD"
83,"s11.dat",11,"t148",1,"3",921,"pseudorec","backw","HF","conc",NA,148,"PRELER","ALD"
83,"s11.dat",11,"t148",1,"3",921,"pseudorec","backw","HF","conc",NA,148,"BAZAP","VLD"
84,"s11.dat",11,"t181",0,"None",NA,"pseudorec","forw","HF","abst",NA,181,"SOMUH","ALD"
84,"s11.dat",11,"t181",0,"None",NA,"pseudorec","forw","HF","abst",NA,181,"TANIH","VLD"
86,"s11.dat",11,"t166",0,"1",NA,"pseudorec","backw","LF","conc",NA,166,"SVETAF","ALD"
86,"s11.dat",11,"t166",0,"1",NA,"pseudorec","backw","LF","conc",NA,166,"BIOLOR","VLD"
87,"s11.dat",11,"t162",1,"3",751,"pseudorec","backw","LF","abst",NA,162,"BAROZ","ALD"
87,"s11.dat",11,"t162",1,"3",751,"pseudorec","backw","LF","abst",NA,162,"NAKOČ","VLD"
88,"s11.dat",11,"t176",1,"3",751,"pseudorec","backw","LF","conc",NA,176,"PUTEF","ALD"
88,"s11.dat",11,"t176",1,"3",751,"pseudorec","backw","LF","conc",NA,176,"NAGIR","VLD"
89,"s11.dat",11,"t100",1,"1",761,"rec","forw","LF","abst","trpnja",100,"TRPNJA","ALD"
89,"s11.dat",11,"t100",1,"1",761,"rec","forw","LF","abst","raspon",100,"RASPON","VLD"
90,"s11.dat",11,"t217",1,"3",1292,"pseudorec","forw","LF","abst",NA,217,"SERUP","ALD"
90,"s11.dat",11,"t217",1,"3",1292,"pseudorec","forw","LF","abst",NA,217,"REZAG","VLD"
91,"s11.dat",11,"t173",1,"3",771,"pseudorec","backw","LF","conc",NA,173,"IMPORK","ALD"
91,"s11.dat",11,"t173",1,"3",771,"pseudorec","backw","LF","conc",NA,173,"LENJOČ","VLD"
92,"s11.dat",11,"t38",0,"None",NA,"rec","backw","LF","abst","afera",38,"AREFA","ALD"
92,"s11.dat",11,"t38",0,"None",NA,"rec","backw","LF","abst","dogma",38,"AMGOD","VLD"
94,"s11.dat",11,"t120",1,"1",541,"rec","forw","LF","conc","krljušt",120,"KRLJUŠT","ALD"
94,"s11.dat",11,"t120",1,"1",541,"rec","forw","LF","conc","olovka",120,"OLOVKA","VLD"
95,"s11.dat",11,"t165",1,"3",1041,"pseudorec","backw","LF","abst",NA,165,"KARMIG","ALD"
95,"s11.dat",11,"t165",1,"3",1041,"pseudorec","backw","LF","abst",NA,165,"SIRUL","VLD"
96,"s11.dat",11,"t57",0,"3",NA,"rec","backw","LF","conc","ekser",57,"RESKE","ALD"
96,"s11.dat",11,"t57",0,"3",NA,"rec","backw","LF","conc","kokos",57,"SOKOK","VLD"
97,"s11.dat",11,"t185",0,"1",NA,"pseudorec","forw","HF","abst",NA,185,"FARMET","ALD"
97,"s11.dat",11,"t185",0,"1",NA,"pseudorec","forw","HF","abst",NA,185,"RABIĐ","ALD"
98,"s11.dat",11,"t59",0,"3",NA,"rec","backw","LF","conc","delfin",59,"NIFLED","ALD"
98,"s11.dat",11,"t59",0,"3",NA,"rec","backw","LF","conc","papuča",59,"AČUPAP","VLD"
99,"s11.dat",11,"t114",0,"3",NA,"rec","forw","LF","conc","biber",114,"BIBER","ALD"
99,"s11.dat",11,"t114",0,"3",NA,"rec","forw","LF","conc","liker",114,"LIKER","VLD"
100,"s11.dat",11,"t81",1,"1",611,"rec","forw","HF","conc","strela",81,"STRELA","ALD"
100,"s11.dat",11,"t81",1,"1",611,"rec","forw","HF","conc","kamion",81,"KAMION","VLD"
101,"s11.dat",11,"t232",1,"3",641,"pseudorec","forw","LF","conc",NA,232,"TOALEB","ALD"
101,"s11.dat",11,"t232",1,"3",641,"pseudorec","forw","LF","conc",NA,232,"FAZOR","VLD"
102,"s11.dat",11,"t2",0,"3",NA,"rec","backw","HF","abst","dosada",2,"ADASOD","ALD"
102,"s11.dat",11,"t2",0,"3",NA,"rec","backw","HF","abst","pojam",2,"MAJOP","VLD"
103,"s11.dat",11,"t111",1,"1",811,"rec","forw","LF","conc","perika",111,"PERIKA","ALD"
103,"s11.dat",11,"t111",1,"1",811,"rec","forw","LF","conc","pelena",111,"PELENA","VLD"
104,"s11.dat",11,"t3",1,"1",862,"rec","backw","HF","abst","kriza",3,"AZIRK","ALD"
104,"s11.dat",11,"t3",1,"1",862,"rec","backw","HF","abst","uticaj",3,"JACITU","VLD"
105,"s11.dat",11,"t4",0,"3",NA,"rec","backw","HF","abst","namera",4,"AREMAN","ALD"
105,"s11.dat",11,"t4",0,"3",NA,"rec","backw","HF","abst","osveta",4,"ATEVSO","VLD"
106,"s11.dat",11,"t194",1,"3",701,"pseudorec","forw","HF","abst",NA,194,"SONAĐ","ALD"
106,"s11.dat",11,"t194",1,"3",701,"pseudorec","forw","HF","abst",NA,194,"ŠPRIĐ","ALD"
107,"s11.dat",11,"t210",0,"1",NA,"pseudorec","forw","HF","conc",NA,210,"GORAZ","ALD"
107,"s11.dat",11,"t210",0,"1",NA,"pseudorec","forw","HF","conc",NA,210,"SATEP","VLD"
108,"s11.dat",11,"t233",1,"3",601,"pseudorec","forw","LF","conc",NA,233,"DRZNIL","ALD"
108,"s11.dat",11,"t233",1,"3",601,"pseudorec","forw","LF","conc",NA,233,"NAMAG","VLD"
109,"s11.dat",11,"t127",1,"3",601,"pseudorec","backw","HF","abst",NA,127,"JAJNIL","ALD"
109,"s11.dat",11,"t127",1,"3",601,"pseudorec","backw","HF","abst",NA,127,"RATLUZ","VLD"
110,"s11.dat",11,"t61",1,"1",982,"rec","forw","HF","abst","nemoć",61,"NEMOĆ","ALD"
110,"s11.dat",11,"t61",1,"1",982,"rec","forw","HF","abst","sudba",61,"SUDBA","VLD"
111,"s11.dat",11,"t139",1,"3",741,"pseudorec","backw","HF","conc",NA,139,"ZEJTIZ","ALD"
111,"s11.dat",11,"t139",1,"3",741,"pseudorec","backw","HF","conc",NA,139,"HIBRIF","VLD"
112,"s11.dat",11,"t118",1,"1",631,"rec","forw","LF","conc","rerna",118,"RERNA","ALD"
112,"s11.dat",11,"t118",1,"1",631,"rec","forw","LF","conc","kačket",118,"KAČKET","VLD"
113,"s11.dat",11,"t53",1,"1",1362,"rec","backw","LF","conc","šnicla",53,"ALCINŠ","ALD"
113,"s11.dat",11,"t53",1,"1",1362,"rec","backw","LF","conc","salama",53,"AMALAS","VLD"
114,"s11.dat",11,"t87",1,"1",601,"rec","forw","HF","conc","pesak",87,"PESAK","ALD"
114,"s11.dat",11,"t87",1,"1",601,"rec","forw","HF","conc","staklo",87,"STAKLO","VLD"
115,"s11.dat",11,"t124",1,"3",1152,"pseudorec","backw","HF","abst",NA,124,"SVINJAB","ALD"
115,"s11.dat",11,"t124",1,"3",1152,"pseudorec","backw","HF","abst",NA,124,"SPANAR","VLD"
116,"s11.dat",11,"t231",0,"1",NA,"pseudorec","forw","LF","conc",NA,231,"MLEKAF","ALD"
116,"s11.dat",11,"t231",0,"1",NA,"pseudorec","forw","LF","conc",NA,231,"KENGUN","VLD"
117,"s11.dat",11,"t34",0,"3",NA,"rec","backw","LF","abst","rizik",34,"KIZIR","ALD"
117,"s11.dat",11,"t34",0,"3",NA,"rec","backw","LF","abst","upliv",34,"VILPU","VLD"
118,"s11.dat",11,"t145",1,"3",761,"pseudorec","backw","HF","conc",NA,145,"TREZOB","ALD"
118,"s11.dat",11,"t145",1,"3",761,"pseudorec","backw","HF","conc",NA,145,"HAMEŠ","VLD"
119,"s11.dat",11,"t206",0,"None",NA,"pseudorec","forw","HF","conc",NA,206,"GLUPAR","ALD"
119,"s11.dat",11,"t206",0,"None",NA,"pseudorec","forw","HF","conc",NA,206,"ARHID","VLD"
121,"s11.dat",11,"t115",1,"1",731,"rec","forw","LF","conc","božur",115,"BOŽUR","ALD"
121,"s11.dat",11,"t115",1,"1",731,"rec","forw","LF","conc","prase",115,"PRASE","VLD"
122,"s11.dat",11,"t197",1,"3",811,"pseudorec","forw","HF","conc",NA,197,"SISAB","ALD"
122,"s11.dat",11,"t197",1,"3",811,"pseudorec","forw","HF","conc",NA,197,"KLIKET","VLD"
123,"s11.dat",11,"t235",1,"3",691,"pseudorec","forw","LF","conc",NA,235,"EGZIČ","ALD"
123,"s11.dat",11,"t235",1,"3",691,"pseudorec","forw","LF","conc",NA,235,"MAHET","VLD"
124,"s11.dat",11,"t37",0,"3",NA,"rec","backw","LF","abst","nužda",37,"ADŽUN","ALD"
124,"s11.dat",11,"t37",0,"3",NA,"rec","backw","LF","abst","pobuda",37,"ADUBOP","VLD"
125,"s11.dat",11,"t205",0,"None",NA,"pseudorec","forw","HF","conc",NA,205,"PEŠKIG","ALD"
125,"s11.dat",11,"t205",0,"None",NA,"pseudorec","forw","HF","conc",NA,205,"EVNUB","VLD"
127,"s11.dat",11,"t142",1,"3",741,"pseudorec","backw","HF","conc",NA,142,"ZUBID","ALD"
127,"s11.dat",11,"t142",1,"3",741,"pseudorec","backw","HF","conc",NA,142,"KEDAP","VLD"
128,"s11.dat",11,"t187",1,"3",601,"pseudorec","forw","HF","abst",NA,187,"RASKIŠ","ALD"
128,"s11.dat",11,"t187",1,"3",601,"pseudorec","forw","HF","abst",NA,187,"VEŠTAB","VLD"
129,"s11.dat",11,"t80",1,"1",761,"rec","forw","HF","conc","topola",80,"TOPOLA","ALD"
129,"s11.dat",11,"t80",1,"1",761,"rec","forw","HF","conc","grožĐ‘e",80,"GROŽĐE","ALD"
130,"s11.dat",11,"t116",1,"1",982,"rec","forw","LF","conc","konjak",116,"KONJAK","ALD"
130,"s11.dat",11,"t116",1,"1",982,"rec","forw","LF","conc","čaplja",116,"ČAPLJA","VLD"
131,"s11.dat",11,"t68",1,"1",661,"rec","forw","HF","abst","izraz",68,"IZRAZ","ALD"
131,"s11.dat",11,"t68",1,"1",661,"rec","forw","HF","abst","utisak",68,"UTISAK","VLD"
132,"s11.dat",11,"t8",0,"3",NA,"rec","backw","HF","abst","pojava",8,"AVAJOP","ALD"
132,"s11.dat",11,"t8",0,"3",NA,"rec","backw","HF","abst","pravda",8,"ADVARP","VLD"
133,"s11.dat",11,"t163",1,"3",991,"pseudorec","backw","LF","abst",NA,163,"BERBET","ALD"
133,"s11.dat",11,"t163",1,"3",991,"pseudorec","backw","LF","abst",NA,163,"PRESEB","VLD"
134,"s11.dat",11,"t12",0,"3",NA,"rec","backw","HF","abst","nemir",12,"RIMEN","ALD"
134,"s11.dat",11,"t12",0,"3",NA,"rec","backw","HF","abst","pomoć",12,"ĆOMOP","VLD"
135,"s11.dat",11,"t140",1,"3",952,"pseudorec","backw","HF","conc",NA,140,"LUKSUR","ALD"
135,"s11.dat",11,"t140",1,"3",952,"pseudorec","backw","HF","conc",NA,140,"UZGOT","VLD"
136,"s11.dat",11,"t102",1,"1",681,"rec","forw","LF","abst","ljutnja",102,"LJUTNJA","ALD"
136,"s11.dat",11,"t102",1,"1",681,"rec","forw","LF","abst","profit",102,"PROFIT","VLD"
137,"s11.dat",11,"t17",1,"1",1232,"rec","backw","HF","conc","čekić",17,"ĆIKEČ","ALD"
137,"s11.dat",11,"t17",1,"1",1232,"rec","backw","HF","conc","smokva",17,"AVKOMS","VLD"
138,"s11.dat",11,"t138",1,"3",841,"pseudorec","backw","HF","conc",NA,138,"MAGNEG","ALD"
138,"s11.dat",11,"t138",1,"3",841,"pseudorec","backw","HF","conc",NA,138,"KAPLAB","VLD"
139,"s11.dat",11,"t225",1,"3",851,"pseudorec","forw","LF","abst",NA,225,"BULDOF","ALD"
139,"s11.dat",11,"t225",1,"3",851,"pseudorec","forw","LF","abst",NA,225,"TUMOČ","VLD"
140,"s11.dat",11,"t103",0,"3",NA,"rec","forw","LF","abst","fizika",103,"FIZIKA","ALD"
140,"s11.dat",11,"t103",0,"3",NA,"rec","forw","LF","abst","nedelo",103,"NEDELO","VLD"
141,"s11.dat",11,"t79",1,"1",651,"rec","forw","HF","conc","marama",79,"MARAMA","ALD"
141,"s11.dat",11,"t79",1,"1",651,"rec","forw","HF","conc","kolica",79,"KOLICA","VLD"
142,"s11.dat",11,"t49",1,"1",1182,"rec","backw","LF","conc","jarac",49,"CARAJ","ALD"
142,"s11.dat",11,"t49",1,"1",1182,"rec","backw","LF","conc","pegla",49,"ALGEP","VLD"
143,"s11.dat",11,"t164",1,"3",1001,"pseudorec","backw","LF","abst",NA,164,"SULTAK","ALD"
143,"s11.dat",11,"t164",1,"3",1001,"pseudorec","backw","LF","abst",NA,164,"BILTEG","VLD"
144,"s11.dat",11,"t67",1,"1",761,"rec","forw","HF","abst","sezona",67,"SEZONA","ALD"
144,"s11.dat",11,"t67",1,"1",761,"rec","forw","HF","abst","propis",67,"PROPIS","VLD"
145,"s11.dat",11,"t183",1,"3",601,"pseudorec","forw","HF","abst",NA,183,"POGAJ","ALD"
145,"s11.dat",11,"t183",1,"3",601,"pseudorec","forw","HF","abst",NA,183,"GURMAB","VLD"
146,"s11.dat",11,"t112",1,"1",661,"rec","forw","LF","conc","zvečka",112,"ZVEČKA","ALD"
146,"s11.dat",11,"t112",1,"1",661,"rec","forw","LF","conc","torta",112,"TORTA","VLD"
147,"s11.dat",11,"t110",1,"1",731,"rec","forw","LF","conc","ranac",110,"RANAC","ALD"
147,"s11.dat",11,"t110",1,"1",731,"rec","forw","LF","conc","kliker",110,"KLIKER","VLD"
148,"s11.dat",11,"t133",1,"3",831,"pseudorec","backw","HF","abst",NA,133,"ŠTAPIZ","ALD"
148,"s11.dat",11,"t133",1,"3",831,"pseudorec","backw","HF","abst",NA,133,"LIRIZ","VLD"
149,"s11.dat",11,"t131",1,"3",721,"pseudorec","backw","HF","abst",NA,131,"PORIG","ALD"
149,"s11.dat",11,"t131",1,"3",721,"pseudorec","backw","HF","abst",NA,131,"PATROZ","VLD"
150,"s11.dat",11,"t239",1,"3",671,"pseudorec","forw","LF","conc",NA,239,"BIFTEM","ALD"
150,"s11.dat",11,"t239",1,"3",671,"pseudorec","forw","LF","conc",NA,239,"RUNDOG","VLD"
151,"s11.dat",11,"t19",1,"1",1102,"rec","backw","HF","conc","sekira",19,"ARIKES","ALD"
151,"s11.dat",11,"t19",1,"1",1102,"rec","backw","HF","conc","rakija",19,"AJIKAR","VLD"
152,"s11.dat",11,"t119",1,"1",641,"rec","forw","LF","conc","flauta",119,"FLAUTA","ALD"
152,"s11.dat",11,"t119",1,"1",641,"rec","forw","LF","conc","kecelja",119,"KECELJA","VLD"
153,"s11.dat",11,"t135",1,"3",1051,"pseudorec","backw","HF","abst",NA,135,"LEMUK","ALD"
153,"s11.dat",11,"t135",1,"3",1051,"pseudorec","backw","HF","abst",NA,135,"FALUČ","VLD"
154,"s11.dat",11,"t212",1,"3",1061,"pseudorec","forw","LF","abst",NA,212,"TIRKIB","ALD"
154,"s11.dat",11,"t212",1,"3",1061,"pseudorec","forw","LF","abst",NA,212,"KRETEP","VLD"
155,"s11.dat",11,"t151",1,"3",1062,"pseudorec","backw","LF","abst",NA,151,"PRIZIT","ALD"
155,"s11.dat",11,"t151",1,"3",1062,"pseudorec","backw","LF","abst",NA,151,"PASAM","VLD"
156,"s11.dat",11,"t146",1,"3",892,"pseudorec","backw","HF","conc",NA,146,"FOSIK","ALD"
156,"s11.dat",11,"t146",1,"3",892,"pseudorec","backw","HF","conc",NA,146,"DRIPAG","VLD"
157,"s11.dat",11,"t72",1,"1",581,"rec","forw","HF","abst","uslov",72,"USLOV","ALD"
157,"s11.dat",11,"t72",1,"1",581,"rec","forw","HF","abst","uspeh",72,"USPEH","VLD"
158,"s11.dat",11,"t168",1,"3",1012,"pseudorec","backw","LF","conc",NA,168,"JELEP","ALD"
158,"s11.dat",11,"t168",1,"3",1012,"pseudorec","backw","LF","conc",NA,168,"ĆUMEP","VLD"
159,"s11.dat",11,"t223",1,"3",861,"pseudorec","forw","LF","abst",NA,223,"OPILJAL","ALD"
159,"s11.dat",11,"t223",1,"3",861,"pseudorec","forw","LF","abst",NA,223,"IZOTOC","VLD"
160,"s11.dat",11,"t107",1,"1",721,"rec","forw","LF","conc","sarma",107,"SARMA","ALD"
160,"s11.dat",11,"t107",1,"1",721,"rec","forw","LF","conc","čioda",107,"ČIODA","VLD"
161,"s11.dat",11,"t20",0,"3",NA,"rec","backw","HF","conc","cipela",20,"ALEPIC","ALD"
161,"s11.dat",11,"t20",0,"3",NA,"rec","backw","HF","conc","konac",20,"CANOK","VLD"
162,"s11.dat",11,"t62",1,"1",761,"rec","forw","HF","abst","izdaja",62,"IZDAJA","ALD"
162,"s11.dat",11,"t62",1,"1",761,"rec","forw","HF","abst","uzrok",62,"UZROK","VLD"
163,"s11.dat",11,"t11",0,"3",NA,"rec","backw","HF","abst","zanos",11,"SONAZ","ALD"
163,"s11.dat",11,"t11",0,"3",NA,"rec","backw","HF","abst","smisao",11,"OASIMS","VLD"
164,"s11.dat",11,"t228",1,"3",881,"pseudorec","forw","LF","conc",NA,228,"ULKUG","ALD"
164,"s11.dat",11,"t228",1,"3",881,"pseudorec","forw","LF","conc",NA,228,"FLANEG","VLD"
165,"s11.dat",11,"t174",1,"3",721,"pseudorec","backw","LF","conc",NA,174,"VOKAB","ALD"
165,"s11.dat",11,"t174",1,"3",721,"pseudorec","backw","LF","conc",NA,174,"ZIDIB","VLD"
166,"s11.dat",11,"t70",1,"1",701,"rec","forw","HF","abst","briga",70,"BRIGA","ALD"
166,"s11.dat",11,"t70",1,"1",701,"rec","forw","HF","abst","napor",70,"NAPOR","VLD"
167,"s11.dat",11,"t178",1,"3",1072,"pseudorec","backw","LF","conc",NA,178,"MANGUD","ALD"
167,"s11.dat",11,"t178",1,"3",1072,"pseudorec","backw","LF","conc",NA,178,"STALAV","VLD"
168,"s11.dat",11,"t193",1,"3",802,"pseudorec","forw","HF","abst",NA,193,"JARAT","ALD"
168,"s11.dat",11,"t193",1,"3",802,"pseudorec","forw","HF","abst",NA,193,"PROLOZ","VLD"
169,"s11.dat",11,"t85",1,"1",721,"rec","forw","HF","conc","koleno",85,"KOLENO","ALD"
169,"s11.dat",11,"t85",1,"1",721,"rec","forw","HF","conc","pepeo",85,"PEPEO","VLD"
170,"s11.dat",11,"t108",1,"1",741,"rec","forw","LF","conc","tegla",108,"TEGLA","ALD"
170,"s11.dat",11,"t108",1,"1",741,"rec","forw","LF","conc","kompot",108,"KOMPOT","VLD"
171,"s11.dat",11,"t25",1,"1",821,"rec","backw","HF","conc","jabuka",25,"AKUBAJ","ALD"
171,"s11.dat",11,"t25",1,"1",821,"rec","backw","HF","conc","lanac",25,"CANAL","VLD"
172,"s11.dat",11,"t89",1,"1",852,"rec","forw","HF","conc","prozor",89,"PROZOR","ALD"
172,"s11.dat",11,"t89",1,"1",852,"rec","forw","HF","conc","vrata",89,"VRATA","VLD"
173,"s11.dat",11,"t155",1,"3",651,"pseudorec","backw","LF","abst",NA,155,"MIKROZ","ALD"
173,"s11.dat",11,"t155",1,"3",651,"pseudorec","backw","LF","abst",NA,155,"KAUBOT","VLD"
174,"s11.dat",11,"t50",1,"1",701,"rec","backw","LF","conc","ananas",50,"SANANA","ALD"
174,"s11.dat",11,"t50",1,"1",701,"rec","backw","LF","conc","kajmak",50,"KAMJAK","VLD"
175,"s11.dat",11,"t22",0,"3",NA,"rec","backw","HF","conc","čamac",22,"CAMAČ","ALD"
175,"s11.dat",11,"t22",0,"3",NA,"rec","backw","HF","conc","hrast",22,"TSARH","VLD"
176,"s11.dat",11,"t93",1,"1",791,"rec","forw","LF","abst","skepsa",93,"SKEPSA","ALD"
176,"s11.dat",11,"t93",1,"1",791,"rec","forw","LF","abst","barok",93,"BAROK","VLD"
177,"s11.dat",11,"t16",1,"1",1052,"rec","backw","HF","conc","jagoda",16,"ADOGAJ","ALD"
177,"s11.dat",11,"t16",1,"1",1052,"rec","backw","HF","conc","kutija",16,"AJITUK","VLD"
178,"s11.dat",11,"t106",1,"1",781,"rec","forw","LF","conc","jogurt",106,"JOGURT","ALD"
178,"s11.dat",11,"t106",1,"1",781,"rec","forw","LF","conc","kengur",106,"KENGUR","VLD"
179,"s11.dat",11,"t123",1,"3",1372,"pseudorec","backw","HF","abst",NA,123,"TIGAŠ","ALD"
179,"s11.dat",11,"t123",1,"3",1372,"pseudorec","backw","HF","abst",NA,123,"NEUKUD","VLD"
180,"s11.dat",11,"t237",1,"3",1022,"pseudorec","forw","LF","conc",NA,237,"IZDAP","ALD"
180,"s11.dat",11,"t237",1,"3",1022,"pseudorec","forw","LF","conc",NA,237,"FAGOH","VLD"
181,"s11.dat",11,"t158",1,"3",821,"pseudorec","backw","LF","abst",NA,158,"KAJAC","ALD"
181,"s11.dat",11,"t158",1,"3",821,"pseudorec","backw","LF","abst",NA,158,"ĆEVAK","VLD"
182,"s11.dat",11,"t220",1,"3",751,"pseudorec","forw","LF","abst",NA,220,"PERAĐ","ALD"
182,"s11.dat",11,"t220",1,"3",751,"pseudorec","forw","LF","abst",NA,220,"BUMBAG","VLD"
183,"s11.dat",11,"t36",0,"3",NA,"rec","backw","LF","abst","idila",36,"ALIDI","ALD"
183,"s11.dat",11,"t36",0,"3",NA,"rec","backw","LF","abst","impuls",36,"SLUPMI","VLD"
184,"s11.dat",11,"t78",1,"1",751,"rec","forw","HF","conc","korito",78,"KORITO","ALD"
184,"s11.dat",11,"t78",1,"1",751,"rec","forw","HF","conc","jastuk",78,"JASTUK","VLD"
185,"s11.dat",11,"t21",0,"3",NA,"rec","backw","HF","conc","kapija",21,"AJIPAK","ALD"
185,"s11.dat",11,"t21",0,"3",NA,"rec","backw","HF","conc","galeb",21,"BELAG","VLD"
186,"s11.dat",11,"t51",0,"3",NA,"rec","backw","LF","conc","pekmez",51,"ZEMKEP","ALD"
186,"s11.dat",11,"t51",0,"3",NA,"rec","backw","LF","conc","šaran",51,"NARAŠ","VLD"
187,"s11.dat",11,"t58",1,"1",971,"rec","backw","LF","conc","makaze",58,"EZAKAM","ALD"
187,"s11.dat",11,"t58",1,"1",971,"rec","backw","LF","conc","banana",58,"ANANAB","VLD"
188,"s11.dat",11,"t218",1,"3",1482,"pseudorec","forw","LF","abst",NA,218,"ROVAG","ALD"
188,"s11.dat",11,"t218",1,"3",1482,"pseudorec","forw","LF","abst",NA,218,"EPITEZ","VLD"
189,"s11.dat",11,"t177",0,"1",NA,"pseudorec","backw","LF","conc",NA,177,"JERED","ALD"
189,"s11.dat",11,"t177",0,"1",NA,"pseudorec","backw","LF","conc",NA,177,"MELED","VLD"
190,"s11.dat",11,"t156",1,"3",1082,"pseudorec","backw","LF","abst",NA,156,"MINUR","ALD"
190,"s11.dat",11,"t156",1,"3",1082,"pseudorec","backw","LF","abst",NA,156,"PUDINC","VLD"
191,"s11.dat",11,"t230",1,"3",691,"pseudorec","forw","LF","conc",NA,230,"CINIB","ALD"
191,"s11.dat",11,"t230",1,"3",691,"pseudorec","forw","LF","conc",NA,230,"KONZUP","VLD"
192,"s11.dat",11,"t5",0,"3",NA,"rec","backw","HF","abst","promet",5,"TEMORP","ALD"
192,"s11.dat",11,"t5",0,"3",NA,"rec","backw","HF","abst","žalost",5,"TSOLAŽ","VLD"
193,"s11.dat",11,"t41",0,"3",NA,"rec","backw","LF","abst","status",41,"SUTATS","ALD"
193,"s11.dat",11,"t41",0,"3",NA,"rec","backw","LF","abst","tegoba",41,"ABOGET","VLD"
194,"s11.dat",11,"t238",1,"3",1052,"pseudorec","forw","LF","conc",NA,238,"RASAL","ALD"
194,"s11.dat",11,"t238",1,"3",1052,"pseudorec","forw","LF","conc",NA,238,"JASTOM","VLD"
195,"s11.dat",11,"t215",1,"3",1142,"pseudorec","forw","LF","abst",NA,215,"OPOZIN","ALD"
195,"s11.dat",11,"t215",1,"3",1142,"pseudorec","forw","LF","abst",NA,215,"PO~EF","ALD"
196,"s11.dat",11,"t167",1,"3",581,"pseudorec","backw","LF","conc",NA,167,"KOMFON","ALD"
196,"s11.dat",11,"t167",1,"3",581,"pseudorec","backw","LF","conc",NA,167,"KARBOZ","VLD"
197,"s11.dat",11,"t117",1,"1",771,"rec","forw","LF","conc","kvaka",117,"KVAKA","ALD"
197,"s11.dat",11,"t117",1,"1",771,"rec","forw","LF","conc","šerpa",117,"ŠERPA","VLD"
198,"s11.dat",11,"t199",1,"3",771,"pseudorec","forw","HF","conc",NA,199,"BORDEP","ALD"
198,"s11.dat",11,"t199",1,"3",771,"pseudorec","forw","HF","conc",NA,199,"KLIPAĆ","VLD"
199,"s11.dat",11,"t141",1,"3",851,"pseudorec","backw","HF","conc",NA,141,"VODNIB","ALD"
199,"s11.dat",11,"t141",1,"3",851,"pseudorec","backw","HF","conc",NA,141,"CIMEC","VLD"
200,"s11.dat",11,"t43",0,"3",NA,"rec","backw","LF","abst","požuda",43,"ADUŽOP","ALD"
200,"s11.dat",11,"t43",0,"3",NA,"rec","backw","LF","abst","namena",43,"ANEMAN","VLD"
201,"s11.dat",11,"t14",0,"3",NA,"rec","backw","HF","abst","posao",14,"OASOP","ALD"
201,"s11.dat",11,"t14",0,"3",NA,"rec","backw","HF","abst","strah",14,"HARTS","VLD"
202,"s11.dat",11,"t188",1,"3",721,"pseudorec","forw","HF","abst",NA,188,"TENOZ","ALD"
202,"s11.dat",11,"t188",1,"3",721,"pseudorec","forw","HF","abst",NA,188,"KOKTEZ","VLD"
203,"s11.dat",11,"t175",1,"3",721,"pseudorec","backw","LF","conc",NA,175,"UDOVAL","ALD"
203,"s11.dat",11,"t175",1,"3",721,"pseudorec","backw","LF","conc",NA,175,"AKCENAŠ","VLD"
204,"s11.dat",11,"t132",1,"3",481,"pseudorec","backw","HF","abst",NA,132,"NAZER","ALD"
204,"s11.dat",11,"t132",1,"3",481,"pseudorec","backw","HF","abst",NA,132,"AVANČ","VLD"
205,"s11.dat",11,"t65",1,"1",681,"rec","forw","HF","abst","savest",65,"SAVEST","ALD"
205,"s11.dat",11,"t65",1,"1",681,"rec","forw","HF","abst","ideja",65,"IDEJA","VLD"
206,"s11.dat",11,"t203",1,"3",691,"pseudorec","forw","HF","conc",NA,203,"TAPIZ","ALD"
206,"s11.dat",11,"t203",1,"3",691,"pseudorec","forw","HF","conc",NA,203,"KONDOP","VLD"
207,"s11.dat",11,"t97",1,"1",871,"rec","forw","LF","abst","bruka",97,"BRUKA","ALD"
207,"s11.dat",11,"t97",1,"1",871,"rec","forw","LF","abst","manjak",97,"MANJAK","VLD"
208,"s11.dat",11,"t122",1,"3",891,"pseudorec","backw","HF","abst",NA,122,"PREGIT","ALD"
208,"s11.dat",11,"t122",1,"3",891,"pseudorec","backw","HF","abst",NA,122,"FETUP","VLD"
209,"s11.dat",11,"t83",1,"1",822,"rec","forw","HF","conc","klupa",83,"KLUPA","ALD"
209,"s11.dat",11,"t83",1,"1",822,"rec","forw","HF","conc","zavesa",83,"ZAVESA","VLD"
210,"s11.dat",11,"t66",1,"1",641,"rec","forw","HF","abst","period",66,"PERIOD","ALD"
210,"s11.dat",11,"t66",1,"1",641,"rec","forw","HF","abst","otpor",66,"OTPOR","VLD"
211,"s11.dat",11,"t90",1,"1",501,"rec","forw","HF","conc","grana",90,"GRANA","ALD"
211,"s11.dat",11,"t90",1,"1",501,"rec","forw","HF","conc","ptica",90,"PTICA","VLD"
212,"s11.dat",11,"t209",1,"3",1382,"pseudorec","forw","HF","conc",NA,209,"ARGOP","ALD"
212,"s11.dat",11,"t209",1,"3",1382,"pseudorec","forw","HF","conc",NA,209,"HARAK","VLD"
213,"s11.dat",11,"t179",1,"3",781,"pseudorec","backw","LF","conc",NA,179,"PETLIR","ALD"
213,"s11.dat",11,"t179",1,"3",781,"pseudorec","backw","LF","conc",NA,179,"KANTAC","VLD"
214,"s11.dat",11,"t7",0,"3",NA,"rec","backw","HF","abst","proces",7,"SECORP","ALD"
214,"s11.dat",11,"t7",0,"3",NA,"rec","backw","HF","abst","korist",7,"TSIROK","VLD"
215,"s11.dat",11,"t82",0,"3",NA,"rec","forw","HF","conc","kaput",82,"KAPUT","ALD"
215,"s11.dat",11,"t82",0,"3",NA,"rec","forw","HF","conc","klavir",82,"KLAVIR","VLD"
216,"s11.dat",11,"t147",1,"3",611,"pseudorec","backw","HF","conc",NA,147,"PATAR","ALD"
216,"s11.dat",11,"t147",1,"3",611,"pseudorec","backw","HF","conc",NA,147,"VELUT","VLD"
217,"s11.dat",11,"t86",1,"1",911,"rec","forw","HF","conc","krevet",86,"KREVET","ALD"
217,"s11.dat",11,"t86",1,"1",911,"rec","forw","HF","conc","lopta",86,"LOPTA","VLD"
218,"s11.dat",11,"t95",1,"1",971,"rec","forw","LF","abst","apsurd",95,"APSURD","ALD"
218,"s11.dat",11,"t95",1,"1",971,"rec","forw","LF","abst","opseg",95,"OPSEG","VLD"
219,"s11.dat",11,"t154",1,"3",742,"pseudorec","backw","LF","abst",NA,154,"REZOL","ALD"
219,"s11.dat",11,"t154",1,"3",742,"pseudorec","backw","LF","abst",NA,154,"SKRON","VLD"
220,"s11.dat",11,"t40",0,"3",NA,"rec","backw","LF","abst","aspekt",40,"TKEPSA","ALD"
220,"s11.dat",11,"t40",0,"3",NA,"rec","backw","LF","abst","revolt",40,"TLOVER","VLD"
221,"s11.dat",11,"t129",1,"3",721,"pseudorec","backw","HF","abst",NA,129,"AKTEF","ALD"
221,"s11.dat",11,"t129",1,"3",721,"pseudorec","backw","HF","abst",NA,129,"AFEKAL","VLD"
222,"s11.dat",11,"t208",1,"3",621,"pseudorec","forw","HF","conc",NA,208,"GREJAP","ALD"
222,"s11.dat",11,"t208",1,"3",621,"pseudorec","forw","HF","conc",NA,208,"TIKEN","VLD"
223,"s11.dat",11,"t92",1,"1",982,"rec","forw","LF","abst","epitet",92,"EPITET","ALD"
223,"s11.dat",11,"t92",1,"1",982,"rec","forw","LF","abst","intima",92,"INTIMA","VLD"
224,"s11.dat",11,"t130",1,"3",821,"pseudorec","backw","HF","abst",NA,130,"REPTIK","ALD"
224,"s11.dat",11,"t130",1,"3",821,"pseudorec","backw","HF","abst",NA,130,"POVEJ","VLD"
225,"s11.dat",11,"t207",1,"3",601,"pseudorec","forw","HF","conc",NA,207,"ZAREM","ALD"
225,"s11.dat",11,"t207",1,"3",601,"pseudorec","forw","HF","conc",NA,207,"BONTOZ","VLD"
226,"s11.dat",11,"t113",1,"1",721,"rec","forw","LF","conc","alatka",113,"ALATKA","ALD"
226,"s11.dat",11,"t113",1,"1",721,"rec","forw","LF","conc","zebra",113,"ZEBRA","VLD"
227,"s11.dat",11,"t157",1,"3",601,"pseudorec","backw","LF","abst",NA,157,"TITAČ","ALD"
227,"s11.dat",11,"t157",1,"3",601,"pseudorec","backw","LF","abst",NA,157,"ŠAPTAK","VLD"
228,"s11.dat",11,"t101",1,"1",741,"rec","forw","LF","abst","domet",101,"DOMET","ALD"
228,"s11.dat",11,"t101",1,"1",741,"rec","forw","LF","abst","ispad",101,"ISPAD","VLD"
229,"s11.dat",11,"t63",1,"1",721,"rec","forw","HF","abst","motiv",63,"MOTIV","ALD"
229,"s11.dat",11,"t63",1,"1",721,"rec","forw","HF","abst","celina",63,"CELINA","VLD"
230,"s11.dat",11,"t153",1,"3",741,"pseudorec","backw","LF","abst",NA,153,"PERŠUĐ","ALD"
230,"s11.dat",11,"t153",1,"3",741,"pseudorec","backw","LF","abst",NA,153,"LOSIOR","VLD"
231,"s11.dat",11,"t186",1,"3",841,"pseudorec","forw","HF","abst",NA,186,"ZNALAB","ALD"
231,"s11.dat",11,"t186",1,"3",841,"pseudorec","forw","HF","abst",NA,186,"MODUĐ","ALD"
232,"s11.dat",11,"t42",0,"3",NA,"rec","backw","LF","abst","ruglo",42,"OLGUR","ALD"
232,"s11.dat",11,"t42",0,"3",NA,"rec","backw","LF","abst","zamor",42,"ROMAZ","VLD"
233,"s11.dat",11,"t191",1,"3",791,"pseudorec","forw","HF","abst",NA,191,"BAMBUK","ALD"
233,"s11.dat",11,"t191",1,"3",791,"pseudorec","forw","HF","abst",NA,191,"VERMUJ","VLD"
234,"s11.dat",11,"t64",1,"1",1002,"rec","forw","HF","abst","pretnja",64,"PRETNJA","ALD"
234,"s11.dat",11,"t64",1,"1",1002,"rec","forw","HF","abst","milost",64,"MILOST","VLD"
235,"s11.dat",11,"t211",1,"3",591,"pseudorec","forw","LF","abst",NA,211,"KEPEN","ALD"
235,"s11.dat",11,"t211",1,"3",591,"pseudorec","forw","LF","abst",NA,211,"FLUOŠ","VLD"
236,"s11.dat",11,"t198",1,"3",481,"pseudorec","forw","HF","conc",NA,198,"GNJURAB","ALD"
236,"s11.dat",11,"t198",1,"3",481,"pseudorec","forw","HF","conc",NA,198,"NITKOZ","VLD"
237,"s11.dat",11,"t77",1,"1",610,"rec","forw","HF","conc","točak",77,"TOČAK","ALD"
237,"s11.dat",11,"t77",1,"1",610,"rec","forw","HF","conc","kesten",77,"KESTEN","VLD"
238,"s11.dat",11,"t236",1,"3",681,"pseudorec","forw","LF","conc",NA,236,"UMNJAF","ALD"
238,"s11.dat",11,"t236",1,"3",681,"pseudorec","forw","LF","conc",NA,236,"HR~AN","ALD"
239,"s11.dat",11,"t15",0,"3",NA,"rec","backw","HF","abst","misao",15,"OASIM","ALD"
239,"s11.dat",11,"t15",0,"3",NA,"rec","backw","HF","abst","snaga",15,"AGANS","VLD"
240,"s11.dat",11,"t192",0,"1",NA,"pseudorec","forw","HF","abst",NA,192,"OMLEZ","ALD"
240,"s11.dat",11,"t192",0,"1",NA,"pseudorec","forw","HF","abst",NA,192,"IRVAB","VLD"
241,"s11.dat",11,"t226",1,"3",872,"pseudorec","forw","LF","conc",NA,226,"BALZAL","ALD"
241,"s11.dat",11,"t226",1,"3",872,"pseudorec","forw","LF","conc",NA,226,"RITUAC","VLD"
242,"s11.dat",11,"t39",0,"3",NA,"rec","backw","LF","abst","trema",39,"AMERT","ALD"
242,"s11.dat",11,"t39",0,"3",NA,"rec","backw","LF","abst","pouka",39,"AKUOP","VLD"
243,"s11.dat",11,"t73",1,"1",1072,"rec","forw","HF","abst","zakon",73,"ZAKON","ALD"
243,"s11.dat",11,"t73",1,"1",1072,"rec","forw","HF","abst","istina",73,"ISTINA","VLD"
244,"s11.dat",11,"t1",0,"3",NA,"rec","backw","HF","abst","novost",1,"TSOVON","ALD"
244,"s11.dat",11,"t1",0,"3",NA,"rec","backw","HF","abst","metoda",1,"ADOTEM","VLD"
245,"s11.dat",11,"t201",1,"3",681,"pseudorec","forw","HF","conc",NA,201,"CIKLOP","ALD"
245,"s11.dat",11,"t201",1,"3",681,"pseudorec","forw","HF","conc",NA,201,"DESPON","VLD"
246,"s11.dat",11,"t6",0,"3",NA,"rec","backw","HF","abst","svrha",6,"AHRVS","ALD"
246,"s11.dat",11,"t6",0,"3",NA,"rec","backw","HF","abst","obnova",6,"AVONBO","VLD"
247,"s11.dat",11,"t46",0,"3",NA,"rec","backw","LF","conc","maslac",46,"CALSAM","ALD"
247,"s11.dat",11,"t46",0,"3",NA,"rec","backw","LF","conc","cvekla",46,"ALKEVC","VLD"
1,"s12.dat",12,"t127",1,"3",1112,"pseudorec","backw","HF","abst",NA,127,"JAJNIL","ALD"
1,"s12.dat",12,"t127",1,"3",1112,"pseudorec","backw","HF","abst",NA,127,"RATLUZ","VLD"
2,"s12.dat",12,"t196",0,"None",NA,"pseudorec","forw","HF","conc",NA,196,"SVRAL","ALD"
2,"s12.dat",12,"t196",0,"None",NA,"pseudorec","forw","HF","conc",NA,196,"BIZOK","VLD"
4,"s12.dat",12,"t55",0,"3",NA,"rec","backw","LF","conc","zumbul",55,"LUBMUZ","ALD"
4,"s12.dat",12,"t55",0,"3",NA,"rec","backw","LF","conc","kaktus",55,"SUTKAK","VLD"
5,"s12.dat",12,"t28",0,"3",NA,"rec","backw","HF","conc","livada",28,"ADAVIL","ALD"
5,"s12.dat",12,"t28",0,"3",NA,"rec","backw","HF","conc","slika",28,"AKILS","VLD"
6,"s12.dat",12,"t131",1,"3",1442,"pseudorec","backw","HF","abst",NA,131,"PORIG","ALD"
6,"s12.dat",12,"t131",1,"3",1442,"pseudorec","backw","HF","abst",NA,131,"PATROZ","VLD"
7,"s12.dat",12,"t25",0,"None",NA,"rec","backw","HF","conc","jabuka",25,"AKUBAJ","ALD"
7,"s12.dat",12,"t25",0,"None",NA,"rec","backw","HF","conc","lanac",25,"CANAL","VLD"
9,"s12.dat",12,"t170",1,"3",1172,"pseudorec","backw","LF","conc",NA,170,"PORTIN","ALD"
9,"s12.dat",12,"t170",1,"3",1172,"pseudorec","backw","LF","conc",NA,170,"ŠESTAM","VLD"
10,"s12.dat",12,"t207",1,"3",1201,"pseudorec","forw","HF","conc",NA,207,"ZAREM","ALD"
10,"s12.dat",12,"t207",1,"3",1201,"pseudorec","forw","HF","conc",NA,207,"BONTOZ","VLD"
11,"s12.dat",12,"t167",1,"3",1051,"pseudorec","backw","LF","conc",NA,167,"KOMFON","ALD"
11,"s12.dat",12,"t167",1,"3",1051,"pseudorec","backw","LF","conc",NA,167,"KARBOZ","VLD"
12,"s12.dat",12,"t57",1,"1",1352,"rec","backw","LF","conc","ekser",57,"RESKE","ALD"
12,"s12.dat",12,"t57",1,"1",1352,"rec","backw","LF","conc","kokos",57,"SOKOK","VLD"
13,"s12.dat",12,"t54",0,"3",NA,"rec","backw","LF","conc","klovn",54,"NVOLK","ALD"
13,"s12.dat",12,"t54",0,"3",NA,"rec","backw","LF","conc","štuka",54,"AKUTŠ","VLD"
14,"s12.dat",12,"t89",1,"1",951,"rec","forw","HF","conc","prozor",89,"PROZOR","ALD"
14,"s12.dat",12,"t89",1,"1",951,"rec","forw","HF","conc","vrata",89,"VRATA","VLD"
15,"s12.dat",12,"t195",0,"1",NA,"pseudorec","forw","HF","abst",NA,195,"SVEKAN","ALD"
15,"s12.dat",12,"t195",0,"1",NA,"pseudorec","forw","HF","abst",NA,195,"TOTEK","VLD"
16,"s12.dat",12,"t47",0,"3",NA,"rec","backw","LF","conc","spanać",47,"ĆANAPS","ALD"
16,"s12.dat",12,"t47",0,"3",NA,"rec","backw","LF","conc","pereca",47,"ACEREP","VLD"
17,"s12.dat",12,"t209",1,"3",1372,"pseudorec","forw","HF","conc",NA,209,"ARGOP","ALD"
17,"s12.dat",12,"t209",1,"3",1372,"pseudorec","forw","HF","conc",NA,209,"HARAK","VLD"
18,"s12.dat",12,"t152",0,"1",NA,"pseudorec","backw","LF","abst",NA,152,"KAJMAR","ALD"
18,"s12.dat",12,"t152",0,"1",NA,"pseudorec","backw","LF","abst",NA,152,"VEŠTAP","VLD"
19,"s12.dat",12,"t14",0,"None",NA,"rec","backw","HF","abst","posao",14,"OASOP","ALD"
19,"s12.dat",12,"t14",0,"None",NA,"rec","backw","HF","abst","strah",14,"HARTS","VLD"
21,"s12.dat",12,"t185",1,"3",771,"pseudorec","forw","HF","abst",NA,185,"FARMET","ALD"
21,"s12.dat",12,"t185",1,"3",771,"pseudorec","forw","HF","abst",NA,185,"RABIĐ","ALD"
22,"s12.dat",12,"t36",0,"3",NA,"rec","backw","LF","abst","idila",36,"ALIDI","ALD"
22,"s12.dat",12,"t36",0,"3",NA,"rec","backw","LF","abst","impuls",36,"SLUPMI","VLD"
23,"s12.dat",12,"t105",1,"1",661,"rec","forw","LF","abst","logika",105,"LOGIKA","ALD"
23,"s12.dat",12,"t105",1,"1",661,"rec","forw","LF","abst","oprez",105,"OPREZ","VLD"
24,"s12.dat",12,"t76",1,"1",812,"rec","forw","HF","conc","tepih",76,"TEPIH","ALD"
24,"s12.dat",12,"t76",1,"1",812,"rec","forw","HF","conc","sapun",76,"SAPUN","VLD"
25,"s12.dat",12,"t189",1,"3",601,"pseudorec","forw","HF","abst",NA,189,"LOGOK","ALD"
25,"s12.dat",12,"t189",1,"3",601,"pseudorec","forw","HF","abst",NA,189,"BEĆAŠ","VLD"
26,"s12.dat",12,"t238",1,"3",1062,"pseudorec","forw","LF","conc",NA,238,"RASAL","ALD"
26,"s12.dat",12,"t238",1,"3",1062,"pseudorec","forw","LF","conc",NA,238,"JASTOM","VLD"
27,"s12.dat",12,"t50",0,"3",NA,"rec","backw","LF","conc","ananas",50,"SANANA","ALD"
27,"s12.dat",12,"t50",0,"3",NA,"rec","backw","LF","conc","kajmak",50,"KAMJAK","VLD"
28,"s12.dat",12,"t159",0,"None",NA,"pseudorec","backw","LF","abst",NA,159,"MALEG","ALD"
28,"s12.dat",12,"t159",0,"None",NA,"pseudorec","backw","LF","abst",NA,159,"MADAZ","VLD"
30,"s12.dat",12,"t9",0,"3",NA,"rec","backw","HF","abst","mašta",9,"ATŠAM","ALD"
30,"s12.dat",12,"t9",0,"3",NA,"rec","backw","HF","abst","razlog",9,"GOLZAR","VLD"
31,"s12.dat",12,"t23",0,"None",NA,"rec","backw","HF","conc","odelo",23,"OLEDO","ALD"
31,"s12.dat",12,"t23",0,"None",NA,"rec","backw","HF","conc","blato",23,"OTALB","VLD"
33,"s12.dat",12,"t66",1,"1",711,"rec","forw","HF","abst","period",66,"PERIOD","ALD"
33,"s12.dat",12,"t66",1,"1",711,"rec","forw","HF","abst","otpor",66,"OTPOR","VLD"
34,"s12.dat",12,"t155",1,"3",891,"pseudorec","backw","LF","abst",NA,155,"MIKROZ","ALD"
34,"s12.dat",12,"t155",1,"3",891,"pseudorec","backw","LF","abst",NA,155,"KAUBOT","VLD"
35,"s12.dat",12,"t51",0,"None",NA,"rec","backw","LF","conc","pekmez",51,"ZEMKEP","ALD"
35,"s12.dat",12,"t51",0,"None",NA,"rec","backw","LF","conc","šaran",51,"NARAŠ","VLD"
37,"s12.dat",12,"t231",0,"1",NA,"pseudorec","forw","LF","conc",NA,231,"MLEKAF","ALD"
37,"s12.dat",12,"t231",0,"1",NA,"pseudorec","forw","LF","conc",NA,231,"KENGUN","VLD"
38,"s12.dat",12,"t15",0,"3",NA,"rec","backw","HF","abst","misao",15,"OASIM","ALD"
38,"s12.dat",12,"t15",0,"3",NA,"rec","backw","HF","abst","snaga",15,"AGANS","VLD"
39,"s12.dat",12,"t165",1,"3",961,"pseudorec","backw","LF","abst",NA,165,"KARMIG","ALD"
39,"s12.dat",12,"t165",1,"3",961,"pseudorec","backw","LF","abst",NA,165,"SIRUL","VLD"
40,"s12.dat",12,"t97",0,"3",NA,"rec","forw","LF","abst","bruka",97,"BRUKA","ALD"
40,"s12.dat",12,"t97",0,"3",NA,"rec","forw","LF","abst","manjak",97,"MANJAK","VLD"
41,"s12.dat",12,"t208",0,"1",NA,"pseudorec","forw","HF","conc",NA,208,"GREJAP","ALD"
41,"s12.dat",12,"t208",0,"1",NA,"pseudorec","forw","HF","conc",NA,208,"TIKEN","VLD"
42,"s12.dat",12,"t10",0,"3",NA,"rec","backw","HF","abst","značaj",10,"JAČANZ","ALD"
42,"s12.dat",12,"t10",0,"3",NA,"rec","backw","HF","abst","svest",10,"TSEVS","VLD"
43,"s12.dat",12,"t85",1,"1",1211,"rec","forw","HF","conc","koleno",85,"KOLENO","ALD"
43,"s12.dat",12,"t85",1,"1",1211,"rec","forw","HF","conc","pepeo",85,"PEPEO","VLD"
44,"s12.dat",12,"t225",1,"3",1041,"pseudorec","forw","LF","abst",NA,225,"BULDOF","ALD"
44,"s12.dat",12,"t225",1,"3",1041,"pseudorec","forw","LF","abst",NA,225,"TUMOČ","VLD"
45,"s12.dat",12,"t199",0,"None",NA,"pseudorec","forw","HF","conc",NA,199,"BORDEP","ALD"
45,"s12.dat",12,"t199",0,"None",NA,"pseudorec","forw","HF","conc",NA,199,"KLIPAĆ","VLD"
48,"s12.dat",12,"t84",1,"1",1052,"rec","forw","HF","conc","sveća",84,"SVEĆA","ALD"
48,"s12.dat",12,"t84",1,"1",1052,"rec","forw","HF","conc","školjka",84,"ŠKOLJKA","VLD"
49,"s12.dat",12,"t93",1,"1",851,"rec","forw","LF","abst","skepsa",93,"SKEPSA","ALD"
49,"s12.dat",12,"t93",1,"1",851,"rec","forw","LF","abst","barok",93,"BAROK","VLD"
50,"s12.dat",12,"t232",0,"1",NA,"pseudorec","forw","LF","conc",NA,232,"TOALEB","ALD"
50,"s12.dat",12,"t232",0,"1",NA,"pseudorec","forw","LF","conc",NA,232,"FAZOR","VLD"
51,"s12.dat",12,"t67",1,"1",771,"rec","forw","HF","abst","sezona",67,"SEZONA","ALD"
51,"s12.dat",12,"t67",1,"1",771,"rec","forw","HF","abst","propis",67,"PROPIS","VLD"
52,"s12.dat",12,"t201",1,"3",1002,"pseudorec","forw","HF","conc",NA,201,"CIKLOP","ALD"
52,"s12.dat",12,"t201",1,"3",1002,"pseudorec","forw","HF","conc",NA,201,"DESPON","VLD"
53,"s12.dat",12,"t237",1,"3",761,"pseudorec","forw","LF","conc",NA,237,"IZDAP","ALD"
53,"s12.dat",12,"t237",1,"3",761,"pseudorec","forw","LF","conc",NA,237,"FAGOH","VLD"
54,"s12.dat",12,"t115",1,"1",841,"rec","forw","LF","conc","božur",115,"BOŽUR","ALD"
54,"s12.dat",12,"t115",1,"1",841,"rec","forw","LF","conc","prase",115,"PRASE","VLD"
55,"s12.dat",12,"t100",1,"1",911,"rec","forw","LF","abst","trpnja",100,"TRPNJA","ALD"
55,"s12.dat",12,"t100",1,"1",911,"rec","forw","LF","abst","raspon",100,"RASPON","VLD"
56,"s12.dat",12,"t213",0,"None",NA,"pseudorec","forw","LF","abst",NA,213,"DOSLUZ","ALD"
56,"s12.dat",12,"t213",0,"None",NA,"pseudorec","forw","LF","abst",NA,213,"ODVOC","VLD"
58,"s12.dat",12,"t3",1,"1",782,"rec","backw","HF","abst","kriza",3,"AZIRK","ALD"
58,"s12.dat",12,"t3",1,"1",782,"rec","backw","HF","abst","uticaj",3,"JACITU","VLD"
59,"s12.dat",12,"t112",1,"1",1091,"rec","forw","LF","conc","zvečka",112,"ZVEČKA","ALD"
59,"s12.dat",12,"t112",1,"1",1091,"rec","forw","LF","conc","torta",112,"TORTA","VLD"
60,"s12.dat",12,"t130",1,"3",781,"pseudorec","backw","HF","abst",NA,130,"REPTIK","ALD"
60,"s12.dat",12,"t130",1,"3",781,"pseudorec","backw","HF","abst",NA,130,"POVEJ","VLD"
61,"s12.dat",12,"t31",0,"3",NA,"rec","backw","LF","abst","izazov",31,"VOZAZI","ALD"
61,"s12.dat",12,"t31",0,"3",NA,"rec","backw","LF","abst","etika",31,"AKITE","VLD"
62,"s12.dat",12,"t137",1,"3",852,"pseudorec","backw","HF","conc",NA,137,"POLEZ","ALD"
62,"s12.dat",12,"t137",1,"3",852,"pseudorec","backw","HF","conc",NA,137,"STICAP","VLD"
63,"s12.dat",12,"t65",1,"1",1062,"rec","forw","HF","abst","savest",65,"SAVEST","ALD"
63,"s12.dat",12,"t65",1,"1",1062,"rec","forw","HF","abst","ideja",65,"IDEJA","VLD"
64,"s12.dat",12,"t61",0,"3",NA,"rec","forw","HF","abst","nemoć",61,"NEMOĆ","ALD"
64,"s12.dat",12,"t61",0,"3",NA,"rec","forw","HF","abst","sudba",61,"SUDBA","VLD"
65,"s12.dat",12,"t173",1,"3",1152,"pseudorec","backw","LF","conc",NA,173,"IMPORK","ALD"
65,"s12.dat",12,"t173",1,"3",1152,"pseudorec","backw","LF","conc",NA,173,"LENJOČ","VLD"
66,"s12.dat",12,"t153",0,"None",NA,"pseudorec","backw","LF","abst",NA,153,"PERŠUĐ","ALD"
66,"s12.dat",12,"t153",0,"None",NA,"pseudorec","backw","LF","abst",NA,153,"LOSIOR","VLD"
68,"s12.dat",12,"t229",1,"3",951,"pseudorec","forw","LF","conc",NA,229,"REBUL","ALD"
68,"s12.dat",12,"t229",1,"3",951,"pseudorec","forw","LF","conc",NA,229,"NABOH","VLD"
69,"s12.dat",12,"t35",0,"None",NA,"rec","backw","LF","abst","poenta",35,"ATNEOP","ALD"
69,"s12.dat",12,"t35",0,"None",NA,"rec","backw","LF","abst","raskid",35,"DIKSAR","VLD"
71,"s12.dat",12,"t217",1,"3",621,"pseudorec","forw","LF","abst",NA,217,"SERUP","ALD"
71,"s12.dat",12,"t217",1,"3",621,"pseudorec","forw","LF","abst",NA,217,"REZAG","VLD"
72,"s12.dat",12,"t180",1,"3",801,"pseudorec","backw","LF","conc",NA,180,"RAZVOC","ALD"
72,"s12.dat",12,"t180",1,"3",801,"pseudorec","backw","LF","conc",NA,180,"FILTEB","VLD"
73,"s12.dat",12,"t71",1,"1",721,"rec","forw","HF","abst","slutnja",71,"SLUTNJA","ALD"
73,"s12.dat",12,"t71",1,"1",721,"rec","forw","HF","abst","razvoj",71,"RAZVOJ","VLD"
74,"s12.dat",12,"t18",0,"3",NA,"rec","backw","HF","conc","brašno",18,"ONŠARB","ALD"
74,"s12.dat",12,"t18",0,"3",NA,"rec","backw","HF","conc","sanduk",18,"KUDNAS","VLD"
75,"s12.dat",12,"t52",0,"3",NA,"rec","backw","LF","conc","šunka",52,"AKNUŠ","ALD"
75,"s12.dat",12,"t52",0,"3",NA,"rec","backw","LF","conc","fazan",52,"NAZAF","VLD"
76,"s12.dat",12,"t212",1,"3",1392,"pseudorec","forw","LF","abst",NA,212,"TIRKIB","ALD"
76,"s12.dat",12,"t212",1,"3",1392,"pseudorec","forw","LF","abst",NA,212,"KRETEP","VLD"
77,"s12.dat",12,"t72",1,"1",590,"rec","forw","HF","abst","uslov",72,"USLOV","ALD"
77,"s12.dat",12,"t72",1,"1",590,"rec","forw","HF","abst","uspeh",72,"USPEH","VLD"
78,"s12.dat",12,"t141",1,"3",891,"pseudorec","backw","HF","conc",NA,141,"VODNIB","ALD"
78,"s12.dat",12,"t141",1,"3",891,"pseudorec","backw","HF","conc",NA,141,"CIMEC","VLD"
79,"s12.dat",12,"t228",1,"3",921,"pseudorec","forw","LF","conc",NA,228,"ULKUG","ALD"
79,"s12.dat",12,"t228",1,"3",921,"pseudorec","forw","LF","conc",NA,228,"FLANEG","VLD"
80,"s12.dat",12,"t117",0,"None",NA,"rec","forw","LF","conc","kvaka",117,"KVAKA","ALD"
80,"s12.dat",12,"t117",0,"None",NA,"rec","forw","LF","conc","šerpa",117,"ŠERPA","VLD"
82,"s12.dat",12,"t119",0,"3",NA,"rec","forw","LF","conc","flauta",119,"FLAUTA","ALD"
82,"s12.dat",12,"t119",0,"3",NA,"rec","forw","LF","conc","kecelja",119,"KECELJA","VLD"
83,"s12.dat",12,"t77",1,"1",871,"rec","forw","HF","conc","točak",77,"TOČAK","ALD"
83,"s12.dat",12,"t77",1,"1",871,"rec","forw","HF","conc","kesten",77,"KESTEN","VLD"
84,"s12.dat",12,"t132",1,"3",620,"pseudorec","backw","HF","abst",NA,132,"NAZER","ALD"
84,"s12.dat",12,"t132",1,"3",620,"pseudorec","backw","HF","abst",NA,132,"AVANČ","VLD"
85,"s12.dat",12,"t6",0,"3",NA,"rec","backw","HF","abst","svrha",6,"AHRVS","ALD"
85,"s12.dat",12,"t6",0,"3",NA,"rec","backw","HF","abst","obnova",6,"AVONBO","VLD"
86,"s12.dat",12,"t17",0,"3",NA,"rec","backw","HF","conc","čekić",17,"ĆIKEČ","ALD"
86,"s12.dat",12,"t17",0,"3",NA,"rec","backw","HF","conc","smokva",17,"AVKOMS","VLD"
87,"s12.dat",12,"t41",0,"3",NA,"rec","backw","LF","abst","status",41,"SUTATS","ALD"
87,"s12.dat",12,"t41",0,"3",NA,"rec","backw","LF","abst","tegoba",41,"ABOGET","VLD"
88,"s12.dat",12,"t198",0,"None",NA,"pseudorec","forw","HF","conc",NA,198,"GNJURAB","ALD"
88,"s12.dat",12,"t198",0,"None",NA,"pseudorec","forw","HF","conc",NA,198,"NITKOZ","VLD"
90,"s12.dat",12,"t224",0,"None",NA,"pseudorec","forw","LF","abst",NA,224,"BOJLEG","ALD"
90,"s12.dat",12,"t224",0,"None",NA,"pseudorec","forw","LF","abst",NA,224,"DISTIC","VLD"
92,"s12.dat",12,"t42",0,"3",NA,"rec","backw","LF","abst","ruglo",42,"OLGUR","ALD"
92,"s12.dat",12,"t42",0,"3",NA,"rec","backw","LF","abst","zamor",42,"ROMAZ","VLD"
93,"s12.dat",12,"t136",0,"None",NA,"pseudorec","backw","HF","conc",NA,136,"TURBAH","ALD"
93,"s12.dat",12,"t136",0,"None",NA,"pseudorec","backw","HF","conc",NA,136,"AZBESČ","VLD"
95,"s12.dat",12,"t53",0,"3",NA,"rec","backw","LF","conc","šnicla",53,"ALCINŠ","ALD"
95,"s12.dat",12,"t53",0,"3",NA,"rec","backw","LF","conc","salama",53,"AMALAS","VLD"
96,"s12.dat",12,"t166",1,"3",851,"pseudorec","backw","LF","conc",NA,166,"SVETAF","ALD"
96,"s12.dat",12,"t166",1,"3",851,"pseudorec","backw","LF","conc",NA,166,"BIOLOR","VLD"
97,"s12.dat",12,"t113",1,"1",641,"rec","forw","LF","conc","alatka",113,"ALATKA","ALD"
97,"s12.dat",12,"t113",1,"1",641,"rec","forw","LF","conc","zebra",113,"ZEBRA","VLD"
98,"s12.dat",12,"t20",1,"1",1482,"rec","backw","HF","conc","cipela",20,"ALEPIC","ALD"
98,"s12.dat",12,"t20",1,"1",1482,"rec","backw","HF","conc","konac",20,"CANOK","VLD"
99,"s12.dat",12,"t43",0,"None",NA,"rec","backw","LF","abst","požuda",43,"ADUŽOP","ALD"
99,"s12.dat",12,"t43",0,"None",NA,"rec","backw","LF","abst","namena",43,"ANEMAN","VLD"
101,"s12.dat",12,"t129",1,"3",811,"pseudorec","backw","HF","abst",NA,129,"AKTEF","ALD"
101,"s12.dat",12,"t129",1,"3",811,"pseudorec","backw","HF","abst",NA,129,"AFEKAL","VLD"
102,"s12.dat",12,"t56",0,"3",NA,"rec","backw","LF","conc","sirće",56,"EĆRIS","ALD"
102,"s12.dat",12,"t56",0,"3",NA,"rec","backw","LF","conc","kobra",56,"ARBOK","VLD"
103,"s12.dat",12,"t5",0,"None",NA,"rec","backw","HF","abst","promet",5,"TEMORP","ALD"
103,"s12.dat",12,"t5",0,"None",NA,"rec","backw","HF","abst","žalost",5,"TSOLAŽ","VLD"
105,"s12.dat",12,"t121",0,"1",NA,"pseudorec","backw","HF","abst",NA,121,"TROVAB","ALD"
105,"s12.dat",12,"t121",0,"1",NA,"pseudorec","backw","HF","abst",NA,121,"KORDOB","VLD"
106,"s12.dat",12,"t103",1,"1",1212,"rec","forw","LF","abst","fizika",103,"FIZIKA","ALD"
106,"s12.dat",12,"t103",1,"1",1212,"rec","forw","LF","abst","nedelo",103,"NEDELO","VLD"
107,"s12.dat",12,"t223",1,"3",1252,"pseudorec","forw","LF","abst",NA,223,"OPILJAL","ALD"
107,"s12.dat",12,"t223",1,"3",1252,"pseudorec","forw","LF","abst",NA,223,"IZOTOC","VLD"
108,"s12.dat",12,"t87",1,"1",631,"rec","forw","HF","conc","pesak",87,"PESAK","ALD"
108,"s12.dat",12,"t87",1,"1",631,"rec","forw","HF","conc","staklo",87,"STAKLO","VLD"
109,"s12.dat",12,"t193",1,"3",941,"pseudorec","forw","HF","abst",NA,193,"JARAT","ALD"
109,"s12.dat",12,"t193",1,"3",941,"pseudorec","forw","HF","abst",NA,193,"PROLOZ","VLD"
110,"s12.dat",12,"t114",1,"1",711,"rec","forw","LF","conc","biber",114,"BIBER","ALD"
110,"s12.dat",12,"t114",1,"1",711,"rec","forw","LF","conc","liker",114,"LIKER","VLD"
111,"s12.dat",12,"t4",0,"3",NA,"rec","backw","HF","abst","namera",4,"AREMAN","ALD"
111,"s12.dat",12,"t4",0,"3",NA,"rec","backw","HF","abst","osveta",4,"ATEVSO","VLD"
112,"s12.dat",12,"t205",1,"3",651,"pseudorec","forw","HF","conc",NA,205,"PEŠKIG","ALD"
112,"s12.dat",12,"t205",1,"3",651,"pseudorec","forw","HF","conc",NA,205,"EVNUB","VLD"
113,"s12.dat",12,"t83",1,"1",1051,"rec","forw","HF","conc","klupa",83,"KLUPA","ALD"
113,"s12.dat",12,"t83",1,"1",1051,"rec","forw","HF","conc","zavesa",83,"ZAVESA","VLD"
114,"s12.dat",12,"t8",0,"3",NA,"rec","backw","HF","abst","pojava",8,"AVAJOP","ALD"
114,"s12.dat",12,"t8",0,"3",NA,"rec","backw","HF","abst","pravda",8,"ADVARP","VLD"
115,"s12.dat",12,"t27",0,"3",NA,"rec","backw","HF","conc","stena",27,"ANETS","ALD"
115,"s12.dat",12,"t27",0,"3",NA,"rec","backw","HF","conc","mleko",27,"OKELM","VLD"
116,"s12.dat",12,"t182",1,"3",972,"pseudorec","forw","HF","abst",NA,182,"CVETIL","ALD"
116,"s12.dat",12,"t182",1,"3",972,"pseudorec","forw","HF","abst",NA,182,"DOLAŠ","VLD"
117,"s12.dat",12,"t73",1,"1",781,"rec","forw","HF","abst","zakon",73,"ZAKON","ALD"
117,"s12.dat",12,"t73",1,"1",781,"rec","forw","HF","abst","istina",73,"ISTINA","VLD"
118,"s12.dat",12,"t92",1,"1",881,"rec","forw","LF","abst","epitet",92,"EPITET","ALD"
118,"s12.dat",12,"t92",1,"1",881,"rec","forw","LF","abst","intima",92,"INTIMA","VLD"
119,"s12.dat",12,"t101",1,"1",581,"rec","forw","LF","abst","domet",101,"DOMET","ALD"
119,"s12.dat",12,"t101",1,"1",581,"rec","forw","LF","abst","ispad",101,"ISPAD","VLD"
120,"s12.dat",12,"t149",0,"1",NA,"pseudorec","backw","HF","conc",NA,149,"KINIB","ALD"
120,"s12.dat",12,"t149",0,"1",NA,"pseudorec","backw","HF","conc",NA,149,"VISAR","VLD"
121,"s12.dat",12,"t58",0,"None",NA,"rec","backw","LF","conc","makaze",58,"EZAKAM","ALD"
121,"s12.dat",12,"t58",0,"None",NA,"rec","backw","LF","conc","banana",58,"ANANAB","VLD"
123,"s12.dat",12,"t102",1,"1",851,"rec","forw","LF","abst","ljutnja",102,"LJUTNJA","ALD"
123,"s12.dat",12,"t102",1,"1",851,"rec","forw","LF","abst","profit",102,"PROFIT","VLD"
124,"s12.dat",12,"t226",1,"3",1251,"pseudorec","forw","LF","conc",NA,226,"BALZAL","ALD"
124,"s12.dat",12,"t226",1,"3",1251,"pseudorec","forw","LF","conc",NA,226,"RITUAC","VLD"
125,"s12.dat",12,"t194",0,"None",NA,"pseudorec","forw","HF","abst",NA,194,"SONAĐ","ALD"
125,"s12.dat",12,"t194",0,"None",NA,"pseudorec","forw","HF","abst",NA,194,"ŠPRIĐ","ALD"
127,"s12.dat",12,"t68",1,"1",822,"rec","forw","HF","abst","izraz",68,"IZRAZ","ALD"
127,"s12.dat",12,"t68",1,"1",822,"rec","forw","HF","abst","utisak",68,"UTISAK","VLD"
128,"s12.dat",12,"t192",1,"3",1091,"pseudorec","forw","HF","abst",NA,192,"OMLEZ","ALD"
128,"s12.dat",12,"t192",1,"3",1091,"pseudorec","forw","HF","abst",NA,192,"IRVAB","VLD"
129,"s12.dat",12,"t88",1,"1",521,"rec","forw","HF","conc","zgrada",88,"ZGRADA","ALD"
129,"s12.dat",12,"t88",1,"1",521,"rec","forw","HF","conc","knjiga",88,"KNJIGA","VLD"
130,"s12.dat",12,"t116",0,"3",NA,"rec","forw","LF","conc","konjak",116,"KONJAK","ALD"
130,"s12.dat",12,"t116",0,"3",NA,"rec","forw","LF","conc","čaplja",116,"ČAPLJA","VLD"
131,"s12.dat",12,"t108",1,"1",771,"rec","forw","LF","conc","tegla",108,"TEGLA","ALD"
131,"s12.dat",12,"t108",1,"1",771,"rec","forw","LF","conc","kompot",108,"KOMPOT","VLD"
132,"s12.dat",12,"t109",1,"1",761,"rec","forw","LF","conc","kiosk",109,"KIOSK","ALD"
132,"s12.dat",12,"t109",1,"1",761,"rec","forw","LF","conc","lavor",109,"LAVOR","VLD"
133,"s12.dat",12,"t98",1,"1",701,"rec","forw","LF","abst","slanje",98,"SLANJE","ALD"
133,"s12.dat",12,"t98",1,"1",701,"rec","forw","LF","abst","užitak",98,"UŽITAK","VLD"
134,"s12.dat",12,"t48",0,"3",NA,"rec","backw","LF","conc","burek",48,"KERUB","ALD"
134,"s12.dat",12,"t48",0,"3",NA,"rec","backw","LF","conc","cucla",48,"ALCUC","VLD"
135,"s12.dat",12,"t178",1,"3",1031,"pseudorec","backw","LF","conc",NA,178,"MANGUD","ALD"
135,"s12.dat",12,"t178",1,"3",1031,"pseudorec","backw","LF","conc",NA,178,"STALAV","VLD"
136,"s12.dat",12,"t204",0,"None",NA,"pseudorec","forw","HF","conc",NA,204,"LENJIZ","ALD"
136,"s12.dat",12,"t204",0,"None",NA,"pseudorec","forw","HF","conc",NA,204,"BILIOD","VLD"
138,"s12.dat",12,"t75",1,"1",551,"rec","forw","HF","abst","radost",75,"RADOST","ALD"
138,"s12.dat",12,"t75",1,"1",551,"rec","forw","HF","abst","ljubav",75,"LJUBAV","VLD"
139,"s12.dat",12,"t188",1,"3",1112,"pseudorec","forw","HF","abst",NA,188,"TENOZ","ALD"
139,"s12.dat",12,"t188",1,"3",1112,"pseudorec","forw","HF","abst",NA,188,"KOKTEZ","VLD"
140,"s12.dat",12,"t236",0,"1",NA,"pseudorec","forw","LF","conc",NA,236,"UMNJAF","ALD"
140,"s12.dat",12,"t236",0,"1",NA,"pseudorec","forw","LF","conc",NA,236,"HR~AN","ALD"
141,"s12.dat",12,"t70",1,"1",1001,"rec","forw","HF","abst","briga",70,"BRIGA","ALD"
141,"s12.dat",12,"t70",1,"1",1001,"rec","forw","HF","abst","napor",70,"NAPOR","VLD"
142,"s12.dat",12,"t111",0,"3",NA,"rec","forw","LF","conc","perika",111,"PERIKA","ALD"
142,"s12.dat",12,"t111",0,"3",NA,"rec","forw","LF","conc","pelena",111,"PELENA","VLD"
143,"s12.dat",12,"t240",1,"3",1051,"pseudorec","forw","LF","conc",NA,240,"VOSKAB","ALD"
143,"s12.dat",12,"t240",1,"3",1051,"pseudorec","forw","LF","conc",NA,240,"TRILEN","VLD"
144,"s12.dat",12,"t60",0,"3",NA,"rec","backw","LF","conc","parket",60,"TEKRAP","ALD"
144,"s12.dat",12,"t60",0,"3",NA,"rec","backw","LF","conc","lopata",60,"ATAPOL","VLD"
145,"s12.dat",12,"t218",1,"3",901,"pseudorec","forw","LF","abst",NA,218,"ROVAG","ALD"
145,"s12.dat",12,"t218",1,"3",901,"pseudorec","forw","LF","abst",NA,218,"EPITEZ","VLD"
146,"s12.dat",12,"t12",0,"None",NA,"rec","backw","HF","abst","nemir",12,"RIMEN","ALD"
146,"s12.dat",12,"t12",0,"None",NA,"rec","backw","HF","abst","pomoć",12,"ĆOMOP","VLD"
148,"s12.dat",12,"t215",1,"3",1021,"pseudorec","forw","LF","abst",NA,215,"OPOZIN","ALD"
148,"s12.dat",12,"t215",1,"3",1021,"pseudorec","forw","LF","abst",NA,215,"PO~EF","ALD"
149,"s12.dat",12,"t168",1,"3",1472,"pseudorec","backw","LF","conc",NA,168,"JELEP","ALD"
149,"s12.dat",12,"t168",1,"3",1472,"pseudorec","backw","LF","conc",NA,168,"ĆUMEP","VLD"
150,"s12.dat",12,"t227",1,"3",1242,"pseudorec","forw","LF","conc",NA,227,"CIMEČ","ALD"
150,"s12.dat",12,"t227",1,"3",1242,"pseudorec","forw","LF","conc",NA,227,"VITALJ","VLD"
151,"s12.dat",12,"t99",1,"1",1322,"rec","forw","LF","abst","otkaz",99,"OTKAZ","ALD"
151,"s12.dat",12,"t99",1,"1",1322,"rec","forw","LF","abst","zakup",99,"ZAKUP","VLD"
152,"s12.dat",12,"t1",0,"3",NA,"rec","backw","HF","abst","novost",1,"TSOVON","ALD"
152,"s12.dat",12,"t1",0,"3",NA,"rec","backw","HF","abst","metoda",1,"ADOTEM","VLD"
153,"s12.dat",12,"t154",1,"3",1171,"pseudorec","backw","LF","abst",NA,154,"REZOL","ALD"
153,"s12.dat",12,"t154",1,"3",1171,"pseudorec","backw","LF","abst",NA,154,"SKRON","VLD"
154,"s12.dat",12,"t176",0,"None",NA,"pseudorec","backw","LF","conc",NA,176,"PUTEF","ALD"
154,"s12.dat",12,"t176",0,"None",NA,"pseudorec","backw","LF","conc",NA,176,"NAGIR","VLD"
156,"s12.dat",12,"t16",0,"3",NA,"rec","backw","HF","conc","jagoda",16,"ADOGAJ","ALD"
156,"s12.dat",12,"t16",0,"3",NA,"rec","backw","HF","conc","kutija",16,"AJITUK","VLD"
157,"s12.dat",12,"t118",0,"3",NA,"rec","forw","LF","conc","rerna",118,"RERNA","ALD"
157,"s12.dat",12,"t118",0,"3",NA,"rec","forw","LF","conc","kačket",118,"KAČKET","VLD"
158,"s12.dat",12,"t143",0,"None",NA,"pseudorec","backw","HF","conc",NA,143,"BRLOF","ALD"
158,"s12.dat",12,"t143",0,"None",NA,"pseudorec","backw","HF","conc",NA,143,"BATAZ","VLD"
160,"s12.dat",12,"t133",1,"3",1382,"pseudorec","backw","HF","abst",NA,133,"ŠTAPIZ","ALD"
160,"s12.dat",12,"t133",1,"3",1382,"pseudorec","backw","HF","abst",NA,133,"LIRIZ","VLD"
161,"s12.dat",12,"t78",1,"1",781,"rec","forw","HF","conc","korito",78,"KORITO","ALD"
161,"s12.dat",12,"t78",1,"1",781,"rec","forw","HF","conc","jastuk",78,"JASTUK","VLD"
162,"s12.dat",12,"t216",1,"3",741,"pseudorec","forw","LF","abst",NA,216,"SENJAT","ALD"
162,"s12.dat",12,"t216",1,"3",741,"pseudorec","forw","LF","abst",NA,216,"IDIOB","VLD"
163,"s12.dat",12,"t49",0,"3",NA,"rec","backw","LF","conc","jarac",49,"CARAJ","ALD"
163,"s12.dat",12,"t49",0,"3",NA,"rec","backw","LF","conc","pegla",49,"ALGEP","VLD"
164,"s12.dat",12,"t95",1,"1",971,"rec","forw","LF","abst","apsurd",95,"APSURD","ALD"
164,"s12.dat",12,"t95",1,"1",971,"rec","forw","LF","abst","opseg",95,"OPSEG","VLD"
165,"s12.dat",12,"t147",1,"3",931,"pseudorec","backw","HF","conc",NA,147,"PATAR","ALD"
165,"s12.dat",12,"t147",1,"3",931,"pseudorec","backw","HF","conc",NA,147,"VELUT","VLD"
166,"s12.dat",12,"t21",0,"None",NA,"rec","backw","HF","conc","kapija",21,"AJIPAK","ALD"
166,"s12.dat",12,"t21",0,"None",NA,"rec","backw","HF","conc","galeb",21,"BELAG","VLD"
168,"s12.dat",12,"t177",1,"3",1292,"pseudorec","backw","LF","conc",NA,177,"JERED","ALD"
168,"s12.dat",12,"t177",1,"3",1292,"pseudorec","backw","LF","conc",NA,177,"MELED","VLD"
169,"s12.dat",12,"t94",1,"1",1362,"rec","forw","LF","abst","trenje",94,"TRENJE","ALD"
169,"s12.dat",12,"t94",1,"1",1362,"rec","forw","LF","abst","deoba",94,"DEOBA","VLD"
170,"s12.dat",12,"t13",0,"3",NA,"rec","backw","HF","abst","samoća",13,"AĆOMAS","ALD"
170,"s12.dat",12,"t13",0,"3",NA,"rec","backw","HF","abst","tajna",13,"ANJAT","VLD"
171,"s12.dat",12,"t2",0,"3",NA,"rec","backw","HF","abst","dosada",2,"ADASOD","ALD"
171,"s12.dat",12,"t2",0,"3",NA,"rec","backw","HF","abst","pojam",2,"MAJOP","VLD"
172,"s12.dat",12,"t148",0,"None",NA,"pseudorec","backw","HF","conc",NA,148,"PRELER","ALD"
172,"s12.dat",12,"t148",0,"None",NA,"pseudorec","backw","HF","conc",NA,148,"BAZAP","VLD"
174,"s12.dat",12,"t120",1,"1",571,"rec","forw","LF","conc","krljušt",120,"KRLJUŠT","ALD"
174,"s12.dat",12,"t120",1,"1",571,"rec","forw","LF","conc","olovka",120,"OLOVKA","VLD"
175,"s12.dat",12,"t134",1,"3",942,"pseudorec","backw","HF","abst",NA,134,"DIZEB","ALD"
175,"s12.dat",12,"t134",1,"3",942,"pseudorec","backw","HF","abst",NA,134,"LOTOG","VLD"
176,"s12.dat",12,"t234",1,"3",821,"pseudorec","forw","LF","conc",NA,234,"MURAB","ALD"
176,"s12.dat",12,"t234",1,"3",821,"pseudorec","forw","LF","conc",NA,234,"MA~OT","ALD"
177,"s12.dat",12,"t150",1,"3",762,"pseudorec","backw","HF","conc",NA,150,"REKEB","ALD"
177,"s12.dat",12,"t150",1,"3",762,"pseudorec","backw","HF","conc",NA,150,"FLUIŠ","VLD"
178,"s12.dat",12,"t24",0,"3",NA,"rec","backw","HF","conc","breza",24,"AZERB","ALD"
178,"s12.dat",12,"t24",0,"3",NA,"rec","backw","HF","conc","leptir",24,"RITPEL","VLD"
179,"s12.dat",12,"t81",1,"1",811,"rec","forw","HF","conc","strela",81,"STRELA","ALD"
179,"s12.dat",12,"t81",1,"1",811,"rec","forw","HF","conc","kamion",81,"KAMION","VLD"
180,"s12.dat",12,"t219",1,"3",1322,"pseudorec","forw","LF","abst",NA,219,"POKOB","ALD"
180,"s12.dat",12,"t219",1,"3",1322,"pseudorec","forw","LF","abst",NA,219,"REDAF","VLD"
181,"s12.dat",12,"t104",1,"1",631,"rec","forw","LF","abst","divota",104,"DIVOTA","ALD"
181,"s12.dat",12,"t104",1,"1",631,"rec","forw","LF","abst","efekat",104,"EFEKAT","VLD"
182,"s12.dat",12,"t156",1,"3",1402,"pseudorec","backw","LF","abst",NA,156,"MINUR","ALD"
182,"s12.dat",12,"t156",1,"3",1402,"pseudorec","backw","LF","abst",NA,156,"PUDINC","VLD"
183,"s12.dat",12,"t222",1,"3",1272,"pseudorec","forw","LF","abst",NA,222,"BAROL","ALD"
183,"s12.dat",12,"t222",1,"3",1272,"pseudorec","forw","LF","abst",NA,222,"TREGEN","VLD"
184,"s12.dat",12,"t157",0,"None",NA,"pseudorec","backw","LF","abst",NA,157,"TITAČ","ALD"
184,"s12.dat",12,"t157",0,"None",NA,"pseudorec","backw","LF","abst",NA,157,"ŠAPTAK","VLD"
186,"s12.dat",12,"t123",1,"3",731,"pseudorec","backw","HF","abst",NA,123,"TIGAŠ","ALD"
186,"s12.dat",12,"t123",1,"3",731,"pseudorec","backw","HF","abst",NA,123,"NEUKUD","VLD"
187,"s12.dat",12,"t169",1,"3",741,"pseudorec","backw","LF","conc",NA,169,"GULAN","ALD"
187,"s12.dat",12,"t169",1,"3",741,"pseudorec","backw","LF","conc",NA,169,"CIGAF","VLD"
188,"s12.dat",12,"t90",1,"1",661,"rec","forw","HF","conc","grana",90,"GRANA","ALD"
188,"s12.dat",12,"t90",1,"1",661,"rec","forw","HF","conc","ptica",90,"PTICA","VLD"
189,"s12.dat",12,"t33",0,"3",NA,"rec","backw","LF","abst","opoziv",33,"VIZOPO","ALD"
189,"s12.dat",12,"t33",0,"3",NA,"rec","backw","LF","abst","renome",33,"EMONER","VLD"
190,"s12.dat",12,"t7",0,"3",NA,"rec","backw","HF","abst","proces",7,"SECORP","ALD"
190,"s12.dat",12,"t7",0,"3",NA,"rec","backw","HF","abst","korist",7,"TSIROK","VLD"
191,"s12.dat",12,"t64",1,"1",630,"rec","forw","HF","abst","pretnja",64,"PRETNJA","ALD"
191,"s12.dat",12,"t64",1,"1",630,"rec","forw","HF","abst","milost",64,"MILOST","VLD"
192,"s12.dat",12,"t230",1,"3",751,"pseudorec","forw","LF","conc",NA,230,"CINIB","ALD"
192,"s12.dat",12,"t230",1,"3",751,"pseudorec","forw","LF","conc",NA,230,"KONZUP","VLD"
193,"s12.dat",12,"t145",1,"3",661,"pseudorec","backw","HF","conc",NA,145,"TREZOB","ALD"
193,"s12.dat",12,"t145",1,"3",661,"pseudorec","backw","HF","conc",NA,145,"HAMEŠ","VLD"
194,"s12.dat",12,"t29",0,"3",NA,"rec","backw","HF","conc","kamen",29,"NEMAK","ALD"
194,"s12.dat",12,"t29",0,"3",NA,"rec","backw","HF","conc","cveće",29,"EĆEVC","VLD"
195,"s12.dat",12,"t191",0,"1",NA,"pseudorec","forw","HF","abst",NA,191,"BAMBUK","ALD"
195,"s12.dat",12,"t191",0,"1",NA,"pseudorec","forw","HF","abst",NA,191,"VERMUJ","VLD"
196,"s12.dat",12,"t179",1,"3",1272,"pseudorec","backw","LF","conc",NA,179,"PETLIR","ALD"
196,"s12.dat",12,"t179",1,"3",1272,"pseudorec","backw","LF","conc",NA,179,"KANTAC","VLD"
197,"s12.dat",12,"t235",1,"3",811,"pseudorec","forw","LF","conc",NA,235,"EGZIČ","ALD"
197,"s12.dat",12,"t235",1,"3",811,"pseudorec","forw","LF","conc",NA,235,"MAHET","VLD"
198,"s12.dat",12,"t197",1,"3",1272,"pseudorec","forw","HF","conc",NA,197,"SISAB","ALD"
198,"s12.dat",12,"t197",1,"3",1272,"pseudorec","forw","HF","conc",NA,197,"KLIKET","VLD"
199,"s12.dat",12,"t69",1,"1",931,"rec","forw","HF","abst","znanje",69,"ZNANJE","ALD"
199,"s12.dat",12,"t69",1,"1",931,"rec","forw","HF","abst","sumnja",69,"SUMNJA","VLD"
200,"s12.dat",12,"t34",0,"3",NA,"rec","backw","LF","abst","rizik",34,"KIZIR","ALD"
200,"s12.dat",12,"t34",0,"3",NA,"rec","backw","LF","abst","upliv",34,"VILPU","VLD"
201,"s12.dat",12,"t186",1,"3",681,"pseudorec","forw","HF","abst",NA,186,"ZNALAB","ALD"
201,"s12.dat",12,"t186",1,"3",681,"pseudorec","forw","HF","abst",NA,186,"MODUĐ","ALD"
202,"s12.dat",12,"t239",1,"3",1161,"pseudorec","forw","LF","conc",NA,239,"BIFTEM","ALD"
202,"s12.dat",12,"t239",1,"3",1161,"pseudorec","forw","LF","conc",NA,239,"RUNDOG","VLD"
203,"s12.dat",12,"t124",1,"3",1422,"pseudorec","backw","HF","abst",NA,124,"SVINJAB","ALD"
203,"s12.dat",12,"t124",1,"3",1422,"pseudorec","backw","HF","abst",NA,124,"SPANAR","VLD"
204,"s12.dat",12,"t91",1,"1",621,"rec","forw","LF","abst","ucena",91,"UCENA","ALD"
204,"s12.dat",12,"t91",1,"1",621,"rec","forw","LF","abst","naboj",91,"NABOJ","VLD"
205,"s12.dat",12,"t183",1,"3",601,"pseudorec","forw","HF","abst",NA,183,"POGAJ","ALD"
205,"s12.dat",12,"t183",1,"3",601,"pseudorec","forw","HF","abst",NA,183,"GURMAB","VLD"
206,"s12.dat",12,"t160",1,"3",531,"pseudorec","backw","LF","abst",NA,160,"ŠAFRAK","ALD"
206,"s12.dat",12,"t160",1,"3",531,"pseudorec","backw","LF","abst",NA,160,"GEOLOT","VLD"
207,"s12.dat",12,"t79",1,"1",611,"rec","forw","HF","conc","marama",79,"MARAMA","ALD"
207,"s12.dat",12,"t79",1,"1",611,"rec","forw","HF","conc","kolica",79,"KOLICA","VLD"
208,"s12.dat",12,"t206",1,"3",500,"pseudorec","forw","HF","conc",NA,206,"GLUPAR","ALD"
208,"s12.dat",12,"t206",1,"3",500,"pseudorec","forw","HF","conc",NA,206,"ARHID","VLD"
209,"s12.dat",12,"t86",1,"1",751,"rec","forw","HF","conc","krevet",86,"KREVET","ALD"
209,"s12.dat",12,"t86",1,"1",751,"rec","forw","HF","conc","lopta",86,"LOPTA","VLD"
210,"s12.dat",12,"t202",1,"3",791,"pseudorec","forw","HF","conc",NA,202,"ŠTANK","ALD"
210,"s12.dat",12,"t202",1,"3",791,"pseudorec","forw","HF","conc",NA,202,"PANTEK","VLD"
211,"s12.dat",12,"t63",1,"1",801,"rec","forw","HF","abst","motiv",63,"MOTIV","ALD"
211,"s12.dat",12,"t63",1,"1",801,"rec","forw","HF","abst","celina",63,"CELINA","VLD"
212,"s12.dat",12,"t146",0,"None",NA,"pseudorec","backw","HF","conc",NA,146,"FOSIK","ALD"
212,"s12.dat",12,"t146",0,"None",NA,"pseudorec","backw","HF","conc",NA,146,"DRIPAG","VLD"
214,"s12.dat",12,"t125",1,"3",821,"pseudorec","backw","HF","abst",NA,125,"PANCIT","ALD"
214,"s12.dat",12,"t125",1,"3",821,"pseudorec","backw","HF","abst",NA,125,"AKSIOK","VLD"
215,"s12.dat",12,"t128",0,"1",NA,"pseudorec","backw","HF","abst",NA,128,"TAJGUP","ALD"
215,"s12.dat",12,"t128",0,"1",NA,"pseudorec","backw","HF","abst",NA,128,"MASLAB","VLD"
216,"s12.dat",12,"t161",1,"3",821,"pseudorec","backw","LF","abst",NA,161,"VASKRM","ALD"
216,"s12.dat",12,"t161",1,"3",821,"pseudorec","backw","LF","abst",NA,161,"SVIRAZ","VLD"
217,"s12.dat",12,"t44",0,"3",NA,"rec","backw","LF","abst","zaplet",44,"TELPAZ","ALD"
217,"s12.dat",12,"t44",0,"3",NA,"rec","backw","LF","abst","sujeta",44,"ATEJUS","VLD"
218,"s12.dat",12,"t62",1,"1",561,"rec","forw","HF","abst","izdaja",62,"IZDAJA","ALD"
218,"s12.dat",12,"t62",1,"1",561,"rec","forw","HF","abst","uzrok",62,"UZROK","VLD"
219,"s12.dat",12,"t96",1,"1",661,"rec","forw","LF","abst","nerad",96,"NERAD","ALD"
219,"s12.dat",12,"t96",1,"1",661,"rec","forw","LF","abst","elita",96,"ELITA","VLD"
220,"s12.dat",12,"t110",1,"1",611,"rec","forw","LF","conc","ranac",110,"RANAC","ALD"
220,"s12.dat",12,"t110",1,"1",611,"rec","forw","LF","conc","kliker",110,"KLIKER","VLD"
221,"s12.dat",12,"t107",0,"3",NA,"rec","forw","LF","conc","sarma",107,"SARMA","ALD"
221,"s12.dat",12,"t107",0,"3",NA,"rec","forw","LF","conc","čioda",107,"ČIODA","VLD"
222,"s12.dat",12,"t30",1,"1",942,"rec","backw","HF","conc","glava",30,"AVALG","ALD"
222,"s12.dat",12,"t30",1,"1",942,"rec","backw","HF","conc","trava",30,"AVART","VLD"
223,"s12.dat",12,"t190",1,"3",1222,"pseudorec","forw","HF","abst",NA,190,"ŠVERG","ALD"
223,"s12.dat",12,"t190",1,"3",1222,"pseudorec","forw","HF","abst",NA,190,"METAT","VLD"
224,"s12.dat",12,"t163",1,"3",801,"pseudorec","backw","LF","abst",NA,163,"BERBET","ALD"
224,"s12.dat",12,"t163",1,"3",801,"pseudorec","backw","LF","abst",NA,163,"PRESEB","VLD"
225,"s12.dat",12,"t162",1,"3",861,"pseudorec","backw","LF","abst",NA,162,"BAROZ","ALD"
225,"s12.dat",12,"t162",1,"3",861,"pseudorec","backw","LF","abst",NA,162,"NAKOČ","VLD"
226,"s12.dat",12,"t220",1,"3",1072,"pseudorec","forw","LF","abst",NA,220,"PERAĐ","ALD"
226,"s12.dat",12,"t220",1,"3",1072,"pseudorec","forw","LF","abst",NA,220,"BUMBAG","VLD"
227,"s12.dat",12,"t233",1,"3",871,"pseudorec","forw","LF","conc",NA,233,"DRZNIL","ALD"
227,"s12.dat",12,"t233",1,"3",871,"pseudorec","forw","LF","conc",NA,233,"NAMAG","VLD"
228,"s12.dat",12,"t214",1,"3",590,"pseudorec","forw","LF","abst",NA,214,"PITOR","ALD"
228,"s12.dat",12,"t214",1,"3",590,"pseudorec","forw","LF","abst",NA,214,"PIJAD","VLD"
229,"s12.dat",12,"t181",1,"3",811,"pseudorec","forw","HF","abst",NA,181,"SOMUH","ALD"
229,"s12.dat",12,"t181",1,"3",811,"pseudorec","forw","HF","abst",NA,181,"TANIH","VLD"
230,"s12.dat",12,"t40",0,"3",NA,"rec","backw","LF","abst","aspekt",40,"TKEPSA","ALD"
230,"s12.dat",12,"t40",0,"3",NA,"rec","backw","LF","abst","revolt",40,"TLOVER","VLD"
231,"s12.dat",12,"t210",1,"3",711,"pseudorec","forw","HF","conc",NA,210,"GORAZ","ALD"
231,"s12.dat",12,"t210",1,"3",711,"pseudorec","forw","HF","conc",NA,210,"SATEP","VLD"
232,"s12.dat",12,"t187",0,"1",NA,"pseudorec","forw","HF","abst",NA,187,"RASKIŠ","ALD"
232,"s12.dat",12,"t187",0,"1",NA,"pseudorec","forw","HF","abst",NA,187,"VEŠTAB","VLD"
233,"s12.dat",12,"t45",0,"3",NA,"rec","backw","LF","abst","pakost",45,"TSOKAP","ALD"
233,"s12.dat",12,"t45",0,"3",NA,"rec","backw","LF","abst","ishod",45,"DOHSI","VLD"
234,"s12.dat",12,"t135",0,"None",NA,"pseudorec","backw","HF","abst",NA,135,"LEMUK","ALD"
234,"s12.dat",12,"t135",0,"None",NA,"pseudorec","backw","HF","abst",NA,135,"FALUČ","VLD"
236,"s12.dat",12,"t158",1,"3",901,"pseudorec","backw","LF","abst",NA,158,"KAJAC","ALD"
236,"s12.dat",12,"t158",1,"3",901,"pseudorec","backw","LF","abst",NA,158,"ĆEVAK","VLD"
237,"s12.dat",12,"t106",1,"1",862,"rec","forw","LF","conc","jogurt",106,"JOGURT","ALD"
237,"s12.dat",12,"t106",1,"1",862,"rec","forw","LF","conc","kengur",106,"KENGUR","VLD"
238,"s12.dat",12,"t151",1,"3",741,"pseudorec","backw","LF","abst",NA,151,"PRIZIT","ALD"
238,"s12.dat",12,"t151",1,"3",741,"pseudorec","backw","LF","abst",NA,151,"PASAM","VLD"
239,"s12.dat",12,"t164",1,"3",752,"pseudorec","backw","LF","abst",NA,164,"SULTAK","ALD"
239,"s12.dat",12,"t164",1,"3",752,"pseudorec","backw","LF","abst",NA,164,"BILTEG","VLD"
240,"s12.dat",12,"t172",0,"1",NA,"pseudorec","backw","LF","conc",NA,172,"MASEF","ALD"
240,"s12.dat",12,"t172",0,"1",NA,"pseudorec","backw","LF","conc",NA,172,"LIMIR","VLD"
