"SubID","Exposure","List","Trial","DMDX","Item","OrthographicStatus","VisualOverlap","Acc","RT"
"801",33,"1",101,"13241","41","Consonant String","High",0,-700.56
"801",33,"1",112,"11213","13","Word","High",1,959.43
"801",33,"1",90,"12243","43","Pseudo-Word","High",1,986
"801",33,"1",1,"13106","06","Consonant String","Low",0,-1492.73
"801",33,"1",57,"12231","31","Pseudo-Word","High",1,936.64
"801",33,"1",68,"11223","23","Word","High",1,875.2
"801",33,"1",79,"12205","05","Pseudo-Word","High",1,1220.76
"801",33,"1",70,"11122","22","Word","Low",1,746.58
"801",33,"1",71,"11136","36","Word","Low",1,796.45
"801",33,"1",72,"11245","45","Word","High",1,1361.35
"801",33,"1",73,"12247","47","Pseudo-Word","High",0,-752.59
"801",33,"1",74,"11209","09","Word","High",1,804.45
"801",33,"1",75,"12142","42","Pseudo-Word","Low",0,-1082.34
"801",33,"1",76,"11219","19","Word","High",1,691.91
"801",33,"1",77,"11120","20","Word","Low",1,709.77
"801",33,"1",78,"13138","38","Consonant String","Low",1,1193.99
"801",33,"1",80,"13102","02","Consonant String","Low",1,1105.9
"801",33,"1",81,"12110","10","Pseudo-Word","Low",1,924.79
"801",33,"1",82,"11225","25","Word","High",0,-1127.02
"801",33,"1",83,"12223","23","Pseudo-Word","High",1,1602.62
"801",33,"1",84,"13243","43","Consonant String","High",1,1253.56
"801",33,"1",85,"12201","01","Pseudo-Word","High",0,-1247.47
"801",33,"1",86,"12114","14","Pseudo-Word","Low",1,1204.39
"801",33,"1",87,"11203","03","Word","High",1,763.3
"801",33,"1",123,"12221","21","Pseudo-Word","High",1,1056.66
"801",33,"1",134,"12237","37","Pseudo-Word","High",1,948.56
"801",33,"1",2,"13247","47","Consonant String","High",0,-687.44
"801",33,"1",13,"12106","06","Pseudo-Word","Low",1,1220.99
"801",33,"1",24,"12219","19","Pseudo-Word","High",1,1138.24
"801",33,"1",35,"12124","24","Pseudo-Word","Low",0,-1226.81
"801",33,"1",46,"13134","34","Consonant String","Low",1,778.38
"801",33,"1",52,"11134","34","Word","Low",1,830.92
"801",33,"1",53,"13203","03","Consonant String","High",1,1240.49
"801",33,"1",54,"12148","48","Pseudo-Word","Low",1,750.05
"801",33,"1",55,"12134","34","Pseudo-Word","Low",1,1279.94
"801",33,"1",56,"13128","28","Consonant String","Low",1,1199.53
"801",33,"1",58,"11211","11","Word","High",1,716.4
"801",33,"1",59,"11231","31","Word","High",1,676.61
"801",33,"1",60,"12227","27","Pseudo-Word","High",1,1030.15
"801",33,"1",61,"13221","21","Consonant String","High",1,1151.72
"801",33,"1",62,"11215","15","Word","High",0,-1012.63
"801",33,"1",63,"13146","46","Consonant String","Low",1,1097.86
"801",33,"1",64,"11217","17","Word","High",1,1223.78
"801",33,"1",65,"11241","41","Word","High",1,964.02
"801",33,"1",66,"13136","36","Consonant String","Low",1,956.25
"801",33,"1",67,"11106","06","Word","Low",1,622.12
"801",33,"1",69,"11126","26","Word","Low",1,1265.34
"801",33,"1",114,"13104","04","Consonant String","Low",0,-778.67
"801",33,"1",115,"11102","02","Word","Low",0,-1295.24
"801",33,"1",116,"12136","36","Pseudo-Word","Low",0,-1211.37
"801",33,"1",117,"11201","01","Word","High",1,757.59
"801",33,"1",118,"11207","07","Word","High",1,660.46
"801",33,"1",119,"12203","03","Pseudo-Word","High",1,942.67
"801",33,"1",120,"11237","37","Word","High",1,618.55
"801",33,"1",121,"11112","12","Word","Low",1,546.74
"801",33,"1",122,"13126","26","Consonant String","Low",1,1098.62
"801",33,"1",124,"12225","25","Pseudo-Word","High",0,-1110.52
"801",33,"1",125,"12102","02","Pseudo-Word","Low",0,-1126.76
"801",33,"1",126,"12217","17","Pseudo-Word","High",1,1166.34
"801",33,"1",127,"13142","42","Consonant String","Low",1,911.58
"801",33,"1",128,"11132","32","Word","Low",1,845.79
"801",33,"1",129,"12128","28","Pseudo-Word","Low",1,809.67
"801",33,"1",130,"12239","39","Pseudo-Word","High",1,1078.9
"801",33,"1",131,"11110","10","Word","Low",1,909.46
"801",33,"1",132,"13118","18","Consonant String","Low",1,1277.7
"801",33,"1",133,"12108","08","Pseudo-Word","Low",1,1052.28
"801",33,"1",135,"13209","09","Consonant String","High",0,-1235.19
"801",33,"1",136,"12233","33","Pseudo-Word","High",1,870.76
"801",33,"1",137,"11116","16","Word","Low",1,1145.98
"801",33,"1",138,"13213","13","Consonant String","High",1,1385.89
"801",33,"1",139,"11146","46","Word","Low",1,643.47
"801",33,"1",140,"12229","29","Pseudo-Word","High",0,-974.35
"801",33,"1",141,"11142","42","Word","Low",1,529.56
"801",33,"1",142,"13233","33","Consonant String","High",1,975.1
"801",33,"1",143,"12126","26","Pseudo-Word","Low",1,722.65
"801",33,"1",144,"13112","12","Consonant String","Low",1,1306.88
"801",33,"1",3,"12213","13","Pseudo-Word","High",1,910.79
"801",33,"1",4,"11128","28","Word","Low",1,562
"801",33,"1",5,"12235","35","Pseudo-Word","High",1,682.19
"801",33,"1",6,"12146","46","Pseudo-Word","Low",1,998.74
"801",33,"1",7,"12120","20","Pseudo-Word","Low",1,608.62
"801",33,"1",8,"12215","15","Pseudo-Word","High",1,1379.51
"801",33,"1",9,"11140","40","Word","Low",1,646.08
"801",33,"1",10,"11221","21","Word","High",1,833.96
"801",33,"1",11,"11227","27","Word","High",1,721.5
"801",33,"1",12,"13114","14","Consonant String","Low",1,1038.71
"801",33,"1",14,"13223","23","Consonant String","High",1,1388.29
"801",33,"1",15,"13116","16","Consonant String","Low",1,1017.88
"801",33,"1",16,"11108","08","Word","Low",1,701.1
"801",33,"1",17,"12245","45","Pseudo-Word","High",0,-1056.98
"801",33,"1",18,"13245","45","Consonant String","High",1,1122.88
"801",33,"1",19,"11148","48","Word","Low",1,727.11
"801",33,"1",20,"12118","18","Pseudo-Word","Low",0,-1109.66
"801",33,"1",21,"13217","17","Consonant String","High",1,1305.92
"801",33,"1",22,"13239","39","Consonant String","High",1,1089.83
"801",33,"1",23,"11144","44","Word","Low",1,649.39
"801",33,"1",25,"13211","11","Consonant String","High",1,987.26
"801",33,"1",26,"13227","27","Consonant String","High",1,1206.83
"801",33,"1",27,"13130","30","Consonant String","Low",1,751.73
"801",33,"1",28,"13231","31","Consonant String","High",1,767.61
"801",33,"1",29,"12130","30","Pseudo-Word","Low",1,602.81
"801",33,"1",30,"12132","32","Pseudo-Word","Low",1,527.67
"801",33,"1",31,"11229","29","Word","High",1,666.2
"801",33,"1",32,"11118","18","Word","Low",1,505.38
"801",33,"1",33,"11114","14","Word","Low",1,591.24
"801",33,"1",34,"12144","44","Pseudo-Word","Low",1,463.1
"801",33,"1",36,"13215","15","Consonant String","High",1,498.28
"801",33,"1",37,"13205","05","Consonant String","High",1,1008.15
"801",33,"1",38,"11239","39","Word","High",1,654.03
"801",33,"1",39,"11205","05","Word","High",1,584.9
"801",33,"1",40,"11138","38","Word","Low",1,500.42
"801",33,"1",41,"13132","32","Consonant String","Low",0,-892.28
"801",33,"1",42,"13229","29","Consonant String","High",1,594.16
"801",33,"1",43,"13140","40","Consonant String","Low",0,-1021.04
"801",33,"1",44,"11104","04","Word","Low",1,613.25
"801",33,"1",45,"13237","37","Consonant String","High",1,1181.48
"801",33,"1",47,"13110","10","Consonant String","Low",0,-1609.07
"801",33,"1",48,"12209","09","Pseudo-Word","High",1,691.32
"801",33,"1",49,"11124","24","Word","Low",1,627.19
"801",33,"1",50,"13122","22","Consonant String","Low",1,549.72
"801",33,"1",51,"13201","01","Consonant String","High",0,-754.58
"801",33,"1",106,"12112","12","Pseudo-Word","Low",1,742.13
"801",33,"1",107,"12104","04","Pseudo-Word","Low",1,880.01
"801",33,"1",108,"12140","40","Pseudo-Word","Low",1,785.56
"801",33,"1",109,"12138","38","Pseudo-Word","Low",1,960.11
"801",33,"1",110,"12122","22","Pseudo-Word","Low",1,673.32
"801",33,"1",111,"13225","25","Consonant String","High",0,-1092.54
"801",33,"1",113,"13207","07","Consonant String","High",1,1121.45
"801",33,"1",98,"13148","48","Consonant String","Low",1,846.86
"801",33,"1",99,"11235","35","Word","High",1,937.74
"801",33,"1",100,"12211","11","Pseudo-Word","High",1,1139.31
"801",33,"1",102,"13124","24","Consonant String","Low",0,-1317.89
"801",33,"1",88,"13219","19","Consonant String","High",1,1475.52
"801",33,"1",89,"12241","41","Pseudo-Word","High",1,1582.13
"801",33,"1",91,"12207","07","Pseudo-Word","High",1,764.72
"801",33,"1",92,"13144","44","Consonant String","Low",1,865.93
"801",33,"1",93,"12116","16","Pseudo-Word","Low",0,-941.14
"801",33,"1",94,"11247","47","Word","High",0,-819.03
"801",33,"1",95,"11130","30","Word","Low",1,777.25
"801",33,"1",96,"11233","33","Word","High",1,597.78
"801",33,"1",97,"13235","35","Consonant String","High",1,765.65
"801",33,"1",103,"13108","08","Consonant String","Low",1,1149.14
"801",33,"1",104,"13120","20","Consonant String","Low",0,-620.03
"801",33,"1",105,"11243","43","Word","High",1,1144.24
"802",33,"2",13,"21242","42","Word","High",1,879.36
"802",33,"2",123,"22220","20","Pseudo-Word","High",1,928.03
"802",33,"2",134,"22234","34","Pseudo-Word","High",1,670.58
"802",33,"2",2,"22238","38","Pseudo-Word","High",1,936.81
"802",33,"2",52,"23248","48","Consonant String","High",1,1355.3
"802",33,"2",53,"22236","36","Pseudo-Word","High",1,716.21
"802",33,"2",54,"23206","06","Consonant String","High",1,810.41
"802",33,"2",55,"21216","16","Word","High",1,1075.65
"802",33,"2",56,"21145","45","Word","Low",0,-1603.23
"802",33,"2",58,"23202","02","Consonant String","High",0,-1453.19
"802",33,"2",59,"23141","41","Consonant String","Low",0,-1706.15
"802",33,"2",60,"21133","33","Word","Low",1,621.08
"802",33,"2",61,"22121","21","Pseudo-Word","Low",1,817.29
"802",33,"2",62,"22208","08","Pseudo-Word","High",1,695.5
"802",33,"2",24,"23117","17","Consonant String","Low",0,-1123.93
"802",33,"2",35,"23204","04","Consonant String","High",1,703.16
"802",33,"2",46,"22246","46","Pseudo-Word","High",1,1008.04
"802",33,"2",1,"21103","03","Word","Low",1,781.19
"802",33,"2",57,"22105","05","Pseudo-Word","Low",1,626.74
"802",33,"2",68,"22137","37","Pseudo-Word","Low",1,835.28
"802",33,"2",79,"21143","43","Word","Low",0,-726.82
"802",33,"2",90,"22117","17","Pseudo-Word","Low",0,-973.38
"802",33,"2",101,"21204","04","Word","High",0,-1058.95
"802",33,"2",112,"21107","07","Word","Low",1,451.16
"802",33,"2",87,"22206","06","Pseudo-Word","High",1,606.02
"802",33,"2",88,"21129","29","Word","Low",0,-1502.92
"802",33,"2",89,"22214","14","Pseudo-Word","High",1,705.84
"802",33,"2",91,"21119","19","Word","Low",0,-1205.74
"802",33,"2",92,"23210","10","Consonant String","High",1,959.65
"802",33,"2",93,"22222","22","Pseudo-Word","High",1,632.87
"802",33,"2",94,"21236","36","Word","High",1,542.39
"802",33,"2",95,"22147","47","Pseudo-Word","Low",0,-857.27
"802",33,"2",96,"22103","03","Pseudo-Word","Low",1,600.15
"802",33,"2",97,"22113","13","Pseudo-Word","Low",0,-685.01
"802",33,"2",98,"21109","09","Word","Low",1,812.55
"802",33,"2",99,"23236","36","Consonant String","High",0,-894.77
"802",33,"2",100,"21218","18","Word","High",0,-716.66
"802",33,"2",102,"21210","10","Word","High",1,597.89
"802",33,"2",103,"21214","14","Word","High",1,712.73
"802",33,"2",104,"22224","24","Pseudo-Word","High",0,-1272.96
"802",33,"2",105,"22228","28","Pseudo-Word","High",0,-1735.24
"802",33,"2",106,"23123","23","Consonant String","Low",1,1627.88
"802",33,"2",107,"22135","35","Pseudo-Word","Low",1,503.46
"802",33,"2",108,"22143","43","Pseudo-Word","Low",0,-1516.35
"802",33,"2",109,"21244","44","Word","High",1,463.6
"802",33,"2",110,"22248","48","Pseudo-Word","High",1,656.79
"802",33,"2",111,"21113","13","Word","Low",1,806.67
"802",33,"2",113,"23246","46","Consonant String","High",0,-1390.57
"802",33,"2",114,"22216","16","Pseudo-Word","High",0,-902.16
"802",33,"2",115,"23230","30","Consonant String","High",1,1154.05
"802",33,"2",116,"23139","39","Consonant String","Low",0,-1164.56
"802",33,"2",117,"23212","12","Consonant String","High",1,600.8
"802",33,"2",118,"22210","10","Pseudo-Word","High",1,588.63
"802",33,"2",119,"23111","11","Consonant String","Low",1,492.19
"802",33,"2",120,"22141","41","Pseudo-Word","Low",1,726.07
"802",33,"2",121,"22204","04","Pseudo-Word","High",1,537.59
"802",33,"2",122,"22115","15","Pseudo-Word","Low",0,-2312.17
"802",33,"2",124,"23208","08","Consonant String","High",1,500.46
"802",33,"2",125,"23216","16","Consonant String","High",1,1285.35
"802",33,"2",126,"23242","42","Consonant String","High",1,1177.94
"802",33,"2",127,"22111","11","Pseudo-Word","Low",1,437.5
"802",33,"2",128,"22232","32","Pseudo-Word","High",1,1188.04
"802",33,"2",129,"23234","34","Consonant String","High",1,1338.64
"802",33,"2",130,"22240","40","Pseudo-Word","High",1,1256.24
"802",33,"2",131,"21123","23","Word","Low",1,574.13
"802",33,"2",132,"23228","28","Consonant String","High",1,1369.35
"802",33,"2",133,"21125","25","Word","Low",1,815.6
"802",33,"2",135,"22131","31","Pseudo-Word","Low",1,661.81
"802",33,"2",136,"22133","33","Pseudo-Word","Low",1,542.01
"802",33,"2",137,"21228","28","Word","High",1,1005.89
"802",33,"2",138,"23218","18","Consonant String","High",1,1217.81
"802",33,"2",139,"23143","43","Consonant String","Low",1,1343.07
"802",33,"2",140,"23105","05","Consonant String","Low",1,923.98
"802",33,"2",141,"23214","14","Consonant String","High",1,1563.24
"802",33,"2",142,"23107","07","Consonant String","Low",1,1083.51
"802",33,"2",143,"21206","06","Word","High",1,783.08
"802",33,"2",144,"23232","32","Consonant String","High",1,825.62
"802",33,"2",3,"23115","15","Consonant String","Low",0,-1846.22
"802",33,"2",4,"21226","26","Word","High",1,662.15
"802",33,"2",5,"23226","26","Consonant String","High",1,825.36
"802",33,"2",6,"21224","24","Word","High",1,1152.93
"802",33,"2",7,"21139","39","Word","Low",1,717.83
"802",33,"2",8,"23131","31","Consonant String","Low",0,-1277.06
"802",33,"2",9,"21222","22","Word","High",1,722.64
"802",33,"2",10,"23109","09","Consonant String","Low",1,665.84
"802",33,"2",11,"21101","01","Word","Low",0,-995.06
"802",33,"2",12,"21208","08","Word","High",1,1274.96
"802",33,"2",14,"23133","33","Consonant String","Low",1,708.21
"802",33,"2",15,"23127","27","Consonant String","Low",1,523.08
"802",33,"2",16,"22109","09","Pseudo-Word","Low",1,520.26
"802",33,"2",17,"21131","31","Word","Low",1,717.47
"802",33,"2",18,"23238","38","Consonant String","High",1,1513.7
"802",33,"2",19,"21141","41","Word","Low",0,-1274.98
"802",33,"2",20,"22242","42","Pseudo-Word","High",1,1008.23
"802",33,"2",21,"22145","45","Pseudo-Word","Low",1,965.13
"802",33,"2",22,"21137","37","Word","Low",1,572.35
"802",33,"2",23,"21238","38","Word","High",1,786.55
"802",33,"2",25,"23121","21","Consonant String","Low",1,717.09
"802",33,"2",26,"23240","40","Consonant String","High",1,914.32
"802",33,"2",27,"23145","45","Consonant String","Low",1,688.54
"802",33,"2",28,"21115","15","Word","Low",1,564.07
"802",33,"2",29,"22127","27","Pseudo-Word","Low",1,417.25
"802",33,"2",30,"22129","29","Pseudo-Word","Low",0,-932.45
"802",33,"2",31,"23224","24","Consonant String","High",1,1022.02
"802",33,"2",32,"21212","12","Word","High",1,735.25
"802",33,"2",33,"22230","30","Pseudo-Word","High",1,1475.82
"802",33,"2",34,"22125","25","Pseudo-Word","Low",1,689.41
"802",33,"2",36,"21111","11","Word","Low",1,672.94
"802",33,"2",37,"23125","25","Consonant String","Low",1,1402.17
"802",33,"2",38,"21240","40","Word","High",1,658.09
"802",33,"2",39,"21234","34","Word","High",1,624.96
"802",33,"2",40,"23222","22","Consonant String","High",0,-828.16
"802",33,"2",41,"23129","29","Consonant String","Low",0,-1591.75
"802",33,"2",42,"21248","48","Word","High",1,501.67
"802",33,"2",43,"21232","32","Word","High",1,554.51
"802",33,"2",44,"22226","26","Pseudo-Word","High",1,613.38
"802",33,"2",45,"21135","35","Word","Low",1,452.58
"802",33,"2",47,"21230","30","Word","High",1,564.43
"802",33,"2",48,"21220","20","Word","High",0,-1959.67
"802",33,"2",49,"22202","02","Pseudo-Word","High",1,1130.98
"802",33,"2",50,"21246","46","Word","High",1,1022.55
"802",33,"2",51,"22119","19","Pseudo-Word","Low",0,-1117.79
"802",33,"2",76,"23244","44","Consonant String","High",1,1189.18
"802",33,"2",63,"21121","21","Word","Low",1,683.36
"802",33,"2",64,"21202","02","Word","High",0,-1037.91
"802",33,"2",65,"23119","19","Consonant String","Low",0,-1563.54
"802",33,"2",66,"23135","35","Consonant String","Low",1,732.76
"802",33,"2",67,"23113","13","Consonant String","Low",0,-815.32
"802",33,"2",69,"22101","01","Pseudo-Word","Low",0,-1248.54
"802",33,"2",70,"22123","23","Pseudo-Word","Low",1,724.45
"802",33,"2",71,"22107","07","Pseudo-Word","Low",1,471.65
"802",33,"2",72,"21147","47","Word","Low",1,1562.87
"802",33,"2",73,"23103","03","Consonant String","Low",1,809.14
"802",33,"2",74,"23137","37","Consonant String","Low",0,-1105.37
"802",33,"2",75,"22139","39","Pseudo-Word","Low",1,899.27
"802",33,"2",81,"21127","27","Word","Low",0,-523.39
"802",33,"2",77,"22212","12","Pseudo-Word","High",1,610.73
"802",33,"2",78,"23147","47","Consonant String","Low",1,924.95
"802",33,"2",80,"23101","01","Consonant String","Low",0,-964.17
"802",33,"2",85,"21105","05","Word","Low",1,755.27
"802",33,"2",82,"21117","17","Word","Low",1,1110.61
"802",33,"2",83,"22244","44","Pseudo-Word","High",1,530.83
"802",33,"2",84,"22218","18","Pseudo-Word","High",0,-1050.37
"802",33,"2",86,"23220","20","Consonant String","High",0,-851.15
"803",33,"3",28,"33140","40","Consonant String","Low",0,-453.23
"803",33,"3",63,"32215","15","Pseudo-Word","High",0,-956.74
"803",33,"3",64,"32225","25","Pseudo-Word","High",1,728.65
"803",33,"3",65,"31211","11","Word","High",0,-789.15
"803",33,"3",66,"33142","42","Consonant String","Low",0,-504.68
"803",33,"3",67,"31102","02","Word","Low",0,-1101.54
"803",33,"3",69,"31213","13","Word","High",0,-593.41
"803",33,"3",70,"33144","44","Consonant String","Low",1,616.28
"803",33,"3",71,"31144","44","Word","Low",1,535.47
"803",33,"3",72,"32241","41","Pseudo-Word","High",0,-613.98
"803",33,"3",73,"32205","05","Pseudo-Word","High",0,-451.18
"803",33,"3",74,"32243","43","Pseudo-Word","High",0,-527.02
"803",33,"3",75,"33148","48","Consonant String","Low",1,467.53
"803",33,"3",76,"31146","46","Word","Low",1,646.71
"803",33,"3",77,"32211","11","Pseudo-Word","High",0,-574.59
"803",33,"3",78,"32134","34","Pseudo-Word","Low",0,-809.1
"803",33,"3",80,"33134","34","Consonant String","Low",1,428.3
"803",33,"3",81,"32112","12","Pseudo-Word","Low",0,-544.83
"803",33,"3",82,"33201","01","Consonant String","High",1,472.67
"803",33,"3",83,"31122","22","Word","Low",1,711.84
"803",33,"3",84,"33146","46","Consonant String","Low",1,594.05
"803",33,"3",85,"31217","17","Word","High",0,-1276.94
"803",33,"3",86,"31237","37","Word","High",1,759.5
"803",33,"3",87,"31130","30","Word","Low",1,673.71
"803",33,"3",88,"32148","48","Pseudo-Word","Low",1,600.23
"803",33,"3",89,"31241","41","Word","High",0,-488.08
"803",33,"3",91,"32142","42","Pseudo-Word","Low",1,504.6
"803",33,"3",92,"33239","39","Consonant String","High",0,-797.37
"803",33,"3",93,"32106","06","Pseudo-Word","Low",0,-500.34
"803",33,"3",94,"31239","39","Word","High",1,547.1
"803",33,"3",95,"33136","36","Consonant String","Low",1,714.62
"803",33,"3",96,"33221","21","Consonant String","High",0,-577.88
"803",33,"3",97,"32102","02","Pseudo-Word","Low",1,518.42
"803",33,"3",98,"31229","29","Word","High",1,617.61
"803",33,"3",99,"32138","38","Pseudo-Word","Low",1,438.8
"803",33,"3",100,"33245","45","Consonant String","High",0,-394.28
"803",33,"3",102,"32144","44","Pseudo-Word","Low",1,538.14
"803",33,"3",103,"33235","35","Consonant String","High",0,-451.69
"803",33,"3",104,"31140","40","Word","Low",1,710.54
"803",33,"3",105,"32245","45","Pseudo-Word","High",1,692.72
"803",33,"3",106,"31106","06","Word","Low",0,-491.6
"803",33,"3",107,"33203","03","Consonant String","High",1,475.38
"803",33,"3",108,"32229","29","Pseudo-Word","High",1,523.89
"803",33,"3",109,"32120","20","Pseudo-Word","Low",0,-688.4
"803",33,"3",110,"33217","17","Consonant String","High",1,438.96
"803",33,"3",111,"31110","10","Word","Low",0,-421.45
"803",33,"3",113,"31134","34","Word","Low",1,526.63
"803",33,"3",114,"32213","13","Pseudo-Word","High",0,-545.15
"803",33,"3",115,"33132","32","Consonant String","Low",0,-477.01
"803",33,"3",116,"32235","35","Pseudo-Word","High",1,393.66
"803",33,"3",117,"32227","27","Pseudo-Word","High",1,359.51
"803",33,"3",118,"32239","39","Pseudo-Word","High",0,-444.69
"803",33,"3",119,"31207","07","Word","High",0,-411.53
"803",33,"3",120,"33106","06","Consonant String","Low",1,713.68
"803",33,"3",121,"31138","38","Word","Low",1,412.88
"803",33,"3",122,"31148","48","Word","Low",1,475.11
"803",33,"3",124,"32233","33","Pseudo-Word","High",0,-493.26
"803",33,"3",125,"33114","14","Consonant String","Low",0,-459.08
"803",33,"3",126,"33213","13","Consonant String","High",0,-474.3
"803",33,"3",127,"31132","32","Word","Low",0,-586.47
"803",33,"3",128,"33229","29","Consonant String","High",1,466.99
"803",33,"3",129,"32108","08","Pseudo-Word","Low",0,-800.17
"803",33,"3",130,"32104","04","Pseudo-Word","Low",0,-1183.05
"803",33,"3",131,"31114","14","Word","Low",1,1027.61
"803",33,"3",132,"33130","30","Consonant String","Low",1,452.19
"803",33,"3",133,"33108","08","Consonant String","Low",0,-880.98
"803",33,"3",135,"33207","07","Consonant String","High",1,710.51
"803",33,"3",136,"32207","07","Pseudo-Word","High",1,820.78
"803",33,"3",137,"33225","25","Consonant String","High",1,571.96
"803",33,"3",138,"31118","18","Word","Low",1,1293.19
"803",33,"3",139,"31203","03","Word","High",1,757.06
"803",33,"3",140,"31124","24","Word","Low",1,645.93
"803",33,"3",141,"33215","15","Consonant String","High",1,997.84
"803",33,"3",142,"33241","41","Consonant String","High",1,1222.74
"803",33,"3",143,"31227","27","Word","High",1,595.93
"803",33,"3",144,"31209","09","Word","High",0,-646.79
"803",33,"3",3,"32122","22","Pseudo-Word","Low",1,570.65
"803",33,"3",4,"31235","35","Word","High",1,549.83
"803",33,"3",5,"33231","31","Consonant String","High",0,-502.71
"803",33,"3",6,"31221","21","Word","High",1,809.55
"803",33,"3",7,"31247","47","Word","High",0,-620.77
"803",33,"3",8,"31245","45","Word","High",1,543.96
"803",33,"3",9,"31231","31","Word","High",1,744.81
"803",33,"3",10,"32223","23","Pseudo-Word","High",1,475.67
"803",33,"3",11,"31201","01","Word","High",1,1516.2
"803",33,"3",12,"31120","20","Word","Low",1,548.44
"803",33,"3",14,"32140","40","Pseudo-Word","Low",1,549.29
"803",33,"3",15,"33110","10","Consonant String","Low",1,713.16
"803",33,"3",16,"32146","46","Pseudo-Word","Low",1,951.4
"803",33,"3",17,"33211","11","Consonant String","High",1,925.27
"803",33,"3",18,"32231","31","Pseudo-Word","High",0,-779.79
"803",33,"3",19,"32221","21","Pseudo-Word","High",1,866.34
"803",33,"3",20,"32116","16","Pseudo-Word","Low",0,-687.53
"803",33,"3",21,"32209","09","Pseudo-Word","High",1,497.07
"803",33,"3",22,"32126","26","Pseudo-Word","Low",1,510.94
"803",33,"3",23,"33227","27","Consonant String","High",1,917.13
"803",33,"3",25,"32128","28","Pseudo-Word","Low",0,-540.34
"803",33,"3",26,"31223","23","Word","High",1,764.83
"803",33,"3",27,"32136","36","Pseudo-Word","Low",1,712.07
"803",33,"3",1,"32130","30","Pseudo-Word","Low",1,687.55
"803",33,"3",29,"33247","47","Consonant String","High",1,921.08
"803",33,"3",30,"32110","10","Pseudo-Word","Low",0,-1032.32
"803",33,"3",31,"32203","03","Pseudo-Word","High",1,625.88
"803",33,"3",32,"33243","43","Consonant String","High",1,1237.43
"803",33,"3",33,"31219","19","Word","High",1,553.99
"803",33,"3",34,"33126","26","Consonant String","Low",0,-1101.87
"803",33,"3",36,"32118","18","Pseudo-Word","Low",0,-760.76
"803",33,"3",37,"32247","47","Pseudo-Word","High",0,-729.94
"803",33,"3",38,"33205","05","Consonant String","High",0,-639.48
"803",33,"3",39,"33122","22","Consonant String","Low",1,576
"803",33,"3",40,"31126","26","Word","Low",0,-444.52
"803",33,"3",41,"31142","42","Word","Low",1,707.38
"803",33,"3",42,"33219","19","Consonant String","High",1,900.59
"803",33,"3",43,"33118","18","Consonant String","Low",1,1487.49
"803",33,"3",44,"32201","01","Pseudo-Word","High",0,-875.04
"803",33,"3",45,"31104","04","Word","Low",1,824.61
"803",33,"3",47,"31233","33","Word","High",1,572.13
"803",33,"3",48,"33233","33","Consonant String","High",0,-642.31
"803",33,"3",49,"31108","08","Word","Low",1,726.22
"803",33,"3",50,"32124","24","Pseudo-Word","Low",1,1653.78
"803",33,"3",51,"33209","09","Consonant String","High",0,-957.68
"803",33,"3",61,"31128","28","Word","Low",1,966.28
"803",33,"3",62,"33138","38","Consonant String","Low",1,957.5
"803",33,"3",2,"31243","43","Word","High",0,-448.04
"803",33,"3",13,"33120","20","Consonant String","Low",0,-1337.94
"803",33,"3",24,"31116","16","Word","Low",1,475.49
"803",33,"3",35,"33102","02","Consonant String","Low",0,-646.96
"803",33,"3",46,"32219","19","Pseudo-Word","High",1,808.89
"803",33,"3",57,"32237","37","Pseudo-Word","High",0,-532.01
"803",33,"3",68,"31205","05","Word","High",1,821.62
"803",33,"3",79,"33116","16","Consonant String","Low",0,-1201.83
"803",33,"3",90,"33124","24","Consonant String","Low",1,509.72
"803",33,"3",101,"33237","37","Consonant String","High",1,501.91
"803",33,"3",112,"33223","23","Consonant String","High",0,-817.76
"803",33,"3",123,"32114","14","Pseudo-Word","Low",1,1135
"803",33,"3",134,"31225","25","Word","High",1,582.54
"803",33,"3",55,"31136","36","Word","Low",0,-763.24
"803",33,"3",52,"33104","04","Consonant String","Low",0,-482.04
"803",33,"3",53,"31215","15","Word","High",1,447.56
"803",33,"3",54,"32132","32","Pseudo-Word","Low",1,504.45
"803",33,"3",60,"33112","12","Consonant String","Low",1,444.43
"803",33,"3",56,"31112","12","Word","Low",0,-498.47
"803",33,"3",58,"33128","28","Consonant String","Low",0,-855.36
"803",33,"3",59,"32217","17","Pseudo-Word","High",0,-807.23
"804",33,"4",68,"43228","28","Consonant String","High",0,-728.73
"804",33,"4",79,"42232","32","Pseudo-Word","High",0,-1258.28
"804",33,"4",90,"41232","32","Word","High",1,517.16
"804",33,"4",101,"42111","11","Pseudo-Word","Low",0,-1059.37
"804",33,"4",112,"41141","41","Word","Low",1,612.58
"804",33,"4",53,"41208","08","Word","High",1,763.67
"804",33,"4",54,"42101","01","Pseudo-Word","Low",1,2179.89
"804",33,"4",55,"41131","31","Word","Low",1,597.49
"804",33,"4",56,"42202","02","Pseudo-Word","High",0,-1187.39
"804",33,"4",58,"42242","42","Pseudo-Word","High",1,731.97
"804",33,"4",123,"43107","07","Consonant String","Low",1,787.79
"804",33,"4",134,"42115","15","Pseudo-Word","Low",0,-1563.35
"804",33,"4",2,"43238","38","Consonant String","High",0,-927.61
"804",33,"4",13,"42121","21","Pseudo-Word","Low",1,1043.16
"804",33,"4",24,"41135","35","Word","Low",1,691.08
"804",33,"4",35,"42139","39","Pseudo-Word","Low",1,1061.6
"804",33,"4",46,"41226","26","Word","High",1,1459.87
"804",33,"4",52,"41210","10","Word","High",1,830.09
"804",33,"4",82,"41230","30","Word","High",1,546.36
"804",33,"4",83,"41214","14","Word","High",1,586.22
"804",33,"4",84,"42246","46","Pseudo-Word","High",0,-1243.76
"804",33,"4",85,"43224","24","Consonant String","High",0,-1352.69
"804",33,"4",86,"41246","46","Word","High",1,482.54
"804",33,"4",87,"41143","43","Word","Low",0,-1236.13
"804",33,"4",88,"43204","04","Consonant String","High",1,1274.7
"804",33,"4",89,"43129","29","Consonant String","Low",1,971.25
"804",33,"4",91,"43125","25","Consonant String","Low",0,-907.52
"804",33,"4",92,"43127","27","Consonant String","Low",1,930.68
"804",33,"4",93,"43216","16","Consonant String","High",1,1532.29
"804",33,"4",94,"43143","43","Consonant String","Low",0,-1183.9
"804",33,"4",95,"41206","06","Word","High",1,1006.43
"804",33,"4",96,"43135","35","Consonant String","Low",1,1074.32
"804",33,"4",97,"43210","10","Consonant String","High",0,-1148.56
"804",33,"4",98,"42206","06","Pseudo-Word","High",1,766.45
"804",33,"4",99,"42129","29","Pseudo-Word","Low",1,1439.7
"804",33,"4",100,"42226","26","Pseudo-Word","High",0,-1528.3
"804",33,"4",102,"42141","41","Pseudo-Word","Low",0,-1825.96
"804",33,"4",59,"41222","22","Word","High",1,984.47
"804",33,"4",60,"42244","44","Pseudo-Word","High",0,-822.03
"804",33,"4",61,"42210","10","Pseudo-Word","High",1,1382.29
"804",33,"4",62,"42228","28","Pseudo-Word","High",0,-1126.86
"804",33,"4",63,"43214","14","Consonant String","High",1,1434.43
"804",33,"4",64,"43121","21","Consonant String","Low",0,-1260.06
"804",33,"4",65,"42204","04","Pseudo-Word","High",1,938.25
"804",33,"4",66,"43202","02","Consonant String","High",0,-1230.83
"804",33,"4",67,"42135","35","Pseudo-Word","Low",0,-1054.41
"804",33,"4",69,"41244","44","Word","High",1,653.29
"804",33,"4",70,"42125","25","Pseudo-Word","Low",1,1101.16
"804",33,"4",71,"42147","47","Pseudo-Word","Low",1,501.03
"804",33,"4",72,"42240","40","Pseudo-Word","High",0,-900.9
"804",33,"4",73,"42220","20","Pseudo-Word","High",0,-993.83
"804",33,"4",74,"43115","15","Consonant String","Low",0,-1092.7
"804",33,"4",75,"41105","05","Word","Low",1,535.6
"804",33,"4",76,"41117","17","Word","Low",1,1407.12
"804",33,"4",77,"41224","24","Word","High",1,876.07
"804",33,"4",78,"43103","03","Consonant String","Low",0,-1439.63
"804",33,"4",80,"43206","06","Consonant String","High",1,1678.25
"804",33,"4",81,"43212","12","Consonant String","High",0,-979.81
"804",33,"4",126,"43232","32","Consonant String","High",1,1168.45
"804",33,"4",127,"42208","08","Pseudo-Word","High",0,-1227.71
"804",33,"4",128,"43230","30","Consonant String","High",0,-823.31
"804",33,"4",129,"43145","45","Consonant String","Low",1,725.49
"804",33,"4",130,"42236","36","Pseudo-Word","High",0,-613.01
"804",33,"4",131,"41216","16","Word","High",0,-805.21
"804",33,"4",132,"41127","27","Word","Low",1,772.08
"804",33,"4",133,"41202","02","Word","High",1,1418.35
"804",33,"4",135,"42131","31","Pseudo-Word","Low",1,730.54
"804",33,"4",136,"42103","03","Pseudo-Word","Low",1,939.13
"804",33,"4",137,"41133","33","Word","Low",1,643.67
"804",33,"4",138,"43226","26","Consonant String","High",1,1103.54
"804",33,"4",139,"41204","04","Word","High",1,563.39
"804",33,"4",140,"41218","18","Word","High",1,665.57
"804",33,"4",141,"43220","20","Consonant String","High",0,-1023.79
"804",33,"4",142,"42216","16","Pseudo-Word","High",0,-1240.37
"804",33,"4",143,"41234","34","Word","High",0,-455.28
"804",33,"4",144,"43113","13","Consonant String","Low",0,-956.15
"804",33,"4",3,"42212","12","Pseudo-Word","High",0,-644.99
"804",33,"4",103,"43218","18","Consonant String","High",0,-1075.55
"804",33,"4",104,"42234","34","Pseudo-Word","High",0,-1010.08
"804",33,"4",105,"41115","15","Word","Low",0,-640.32
"804",33,"4",106,"41147","47","Word","Low",1,547.8
"804",33,"4",107,"43123","23","Consonant String","Low",0,-1222.74
"804",33,"4",108,"43139","39","Consonant String","Low",0,-917.95
"804",33,"4",109,"42123","23","Pseudo-Word","Low",0,-1148.15
"804",33,"4",110,"41113","13","Word","Low",1,601.03
"804",33,"4",111,"42119","19","Pseudo-Word","Low",0,-945.94
"804",33,"4",113,"43236","36","Consonant String","High",0,-1008.8
"804",33,"4",114,"42143","43","Pseudo-Word","Low",0,-1089.05
"804",33,"4",115,"43240","40","Consonant String","High",0,-1158.6
"804",33,"4",116,"43141","41","Consonant String","Low",1,666.18
"804",33,"4",117,"43119","19","Consonant String","Low",1,942.42
"804",33,"4",118,"42137","37","Pseudo-Word","Low",1,1005.29
"804",33,"4",119,"42230","30","Pseudo-Word","High",0,-1036.19
"804",33,"4",120,"41220","20","Word","High",1,548.74
"804",33,"4",121,"43244","44","Consonant String","High",1,1086.64
"804",33,"4",122,"41129","29","Word","Low",1,565.15
"804",33,"4",124,"41236","36","Word","High",1,635.38
"804",33,"4",125,"43117","17","Consonant String","Low",1,1227.89
"804",33,"4",1,"41139","39","Word","Low",1,717.96
"804",33,"4",57,"42133","33","Pseudo-Word","Low",1,1032.17
"804",33,"4",28,"43246","46","Consonant String","High",0,-1029.74
"804",33,"4",29,"41123","23","Word","Low",1,507.29
"804",33,"4",30,"42113","13","Pseudo-Word","Low",0,-838.47
"804",33,"4",31,"42224","24","Pseudo-Word","High",1,659.98
"804",33,"4",32,"42109","09","Pseudo-Word","Low",1,1230.21
"804",33,"4",33,"41242","42","Word","High",1,1200.78
"804",33,"4",34,"43222","22","Consonant String","High",1,975.7
"804",33,"4",36,"43208","08","Consonant String","High",0,-624.27
"804",33,"4",37,"42145","45","Pseudo-Word","Low",1,634.74
"804",33,"4",38,"41248","48","Word","High",1,575.28
"804",33,"4",39,"43109","09","Consonant String","Low",1,812.82
"804",33,"4",40,"43101","01","Consonant String","Low",1,849.01
"804",33,"4",41,"41228","28","Word","High",1,540.87
"804",33,"4",42,"42214","14","Pseudo-Word","High",1,793.45
"804",33,"4",43,"41240","40","Word","High",1,429.3
"804",33,"4",44,"41238","38","Word","High",1,508.78
"804",33,"4",45,"43131","31","Consonant String","Low",0,-1504.04
"804",33,"4",47,"41125","25","Word","Low",1,440.93
"804",33,"4",48,"42248","48","Pseudo-Word","High",0,-641.42
"804",33,"4",49,"41103","03","Word","Low",0,-427.28
"804",33,"4",50,"42105","05","Pseudo-Word","Low",1,1112.8
"804",33,"4",51,"41111","11","Word","Low",1,628.04
"804",33,"4",7,"43111","11","Consonant String","Low",0,-1097.22
"804",33,"4",8,"42218","18","Pseudo-Word","High",1,1335.11
"804",33,"4",9,"41137","37","Word","Low",0,-1422.75
"804",33,"4",10,"41145","45","Word","Low",1,577.95
"804",33,"4",11,"41109","09","Word","Low",1,764.49
"804",33,"4",12,"43105","05","Consonant String","Low",1,995.67
"804",33,"4",14,"42117","17","Pseudo-Word","Low",0,-1072.61
"804",33,"4",15,"43242","42","Consonant String","High",1,1108.86
"804",33,"4",16,"43133","33","Consonant String","Low",1,760.03
"804",33,"4",17,"41121","21","Word","Low",0,-805.24
"804",33,"4",18,"43234","34","Consonant String","High",1,1195.13
"804",33,"4",19,"41107","07","Word","Low",1,633.03
"804",33,"4",20,"41212","12","Word","High",1,567.56
"804",33,"4",21,"43137","37","Consonant String","Low",1,1046.76
"804",33,"4",22,"41119","19","Word","Low",1,590.65
"804",33,"4",23,"41101","01","Word","Low",1,1005.19
"804",33,"4",25,"43248","48","Consonant String","High",1,1014.06
"804",33,"4",26,"42107","07","Pseudo-Word","Low",1,689.27
"804",33,"4",27,"42238","38","Pseudo-Word","High",1,1051.86
"804",33,"4",4,"42222","22","Pseudo-Word","High",1,716.85
"804",33,"4",5,"43147","47","Consonant String","Low",1,1085.06
"804",33,"4",6,"42127","27","Pseudo-Word","Low",0,-1080.62
"805",67,"1",49,"13138","38","Consonant String","Low",0,-711.96
"805",67,"1",62,"12227","27","Pseudo-Word","High",0,-781.04
"805",67,"1",50,"13201","01","Consonant String","High",1,1386.84
"805",67,"1",51,"12124","24","Pseudo-Word","Low",0,-658.07
"805",67,"1",61,"11140","40","Word","Low",1,1578.79
"805",67,"1",66,"11118","18","Word","Low",0,-850.65
"805",67,"1",67,"11245","45","Word","High",0,-736.19
"805",67,"1",69,"13239","39","Consonant String","High",1,762.37
"805",67,"1",70,"13235","35","Consonant String","High",0,-556.25
"805",67,"1",71,"13241","41","Consonant String","High",1,597.78
"805",67,"1",72,"11215","15","Word","High",1,554.27
"805",67,"1",73,"12128","28","Pseudo-Word","Low",1,643.83
"805",67,"1",74,"13221","21","Consonant String","High",1,538.37
"805",67,"1",75,"13112","12","Consonant String","Low",0,-479.52
"805",67,"1",76,"11136","36","Word","Low",0,-421.7
"805",67,"1",63,"12144","44","Pseudo-Word","Low",1,1095.27
"805",67,"1",64,"13136","36","Consonant String","Low",1,1511.87
"805",67,"1",65,"12104","04","Pseudo-Word","Low",1,607.78
"805",67,"1",28,"12201","01","Pseudo-Word","High",1,1224.51
"805",67,"1",29,"11108","08","Word","Low",1,669.72
"805",67,"1",30,"13116","16","Consonant String","Low",1,820.61
"805",67,"1",31,"12211","11","Pseudo-Word","High",1,1914.52
"805",67,"1",32,"13219","19","Consonant String","High",0,-968.47
"805",67,"1",33,"13229","29","Consonant String","High",0,-1201.38
"805",67,"1",34,"11104","04","Word","Low",1,732.92
"805",67,"1",36,"11225","25","Word","High",0,-1040.16
"805",67,"1",37,"13120","20","Consonant String","Low",0,-1416.39
"805",67,"1",38,"13207","07","Consonant String","High",0,-1501.33
"805",67,"1",39,"12132","32","Pseudo-Word","Low",1,1441.94
"805",67,"1",40,"12203","03","Pseudo-Word","High",1,603.47
"805",67,"1",41,"12140","40","Pseudo-Word","Low",0,-1251.06
"805",67,"1",42,"11148","48","Word","Low",1,961.64
"805",67,"1",43,"13203","03","Consonant String","High",1,738.51
"805",67,"1",44,"11211","11","Word","High",1,754.73
"805",67,"1",45,"13108","08","Consonant String","Low",1,736.24
"805",67,"1",47,"11243","43","Word","High",0,-1063.47
"805",67,"1",48,"12114","14","Pseudo-Word","Low",0,-1146.37
"805",67,"1",102,"12138","38","Pseudo-Word","Low",0,-880.7
"805",67,"1",103,"11223","23","Word","High",1,822.97
"805",67,"1",104,"13122","22","Consonant String","Low",0,-683.81
"805",67,"1",105,"13233","33","Consonant String","High",0,-661.02
"805",67,"1",106,"13110","10","Consonant String","Low",0,-1822.96
"805",67,"1",107,"12217","17","Pseudo-Word","High",0,-1756.9
"805",67,"1",108,"13130","30","Consonant String","Low",0,-1008.81
"805",67,"1",109,"12243","43","Pseudo-Word","High",1,1403.75
"805",67,"1",110,"11128","28","Word","Low",1,1063.35
"805",67,"1",111,"12106","06","Pseudo-Word","Low",1,1127.27
"805",67,"1",113,"13144","44","Consonant String","Low",1,669.45
"805",67,"1",114,"11233","33","Word","High",0,-581.35
"805",67,"1",115,"12213","13","Pseudo-Word","High",1,1158.55
"805",67,"1",116,"11112","12","Word","Low",1,1484.59
"805",67,"1",117,"13245","45","Consonant String","High",1,972.86
"805",67,"1",118,"11106","06","Word","Low",1,969.75
"805",67,"1",119,"11235","35","Word","High",1,928.64
"805",67,"1",120,"11205","05","Word","High",1,800.85
"805",67,"1",77,"11120","20","Word","Low",1,1418.58
"805",67,"1",78,"12231","31","Pseudo-Word","High",1,746.48
"805",67,"1",80,"13124","24","Consonant String","Low",1,598.03
"805",67,"1",81,"13148","48","Consonant String","Low",1,1089.58
"805",67,"1",82,"13102","02","Consonant String","Low",0,-1474.83
"805",67,"1",83,"13211","11","Consonant String","High",1,1068.1
"805",67,"1",84,"13247","47","Consonant String","High",1,1072.99
"805",67,"1",85,"13140","40","Consonant String","Low",0,-914.87
"805",67,"1",86,"11247","47","Word","High",1,1426.79
"805",67,"1",87,"12110","10","Pseudo-Word","Low",0,-1104.04
"805",67,"1",88,"13134","34","Consonant String","Low",0,-518.57
"805",67,"1",89,"12148","48","Pseudo-Word","Low",0,-1350.47
"805",67,"1",91,"11146","46","Word","Low",1,961.07
"805",67,"1",92,"12102","02","Pseudo-Word","Low",0,-1323.96
"805",67,"1",93,"12116","16","Pseudo-Word","Low",1,1024.22
"805",67,"1",94,"13114","14","Consonant String","Low",0,-1061.09
"805",67,"1",95,"11231","31","Word","High",0,-697.99
"805",67,"1",96,"12209","09","Pseudo-Word","High",1,1232.54
"805",67,"1",97,"11132","32","Word","Low",1,1137.8
"805",67,"1",98,"13146","46","Consonant String","Low",0,-881.03
"805",67,"1",99,"13104","04","Consonant String","Low",0,-1117.25
"805",67,"1",100,"12223","23","Pseudo-Word","High",0,-1451.16
"805",67,"1",4,"11124","24","Word","Low",1,615.27
"805",67,"1",5,"11221","21","Word","High",1,833.13
"805",67,"1",6,"11110","10","Word","Low",1,865.34
"805",67,"1",7,"13213","13","Consonant String","High",0,-1265.25
"805",67,"1",8,"11138","38","Word","Low",1,2316.21
"805",67,"1",9,"12118","18","Pseudo-Word","Low",1,1533.18
"805",67,"1",10,"12108","08","Pseudo-Word","Low",0,-1148.46
"805",67,"1",11,"11207","07","Word","High",1,544.01
"805",67,"1",12,"12245","45","Pseudo-Word","High",0,-1567.57
"805",67,"1",14,"11114","14","Word","Low",1,2187.56
"805",67,"1",15,"13106","06","Consonant String","Low",0,-1497.85
"805",67,"1",16,"11122","22","Word","Low",1,572.44
"805",67,"1",17,"13209","09","Consonant String","High",0,-1306.3
"805",67,"1",18,"12205","05","Pseudo-Word","High",0,-3197.97
"805",67,"1",19,"12235","35","Pseudo-Word","High",1,1491.67
"805",67,"1",20,"12225","25","Pseudo-Word","High",1,871.26
"805",67,"1",21,"12207","07","Pseudo-Word","High",1,560.13
"805",67,"1",22,"13142","42","Consonant String","Low",1,725.99
"805",67,"1",23,"13231","31","Consonant String","High",1,1363.21
"805",67,"1",25,"12122","22","Pseudo-Word","Low",1,597.07
"805",67,"1",26,"12221","21","Pseudo-Word","High",1,963.65
"805",67,"1",27,"12229","29","Pseudo-Word","High",1,1659.56
"805",67,"1",1,"13243","43","Consonant String","High",0,-1422.2
"805",67,"1",57,"13132","32","Consonant String","Low",1,973.12
"805",67,"1",68,"13217","17","Consonant String","High",0,-945.04
"805",67,"1",79,"11229","29","Word","High",0,-1516.59
"805",67,"1",90,"12134","34","Pseudo-Word","Low",1,1233.52
"805",67,"1",101,"11239","39","Word","High",0,-959.76
"805",67,"1",112,"12136","36","Pseudo-Word","Low",1,1694.68
"805",67,"1",123,"13215","15","Consonant String","High",1,766.26
"805",67,"1",134,"11209","09","Word","High",0,-1425.18
"805",67,"1",2,"11237","37","Word","High",0,-1225.44
"805",67,"1",13,"12130","30","Pseudo-Word","Low",1,1140.65
"805",67,"1",24,"11102","02","Word","Low",1,1052.91
"805",67,"1",35,"11142","42","Word","Low",1,1181.49
"805",67,"1",46,"12142","42","Pseudo-Word","Low",0,-1017.71
"805",67,"1",52,"13227","27","Consonant String","High",1,1153.64
"805",67,"1",53,"12215","15","Pseudo-Word","High",1,1765.22
"805",67,"1",54,"12233","33","Pseudo-Word","High",0,-2291.22
"805",67,"1",55,"12241","41","Pseudo-Word","High",1,1379.88
"805",67,"1",56,"11116","16","Word","Low",0,-1789.14
"805",67,"1",58,"11126","26","Word","Low",1,1097.42
"805",67,"1",59,"12237","37","Pseudo-Word","High",0,-676.97
"805",67,"1",60,"13223","23","Consonant String","High",1,1456.19
"805",67,"1",133,"11241","41","Word","High",1,819.74
"805",67,"1",135,"12120","20","Pseudo-Word","Low",1,1214.65
"805",67,"1",121,"13128","28","Consonant String","Low",0,-1959.42
"805",67,"1",122,"13237","37","Consonant String","High",0,-2272.44
"805",67,"1",124,"11217","17","Word","High",1,856.4
"805",67,"1",125,"13205","05","Consonant String","High",1,2597
"805",67,"1",126,"11134","34","Word","Low",1,1044.66
"805",67,"1",127,"12239","39","Pseudo-Word","High",1,985.22
"805",67,"1",128,"11213","13","Word","High",1,809.43
"805",67,"1",129,"11227","27","Word","High",0,-1220.33
"805",67,"1",130,"12219","19","Pseudo-Word","High",1,1688.26
"805",67,"1",131,"11130","30","Word","Low",1,718.51
"805",67,"1",132,"13126","26","Consonant String","Low",0,-2286.46
"805",67,"1",138,"13225","25","Consonant String","High",1,1718.98
"805",67,"1",139,"11219","19","Word","High",1,735.93
"805",67,"1",136,"12112","12","Pseudo-Word","Low",1,983.52
"805",67,"1",137,"11201","01","Word","High",1,975.76
"805",67,"1",142,"11144","44","Word","Low",1,684.1
"805",67,"1",143,"11203","03","Word","High",1,592.3
"805",67,"1",140,"12126","26","Pseudo-Word","Low",1,1793.19
"805",67,"1",141,"12247","47","Pseudo-Word","High",0,-2076.84
"805",67,"1",144,"13118","18","Consonant String","Low",0,-853.83
"805",67,"1",3,"12146","46","Pseudo-Word","Low",0,-1020.39
"806",50,"2",1,"23240","40","Consonant String","High",0,-1933.06
"806",50,"2",57,"22127","27","Pseudo-Word","Low",1,534.99
"806",50,"2",35,"21147","47","Word","Low",1,590.39
"806",50,"2",46,"21117","17","Word","Low",1,481.25
"806",50,"2",52,"21234","34","Word","High",1,525.11
"806",50,"2",68,"22232","32","Pseudo-Word","High",1,520.86
"806",50,"2",79,"22204","04","Pseudo-Word","High",1,1153.42
"806",50,"2",90,"22246","46","Pseudo-Word","High",1,1052.66
"806",50,"2",101,"23232","32","Consonant String","High",1,579.88
"806",50,"2",112,"21230","30","Word","High",1,744.76
"806",50,"2",123,"21220","20","Word","High",1,610.97
"806",50,"2",134,"22111","11","Pseudo-Word","Low",1,764.53
"806",50,"2",2,"21224","24","Word","High",1,661.05
"806",50,"2",13,"21143","43","Word","Low",1,1097.63
"806",50,"2",24,"21244","44","Word","High",1,720.85
"806",50,"2",78,"21236","36","Word","High",1,895.46
"806",50,"2",80,"21105","05","Word","Low",1,577.67
"806",50,"2",81,"21218","18","Word","High",1,552.54
"806",50,"2",82,"21135","35","Word","Low",1,756.75
"806",50,"2",83,"21101","01","Word","Low",1,834.96
"806",50,"2",84,"23246","46","Consonant String","High",0,-1088.87
"806",50,"2",85,"23145","45","Consonant String","Low",1,579.76
"806",50,"2",86,"23206","06","Consonant String","High",1,640.62
"806",50,"2",87,"23204","04","Consonant String","High",0,-840.51
"806",50,"2",88,"21216","16","Word","High",1,422.38
"806",50,"2",89,"21115","15","Word","Low",1,418.9
"806",50,"2",91,"23119","19","Consonant String","Low",1,781.43
"806",50,"2",92,"21246","46","Word","High",1,408.3
"806",50,"2",93,"22135","35","Pseudo-Word","Low",1,465.48
"806",50,"2",94,"23143","43","Consonant String","Low",1,494.01
"806",50,"2",95,"23214","14","Consonant String","High",1,750.21
"806",50,"2",96,"23117","17","Consonant String","Low",1,798.43
"806",50,"2",53,"21127","27","Word","Low",1,581.97
"806",50,"2",54,"21137","37","Word","Low",1,452.83
"806",50,"2",55,"21226","26","Word","High",1,701.04
"806",50,"2",56,"21222","22","Word","High",0,-674.25
"806",50,"2",58,"21212","12","Word","High",1,596.79
"806",50,"2",59,"23133","33","Consonant String","Low",1,462.98
"806",50,"2",60,"23129","29","Consonant String","Low",1,899.52
"806",50,"2",61,"22206","06","Pseudo-Word","High",1,860.74
"806",50,"2",62,"22216","16","Pseudo-Word","High",1,553.29
"806",50,"2",63,"23242","42","Consonant String","High",1,1132.51
"806",50,"2",64,"21210","10","Word","High",1,684.41
"806",50,"2",65,"23236","36","Consonant String","High",1,759.29
"806",50,"2",66,"23121","21","Consonant String","Low",0,-847.85
"806",50,"2",67,"22242","42","Pseudo-Word","High",0,-577.06
"806",50,"2",69,"21129","29","Word","Low",1,408.93
"806",50,"2",70,"23103","03","Consonant String","Low",1,623.45
"806",50,"2",71,"23220","20","Consonant String","High",1,565.98
"806",50,"2",72,"22236","36","Pseudo-Word","High",1,647.52
"806",50,"2",73,"22113","13","Pseudo-Word","Low",0,-692.72
"806",50,"2",74,"21145","45","Word","Low",1,929.95
"806",50,"2",75,"23210","10","Consonant String","High",0,-674.83
"806",50,"2",76,"23125","25","Consonant String","Low",1,767.38
"806",50,"2",77,"21232","32","Word","High",0,-472.92
"806",50,"2",122,"21103","03","Word","Low",1,492.44
"806",50,"2",124,"23105","05","Consonant String","Low",1,578.63
"806",50,"2",125,"22139","39","Pseudo-Word","Low",1,606.5
"806",50,"2",126,"22147","47","Pseudo-Word","Low",1,559.7
"806",50,"2",127,"22220","20","Pseudo-Word","High",1,447.22
"806",50,"2",128,"22208","08","Pseudo-Word","High",1,572.42
"806",50,"2",129,"22143","43","Pseudo-Word","Low",1,551.95
"806",50,"2",130,"21240","40","Word","High",1,605.15
"806",50,"2",131,"22101","01","Pseudo-Word","Low",1,564.35
"806",50,"2",132,"21119","19","Word","Low",1,441.87
"806",50,"2",133,"22230","30","Pseudo-Word","High",0,-983.08
"806",50,"2",135,"21208","08","Word","High",1,721.98
"806",50,"2",136,"21113","13","Word","Low",1,474.51
"806",50,"2",137,"22224","24","Pseudo-Word","High",1,440.03
"806",50,"2",138,"23226","26","Consonant String","High",1,903.9
"806",50,"2",139,"22202","02","Pseudo-Word","High",1,442.12
"806",50,"2",140,"22226","26","Pseudo-Word","High",1,699.31
"806",50,"2",141,"21202","02","Word","High",1,423.51
"806",50,"2",142,"21238","38","Word","High",1,437.03
"806",50,"2",143,"23212","12","Consonant String","High",0,-629.89
"806",50,"2",144,"23147","47","Consonant String","Low",1,814.77
"806",50,"2",3,"21111","11","Word","Low",1,471.31
"806",50,"2",4,"22244","44","Pseudo-Word","High",1,468.83
"806",50,"2",5,"22212","12","Pseudo-Word","High",1,469.35
"806",50,"2",6,"22117","17","Pseudo-Word","Low",1,442.88
"806",50,"2",7,"22214","14","Pseudo-Word","High",0,-528.07
"806",50,"2",8,"22141","41","Pseudo-Word","Low",1,534.92
"806",50,"2",9,"21133","33","Word","Low",1,474.78
"806",50,"2",10,"22234","34","Pseudo-Word","High",1,502.31
"806",50,"2",11,"23234","34","Consonant String","High",1,380.49
"806",50,"2",12,"23107","07","Consonant String","Low",0,-843.36
"806",50,"2",14,"23222","22","Consonant String","High",1,719.59
"806",50,"2",15,"23139","39","Consonant String","Low",0,-826.13
"806",50,"2",16,"22133","33","Pseudo-Word","Low",1,499.01
"806",50,"2",17,"23113","13","Consonant String","Low",0,-595.21
"806",50,"2",18,"23135","35","Consonant String","Low",1,759.41
"806",50,"2",19,"23228","28","Consonant String","High",0,-539.96
"806",50,"2",20,"22115","15","Pseudo-Word","Low",1,502.81
"806",50,"2",21,"21228","28","Word","High",0,-492.01
"806",50,"2",22,"23111","11","Consonant String","Low",1,590.2
"806",50,"2",23,"21109","09","Word","Low",1,459.06
"806",50,"2",25,"22125","25","Pseudo-Word","Low",1,521.58
"806",50,"2",26,"22248","48","Pseudo-Word","High",1,1024.13
"806",50,"2",27,"22109","09","Pseudo-Word","Low",1,445.69
"806",50,"2",28,"22107","07","Pseudo-Word","Low",1,451.87
"806",50,"2",29,"22129","29","Pseudo-Word","Low",0,-898.08
"806",50,"2",30,"23137","37","Consonant String","Low",0,-573.29
"806",50,"2",31,"21131","31","Word","Low",1,573.82
"806",50,"2",32,"23109","09","Consonant String","Low",1,489.35
"806",50,"2",33,"21248","48","Word","High",1,366.21
"806",50,"2",34,"21206","06","Word","High",0,-836.74
"806",50,"2",36,"22121","21","Pseudo-Word","Low",1,1087.63
"806",50,"2",37,"22137","37","Pseudo-Word","Low",0,-1020.54
"806",50,"2",38,"23244","44","Consonant String","High",1,731.11
"806",50,"2",39,"22218","18","Pseudo-Word","High",1,566.98
"806",50,"2",40,"22240","40","Pseudo-Word","High",1,372.5
"806",50,"2",41,"23230","30","Consonant String","High",0,-588.03
"806",50,"2",42,"23123","23","Consonant String","Low",1,593.9
"806",50,"2",43,"21107","07","Word","Low",1,1132.12
"806",50,"2",44,"23218","18","Consonant String","High",1,529.01
"806",50,"2",45,"23248","48","Consonant String","High",0,-332.86
"806",50,"2",47,"23216","16","Consonant String","High",1,598.72
"806",50,"2",48,"22105","05","Pseudo-Word","Low",1,613.93
"806",50,"2",49,"22119","19","Pseudo-Word","Low",1,405.46
"806",50,"2",50,"23131","31","Consonant String","Low",0,-525.64
"806",50,"2",51,"22123","23","Pseudo-Word","Low",1,416.5
"806",50,"2",106,"22238","38","Pseudo-Word","High",0,-861.69
"806",50,"2",107,"22103","03","Pseudo-Word","Low",1,851.25
"806",50,"2",108,"23101","01","Consonant String","Low",1,859.48
"806",50,"2",109,"22210","10","Pseudo-Word","High",1,760.04
"806",50,"2",110,"21214","14","Word","High",1,621.58
"806",50,"2",111,"23238","38","Consonant String","High",1,693.12
"806",50,"2",113,"21139","39","Word","Low",1,596.32
"806",50,"2",114,"22222","22","Pseudo-Word","High",0,-491.53
"806",50,"2",115,"22131","31","Pseudo-Word","Low",1,1328.76
"806",50,"2",116,"21204","04","Word","High",1,1919.82
"806",50,"2",117,"21125","25","Word","Low",1,424.42
"806",50,"2",118,"23202","02","Consonant String","High",1,733.95
"806",50,"2",119,"22228","28","Pseudo-Word","High",0,-845.84
"806",50,"2",120,"23115","15","Consonant String","Low",1,557.04
"806",50,"2",121,"21123","23","Word","Low",1,552.24
"806",50,"2",97,"23127","27","Consonant String","Low",1,528.63
"806",50,"2",98,"23208","08","Consonant String","High",1,1424.53
"806",50,"2",99,"22145","45","Pseudo-Word","Low",1,542.11
"806",50,"2",100,"23224","24","Consonant String","High",0,-634.32
"806",50,"2",102,"21242","42","Word","High",1,529.18
"806",50,"2",103,"21141","41","Word","Low",1,574.05
"806",50,"2",104,"23141","41","Consonant String","Low",1,517.57
"806",50,"2",105,"21121","21","Word","Low",1,1063.12
"807",50,"3",53,"32203","03","Pseudo-Word","High",1,1019.67
"807",50,"3",54,"33118","18","Consonant String","Low",0,-1237.26
"807",50,"3",55,"31146","46","Word","Low",1,667.14
"807",50,"3",56,"32241","41","Pseudo-Word","High",0,-1036.72
"807",50,"3",66,"33245","45","Consonant String","High",1,932.62
"807",50,"3",67,"32134","34","Pseudo-Word","Low",1,786.53
"807",50,"3",69,"31223","23","Word","High",1,716.38
"807",50,"3",70,"31126","26","Word","Low",1,666.95
"807",50,"3",71,"33106","06","Consonant String","Low",1,737.49
"807",50,"3",58,"33102","02","Consonant String","Low",1,875.58
"807",50,"3",59,"31207","07","Word","High",1,710.46
"807",50,"3",60,"31116","16","Word","Low",1,903.03
"807",50,"3",61,"32215","15","Pseudo-Word","High",0,-1194.27
"807",50,"3",62,"32128","28","Pseudo-Word","Low",1,867.5
"807",50,"3",63,"33229","29","Consonant String","High",0,-600.99
"807",50,"3",64,"33134","34","Consonant String","Low",1,916.23
"807",50,"3",65,"32108","08","Pseudo-Word","Low",1,728.77
"807",50,"3",1,"32130","30","Pseudo-Word","Low",1,699.85
"807",50,"3",57,"31235","35","Word","High",0,-1161.12
"807",50,"3",68,"31118","18","Word","Low",1,599.63
"807",50,"3",79,"32144","44","Pseudo-Word","Low",1,866.86
"807",50,"3",90,"31144","44","Word","Low",1,678.41
"807",50,"3",101,"31124","24","Word","Low",1,662.25
"807",50,"3",112,"32124","24","Pseudo-Word","Low",0,-1784.85
"807",50,"3",123,"33122","22","Consonant String","Low",1,1373.81
"807",50,"3",134,"31140","40","Word","Low",1,544.68
"807",50,"3",2,"33110","10","Consonant String","Low",0,-1673.91
"807",50,"3",13,"32247","47","Pseudo-Word","High",0,-704.84
"807",50,"3",24,"32118","18","Pseudo-Word","Low",1,927.06
"807",50,"3",35,"33223","23","Consonant String","High",1,1078.88
"807",50,"3",46,"33140","40","Consonant String","Low",0,-1247.82
"807",50,"3",52,"33120","20","Consonant String","Low",0,-1670.12
"807",50,"3",94,"33124","24","Consonant String","Low",1,1520.66
"807",50,"3",95,"33114","14","Consonant String","Low",0,-1569.27
"807",50,"3",96,"31243","43","Word","High",0,-1168.85
"807",50,"3",97,"33146","46","Consonant String","Low",1,797.38
"807",50,"3",98,"31130","30","Word","Low",1,720.65
"807",50,"3",99,"32213","13","Pseudo-Word","High",1,1444.23
"807",50,"3",100,"32239","39","Pseudo-Word","High",1,738.46
"807",50,"3",102,"31108","08","Word","Low",1,588.32
"807",50,"3",103,"33148","48","Consonant String","Low",1,837.15
"807",50,"3",104,"31112","12","Word","Low",1,455.01
"807",50,"3",105,"31106","06","Word","Low",1,639.19
"807",50,"3",106,"33207","07","Consonant String","High",1,558.07
"807",50,"3",107,"32225","25","Pseudo-Word","High",1,1253.59
"807",50,"3",108,"31209","09","Word","High",1,506.82
"807",50,"3",109,"31142","42","Word","Low",1,708.03
"807",50,"3",110,"33136","36","Consonant String","Low",0,-622.52
"807",50,"3",111,"33132","32","Consonant String","Low",0,-588.08
"807",50,"3",113,"32148","48","Pseudo-Word","Low",1,716.9
"807",50,"3",114,"31245","45","Word","High",1,874.49
"807",50,"3",115,"33144","44","Consonant String","Low",0,-526.99
"807",50,"3",116,"31102","02","Word","Low",1,534.98
"807",50,"3",117,"33108","08","Consonant String","Low",0,-1071.86
"807",50,"3",118,"32132","32","Pseudo-Word","Low",1,684.4
"807",50,"3",119,"31247","47","Word","High",1,511.27
"807",50,"3",120,"32142","42","Pseudo-Word","Low",0,-808.78
"807",50,"3",121,"31136","36","Word","Low",1,501.31
"807",50,"3",122,"33247","47","Consonant String","High",0,-663.46
"807",50,"3",124,"33235","35","Consonant String","High",1,447.01
"807",50,"3",125,"33205","05","Consonant String","High",1,521.18
"807",50,"3",126,"31237","37","Word","High",1,598.66
"807",50,"3",127,"33221","21","Consonant String","High",1,626.91
"807",50,"3",128,"32126","26","Pseudo-Word","Low",1,423.78
"807",50,"3",129,"33116","16","Consonant String","Low",0,-1195.63
"807",50,"3",130,"31128","28","Word","Low",1,602.83
"807",50,"3",131,"33203","03","Consonant String","High",1,1059.08
"807",50,"3",132,"32146","46","Pseudo-Word","Low",1,486.62
"807",50,"3",133,"31120","20","Word","Low",1,631.41
"807",50,"3",135,"31104","04","Word","Low",1,885.3
"807",50,"3",136,"32211","11","Pseudo-Word","High",1,765.2
"807",50,"3",137,"33243","43","Consonant String","High",1,570.74
"807",50,"3",138,"33217","17","Consonant String","High",0,-488.26
"807",50,"3",139,"32223","23","Pseudo-Word","High",1,943.14
"807",50,"3",140,"33237","37","Consonant String","High",1,883.33
"807",50,"3",141,"32110","10","Pseudo-Word","Low",1,975.24
"807",50,"3",142,"32104","04","Pseudo-Word","Low",1,717.79
"807",50,"3",143,"32114","14","Pseudo-Word","Low",1,562.3
"807",50,"3",144,"32209","09","Pseudo-Word","High",1,585.81
"807",50,"3",3,"33227","27","Consonant String","High",1,603.69
"807",50,"3",4,"33239","39","Consonant String","High",0,-965.89
"807",50,"3",5,"32102","02","Pseudo-Word","Low",1,808.46
"807",50,"3",6,"31211","11","Word","High",1,1372.02
"807",50,"3",7,"31205","05","Word","High",1,716.57
"807",50,"3",8,"32138","38","Pseudo-Word","Low",0,-929.11
"807",50,"3",9,"33112","12","Consonant String","Low",1,575
"807",50,"3",10,"32243","43","Pseudo-Word","High",1,587.85
"807",50,"3",11,"31138","38","Word","Low",1,603.7
"807",50,"3",12,"32136","36","Pseudo-Word","Low",1,629.86
"807",50,"3",14,"32122","22","Pseudo-Word","Low",1,760.78
"807",50,"3",15,"33241","41","Consonant String","High",0,-520.27
"807",50,"3",16,"31241","41","Word","High",1,844.84
"807",50,"3",17,"32237","37","Pseudo-Word","High",1,567.04
"807",50,"3",18,"33104","04","Consonant String","Low",1,793.54
"807",50,"3",19,"31225","25","Word","High",1,627.74
"807",50,"3",20,"32201","01","Pseudo-Word","High",1,1212.63
"807",50,"3",21,"31227","27","Word","High",1,561.19
"807",50,"3",22,"31215","15","Word","High",1,641.71
"807",50,"3",23,"33209","09","Consonant String","High",0,-627.9
"807",50,"3",25,"33142","42","Consonant String","Low",0,-640.76
"807",50,"3",26,"31203","03","Word","High",1,931.65
"807",50,"3",27,"33219","19","Consonant String","High",0,-1004.56
"807",50,"3",28,"33211","11","Consonant String","High",0,-1197.78
"807",50,"3",29,"31148","48","Word","Low",1,854.02
"807",50,"3",30,"33233","33","Consonant String","High",1,711.2
"807",50,"3",31,"31239","39","Word","High",1,1020.79
"807",50,"3",32,"32106","06","Pseudo-Word","Low",1,889.35
"807",50,"3",33,"32221","21","Pseudo-Word","High",0,-717.22
"807",50,"3",34,"33231","31","Consonant String","High",1,532.71
"807",50,"3",36,"31231","31","Word","High",1,772.56
"807",50,"3",37,"33130","30","Consonant String","Low",0,-1351.17
"807",50,"3",38,"32120","20","Pseudo-Word","Low",1,979.4
"807",50,"3",39,"32231","31","Pseudo-Word","High",1,601.3
"807",50,"3",40,"32235","35","Pseudo-Word","High",1,631.47
"807",50,"3",41,"31217","17","Word","High",1,755.35
"807",50,"3",42,"33126","26","Consonant String","Low",1,1099.51
"807",50,"3",43,"32207","07","Pseudo-Word","High",1,832.75
"807",50,"3",44,"32229","29","Pseudo-Word","High",0,-637.63
"807",50,"3",45,"33213","13","Consonant String","High",0,-608.5
"807",50,"3",47,"32227","27","Pseudo-Word","High",1,491.02
"807",50,"3",48,"32205","05","Pseudo-Word","High",0,-935.92
"807",50,"3",49,"31114","14","Word","Low",1,613.76
"807",50,"3",50,"33128","28","Consonant String","Low",0,-936.32
"807",50,"3",51,"31110","10","Word","Low",1,662.13
"807",50,"3",76,"31122","22","Word","Low",1,757.83
"807",50,"3",77,"32116","16","Pseudo-Word","Low",1,949.37
"807",50,"3",78,"31213","13","Word","High",1,771.62
"807",50,"3",80,"31233","33","Word","High",1,620.1
"807",50,"3",81,"33138","38","Consonant String","Low",0,-1100.66
"807",50,"3",82,"32219","19","Pseudo-Word","High",0,-964.92
"807",50,"3",83,"32140","40","Pseudo-Word","Low",0,-620.46
"807",50,"3",84,"33225","25","Consonant String","High",1,550.98
"807",50,"3",85,"31132","32","Word","Low",0,-1391.21
"807",50,"3",72,"32217","17","Pseudo-Word","High",0,-750.34
"807",50,"3",73,"33201","01","Consonant String","High",1,747.51
"807",50,"3",74,"31219","19","Word","High",1,990.77
"807",50,"3",75,"31201","01","Word","High",1,647.6
"807",50,"3",91,"31229","29","Word","High",1,595.29
"807",50,"3",92,"32233","33","Pseudo-Word","High",1,765.5
"807",50,"3",93,"31221","21","Word","High",1,873.08
"807",50,"3",88,"32245","45","Pseudo-Word","High",1,1046.9
"807",50,"3",89,"33215","15","Consonant String","High",1,741.15
"807",50,"3",86,"32112","12","Pseudo-Word","Low",1,1108.46
"807",50,"3",87,"31134","34","Word","Low",1,1024
"808",50,"4",33,"42242","42","Pseudo-Word","High",1,487.33
"808",50,"4",34,"42208","08","Pseudo-Word","High",1,794.21
"808",50,"4",36,"41103","03","Word","Low",0,-425.39
"808",50,"4",37,"42113","13","Pseudo-Word","Low",0,-615.2
"808",50,"4",38,"41121","21","Word","Low",1,501.76
"808",50,"4",39,"43121","21","Consonant String","Low",0,-742.95
"808",50,"4",30,"41105","05","Word","Low",1,513.41
"808",50,"4",31,"41125","25","Word","Low",1,482.95
"808",50,"4",32,"41119","19","Word","Low",1,614.79
"808",50,"4",72,"43206","06","Consonant String","High",0,-1767.96
"808",50,"4",73,"42224","24","Pseudo-Word","High",1,827.54
"808",50,"4",74,"43238","38","Consonant String","High",1,1226.44
"808",50,"4",75,"41212","12","Word","High",1,1561.38
"808",50,"4",76,"43147","47","Consonant String","Low",1,2679.04
"808",50,"4",77,"43101","01","Consonant String","Low",0,-1479.99
"808",50,"4",78,"43212","12","Consonant String","High",1,1682.96
"808",50,"4",80,"42123","23","Pseudo-Word","Low",1,1639.93
"808",50,"4",81,"42119","19","Pseudo-Word","Low",0,-1306.88
"808",50,"4",82,"41216","16","Word","High",1,1822.15
"808",50,"4",83,"43119","19","Consonant String","Low",0,-1095.74
"808",50,"4",84,"41139","39","Word","Low",1,535.96
"808",50,"4",85,"42236","36","Pseudo-Word","High",1,788.83
"808",50,"4",86,"42133","33","Pseudo-Word","Low",1,1552.74
"808",50,"4",87,"41236","36","Word","High",1,2281.03
"808",50,"4",88,"41117","17","Word","Low",1,566.98
"808",50,"4",89,"43105","05","Consonant String","Low",1,1759.57
"808",50,"4",91,"41242","42","Word","High",1,806.12
"808",50,"4",92,"41240","40","Word","High",0,-1717.39
"808",50,"4",93,"42218","18","Pseudo-Word","High",1,1111.98
"808",50,"4",94,"43240","40","Consonant String","High",1,859.56
"808",50,"4",95,"43117","17","Consonant String","Low",1,741.12
"808",50,"4",96,"41230","30","Word","High",1,722.97
"808",50,"4",97,"41129","29","Word","Low",1,800.53
"808",50,"4",98,"41218","18","Word","High",1,573.69
"808",50,"4",99,"41137","37","Word","Low",1,532.55
"808",50,"4",100,"42111","11","Pseudo-Word","Low",1,436.43
"808",50,"4",102,"42143","43","Pseudo-Word","Low",1,521.25
"808",50,"4",103,"43210","10","Consonant String","High",1,778.8
"808",50,"4",104,"42137","37","Pseudo-Word","Low",1,564.64
"808",50,"4",105,"41115","15","Word","Low",1,461.16
"808",50,"4",106,"43111","11","Consonant String","Low",1,631.67
"808",50,"4",107,"41123","23","Word","Low",1,578.57
"808",50,"4",108,"41135","35","Word","Low",1,478.42
"808",50,"4",109,"43236","36","Consonant String","High",0,-417.23
"808",50,"4",110,"41244","44","Word","High",1,625.77
"808",50,"4",111,"42103","03","Pseudo-Word","Low",1,761.63
"808",50,"4",113,"41232","32","Word","High",1,436.15
"808",50,"4",114,"41208","08","Word","High",1,739.02
"808",50,"4",115,"43133","33","Consonant String","Low",1,1108.91
"808",50,"4",116,"41131","31","Word","Low",1,436.01
"808",50,"4",117,"43135","35","Consonant String","Low",1,565.82
"808",50,"4",118,"42210","10","Pseudo-Word","High",1,570.37
"808",50,"4",119,"42204","04","Pseudo-Word","High",1,630.86
"808",50,"4",120,"43131","31","Consonant String","Low",1,401.72
"808",50,"4",121,"43208","08","Consonant String","High",1,645.88
"808",50,"4",122,"42226","26","Pseudo-Word","High",1,466.09
"808",50,"4",124,"42244","44","Pseudo-Word","High",1,460.62
"808",50,"4",125,"41133","33","Word","Low",1,506.12
"808",50,"4",126,"43202","02","Consonant String","High",1,602.33
"808",50,"4",127,"42109","09","Pseudo-Word","Low",0,-686.52
"808",50,"4",128,"42121","21","Pseudo-Word","Low",1,456.38
"808",50,"4",129,"42127","27","Pseudo-Word","Low",1,387.55
"808",50,"4",130,"42220","20","Pseudo-Word","High",1,445.39
"808",50,"4",131,"42107","07","Pseudo-Word","Low",1,533.57
"808",50,"4",132,"43113","13","Consonant String","Low",0,-525.42
"808",50,"4",133,"43234","34","Consonant String","High",0,-473.27
"808",50,"4",135,"42230","30","Pseudo-Word","High",1,488.78
"808",50,"4",136,"43228","28","Consonant String","High",0,-841.64
"808",50,"4",137,"41210","10","Word","High",1,535.85
"808",50,"4",138,"42131","31","Pseudo-Word","Low",1,599.69
"808",50,"4",139,"41204","04","Word","High",1,546.88
"808",50,"4",140,"43216","16","Consonant String","High",1,650.07
"808",50,"4",141,"43226","26","Consonant String","High",1,362.26
"808",50,"4",142,"43137","37","Consonant String","Low",0,-548.77
"808",50,"4",143,"43129","29","Consonant String","Low",0,-787.95
"808",50,"4",144,"42115","15","Pseudo-Word","Low",1,977.86
"808",50,"4",3,"43242","42","Consonant String","High",1,518.75
"808",50,"4",4,"42248","48","Pseudo-Word","High",1,1451.29
"808",50,"4",5,"42240","40","Pseudo-Word","High",0,-576.52
"808",50,"4",6,"41238","38","Word","High",1,806.4
"808",50,"4",7,"43107","07","Consonant String","Low",1,987.61
"808",50,"4",8,"41214","14","Word","High",1,954.49
"808",50,"4",9,"42145","45","Pseudo-Word","Low",1,735.71
"808",50,"4",10,"43143","43","Consonant String","Low",0,-617.58
"808",50,"4",11,"43127","27","Consonant String","Low",0,-905.12
"808",50,"4",12,"41246","46","Word","High",1,611.31
"808",50,"4",14,"43214","14","Consonant String","High",1,549.84
"808",50,"4",15,"41145","45","Word","Low",0,-2102.11
"808",50,"4",16,"43125","25","Consonant String","Low",1,1267.38
"808",50,"4",17,"41224","24","Word","High",1,510.94
"808",50,"4",18,"43230","30","Consonant String","High",1,861.47
"808",50,"4",19,"41111","11","Word","Low",1,458.02
"808",50,"4",20,"42135","35","Pseudo-Word","Low",1,491.52
"808",50,"4",21,"42141","41","Pseudo-Word","Low",1,1381.72
"808",50,"4",22,"42125","25","Pseudo-Word","Low",0,-1152.67
"808",50,"4",23,"42147","47","Pseudo-Word","Low",1,650.89
"808",50,"4",25,"41141","41","Word","Low",0,-1054.11
"808",50,"4",26,"41248","48","Word","High",1,467.31
"808",50,"4",27,"42246","46","Pseudo-Word","High",1,1116.85
"808",50,"4",28,"43218","18","Consonant String","High",1,583.36
"808",50,"4",29,"43232","32","Consonant String","High",1,651.25
"808",50,"4",1,"42212","12","Pseudo-Word","High",1,751.41
"808",50,"4",57,"43246","46","Consonant String","High",1,835.63
"808",50,"4",68,"42139","39","Pseudo-Word","Low",1,673.5
"808",50,"4",79,"41228","28","Word","High",1,613.01
"808",50,"4",90,"41101","01","Word","Low",1,1084.59
"808",50,"4",101,"42101","01","Pseudo-Word","Low",1,742.48
"808",50,"4",112,"41220","20","Word","High",1,710.68
"808",50,"4",123,"42238","38","Pseudo-Word","High",1,730.18
"808",50,"4",134,"42206","06","Pseudo-Word","High",1,705.09
"808",50,"4",40,"42216","16","Pseudo-Word","High",1,1296.16
"808",50,"4",41,"43248","48","Consonant String","High",1,520.42
"808",50,"4",42,"43103","03","Consonant String","Low",1,1133.95
"808",50,"4",43,"41206","06","Word","High",1,1073.87
"808",50,"4",44,"42202","02","Pseudo-Word","High",1,1701.76
"808",50,"4",45,"41107","07","Word","Low",1,498.99
"808",50,"4",47,"41202","02","Word","High",1,1606.26
"808",50,"4",48,"43204","04","Consonant String","High",0,-933.48
"808",50,"4",49,"43141","41","Consonant String","Low",1,609.36
"808",50,"4",50,"41226","26","Word","High",0,-413.88
"808",50,"4",51,"43139","39","Consonant String","Low",1,1254.45
"808",50,"4",59,"43224","24","Consonant String","High",1,1194.2
"808",50,"4",60,"43220","20","Consonant String","High",1,1469.43
"808",50,"4",61,"41113","13","Word","Low",1,821.02
"808",50,"4",62,"42105","05","Pseudo-Word","Low",1,1232.54
"808",50,"4",63,"43115","15","Consonant String","Low",0,-1047.44
"808",50,"4",64,"41234","34","Word","High",1,1422.74
"808",50,"4",65,"42228","28","Pseudo-Word","High",1,797.27
"808",50,"4",66,"43109","09","Consonant String","Low",1,703.49
"808",50,"4",67,"41109","09","Word","Low",1,831.69
"808",50,"4",69,"42234","34","Pseudo-Word","High",1,606.59
"808",50,"4",70,"41127","27","Word","Low",1,647.74
"808",50,"4",71,"43222","22","Consonant String","High",1,1425.01
"808",50,"4",55,"42214","14","Pseudo-Word","High",0,-1980.06
"808",50,"4",56,"41143","43","Word","Low",1,712.02
"808",50,"4",58,"43123","23","Consonant String","Low",1,1262.57
"808",50,"4",24,"42222","22","Pseudo-Word","High",1,1129.06
"808",50,"4",35,"43244","44","Consonant String","High",0,-2247.99
"808",50,"4",2,"43145","45","Consonant String","Low",1,779.27
"808",50,"4",13,"42232","32","Pseudo-Word","High",0,-1087.17
"808",50,"4",53,"41222","22","Word","High",1,1600.61
"808",50,"4",54,"42129","29","Pseudo-Word","Low",1,794.85
"808",50,"4",46,"42117","17","Pseudo-Word","Low",0,-1968.37
"808",50,"4",52,"41147","47","Word","Low",1,1462.97
"809",50,"1",53,"12229","29","Pseudo-Word","High",0,-1162.24
"809",50,"1",54,"13144","44","Consonant String","Low",1,1087.86
"809",50,"1",35,"11140","40","Word","Low",1,559.65
"809",50,"1",46,"11221","21","Word","High",1,634.15
"809",50,"1",52,"11235","35","Word","High",0,-695.02
"809",50,"1",67,"13239","39","Consonant String","High",0,-1709.41
"809",50,"1",69,"11142","42","Word","Low",1,496.96
"809",50,"1",55,"13225","25","Consonant String","High",0,-1290.72
"809",50,"1",56,"12146","46","Pseudo-Word","Low",0,-1119.64
"809",50,"1",58,"12136","36","Pseudo-Word","Low",1,571.22
"809",50,"1",59,"12138","38","Pseudo-Word","Low",1,1583.77
"809",50,"1",60,"13116","16","Consonant String","Low",1,1112.66
"809",50,"1",61,"12148","48","Pseudo-Word","Low",1,1192.28
"809",50,"1",62,"13108","08","Consonant String","Low",1,1020.52
"809",50,"1",63,"12223","23","Pseudo-Word","High",1,577.07
"809",50,"1",64,"12122","22","Pseudo-Word","Low",1,1640.97
"809",50,"1",65,"11201","01","Word","High",1,982.87
"809",50,"1",66,"13203","03","Consonant String","High",1,1271.81
"809",50,"1",82,"12243","43","Pseudo-Word","High",1,958.58
"809",50,"1",83,"12233","33","Pseudo-Word","High",1,955.15
"809",50,"1",84,"11211","11","Word","High",1,688.36
"809",50,"1",85,"11106","06","Word","Low",1,548.2
"809",50,"1",86,"11124","24","Word","Low",1,490.37
"809",50,"1",87,"11108","08","Word","Low",1,427.27
"809",50,"1",88,"12144","44","Pseudo-Word","Low",1,626.11
"809",50,"1",89,"13122","22","Consonant String","Low",1,1015.96
"809",50,"1",91,"13233","33","Consonant String","High",1,781.49
"809",50,"1",92,"13247","47","Consonant String","High",1,725.38
"809",50,"1",93,"11247","47","Word","High",1,675.24
"809",50,"1",94,"11239","39","Word","High",1,778.12
"809",50,"1",95,"12215","15","Pseudo-Word","High",1,506
"809",50,"1",96,"13130","30","Consonant String","Low",0,-1051.18
"809",50,"1",97,"12104","04","Pseudo-Word","Low",1,631.38
"809",50,"1",98,"11245","45","Word","High",1,764.27
"809",50,"1",99,"11223","23","Word","High",1,556.79
"809",50,"1",100,"12130","30","Pseudo-Word","Low",0,-924.03
"809",50,"1",102,"12219","19","Pseudo-Word","High",1,1064.86
"809",50,"1",103,"12231","31","Pseudo-Word","High",1,629.42
"809",50,"1",104,"11213","13","Word","High",0,-710.36
"809",50,"1",105,"11112","12","Word","Low",1,534.83
"809",50,"1",106,"13138","38","Consonant String","Low",1,802.69
"809",50,"1",107,"12116","16","Pseudo-Word","Low",1,852.94
"809",50,"1",108,"13207","07","Consonant String","High",0,-903.16
"809",50,"1",109,"11146","46","Word","Low",1,607.35
"809",50,"1",110,"13215","15","Consonant String","High",0,-1158.88
"809",50,"1",111,"12118","18","Pseudo-Word","Low",1,1413.44
"809",50,"1",113,"13148","48","Consonant String","Low",0,-828.07
"809",50,"1",70,"13134","34","Consonant String","Low",1,909.19
"809",50,"1",71,"11132","32","Word","Low",1,713.7
"809",50,"1",72,"11134","34","Word","Low",1,642.23
"809",50,"1",73,"12227","27","Pseudo-Word","High",1,1081.46
"809",50,"1",74,"11219","19","Word","High",0,-860.37
"809",50,"1",75,"11116","16","Word","Low",1,1198.9
"809",50,"1",76,"12205","05","Pseudo-Word","High",1,784.17
"809",50,"1",77,"11118","18","Word","Low",1,520.01
"809",50,"1",78,"11110","10","Word","Low",1,590.55
"809",50,"1",80,"12120","20","Pseudo-Word","Low",1,518.4
"809",50,"1",81,"12235","35","Pseudo-Word","High",1,2018.98
"809",50,"1",126,"13201","01","Consonant String","High",1,1157.92
"809",50,"1",127,"12110","10","Pseudo-Word","Low",1,839.51
"809",50,"1",128,"11104","04","Word","Low",1,1946.43
"809",50,"1",129,"13211","11","Consonant String","High",0,-816.66
"809",50,"1",130,"12211","11","Pseudo-Word","High",1,1321.29
"809",50,"1",131,"12209","09","Pseudo-Word","High",1,993.88
"809",50,"1",132,"13223","23","Consonant String","High",0,-614.08
"809",50,"1",133,"13110","10","Consonant String","Low",1,1006.63
"809",50,"1",135,"13237","37","Consonant String","High",0,-1195.8
"809",50,"1",136,"13104","04","Consonant String","Low",0,-805.09
"809",50,"1",137,"13112","12","Consonant String","Low",1,587.26
"809",50,"1",138,"11120","20","Word","Low",1,1142.14
"809",50,"1",139,"11215","15","Word","High",1,537.4
"809",50,"1",140,"13142","42","Consonant String","Low",0,-974.21
"809",50,"1",141,"12142","42","Pseudo-Word","Low",1,736.8
"809",50,"1",142,"12114","14","Pseudo-Word","Low",1,1148.65
"809",50,"1",143,"12237","37","Pseudo-Word","High",0,-868.92
"809",50,"1",144,"11130","30","Word","Low",1,676.46
"809",50,"1",3,"13243","43","Consonant String","High",1,622.26
"809",50,"1",4,"11102","02","Word","Low",1,864.8
"809",50,"1",5,"13128","28","Consonant String","Low",1,918.44
"809",50,"1",6,"13241","41","Consonant String","High",0,-784.92
"809",50,"1",7,"11138","38","Word","Low",1,633.83
"809",50,"1",8,"12247","47","Pseudo-Word","High",1,717.65
"809",50,"1",9,"13102","02","Consonant String","Low",1,850.21
"809",50,"1",10,"11243","43","Word","High",1,853.46
"809",50,"1",11,"11231","31","Word","High",1,643.67
"809",50,"1",12,"13136","36","Consonant String","Low",1,1070.87
"809",50,"1",14,"12106","06","Pseudo-Word","Low",1,575.39
"809",50,"1",114,"12126","26","Pseudo-Word","Low",1,559.94
"809",50,"1",115,"12241","41","Pseudo-Word","High",1,592.44
"809",50,"1",116,"12225","25","Pseudo-Word","High",1,1002.82
"809",50,"1",117,"13140","40","Consonant String","Low",1,1009.01
"809",50,"1",118,"11225","25","Word","High",1,831.6
"809",50,"1",119,"13209","09","Consonant String","High",0,-953.47
"809",50,"1",120,"13146","46","Consonant String","Low",1,960.71
"809",50,"1",121,"13227","27","Consonant String","High",1,809.27
"809",50,"1",122,"13245","45","Consonant String","High",1,1310.81
"809",50,"1",124,"13114","14","Consonant String","Low",0,-2475.47
"809",50,"1",125,"11203","03","Word","High",1,566.38
"809",50,"1",1,"13221","21","Consonant String","High",1,1088.5
"809",50,"1",57,"11128","28","Word","Low",1,565.38
"809",50,"1",68,"13213","13","Consonant String","High",0,-778.9
"809",50,"1",79,"11144","44","Word","Low",1,607.82
"809",50,"1",90,"12239","39","Pseudo-Word","High",1,1700.02
"809",50,"1",101,"11237","37","Word","High",1,735.28
"809",50,"1",112,"12112","12","Pseudo-Word","Low",1,520.13
"809",50,"1",123,"12213","13","Pseudo-Word","High",0,-1590.71
"809",50,"1",134,"11233","33","Word","High",1,1494.65
"809",50,"1",2,"12217","17","Pseudo-Word","High",1,946.88
"809",50,"1",13,"12140","40","Pseudo-Word","Low",1,2316.18
"809",50,"1",24,"12221","21","Pseudo-Word","High",1,632.78
"809",50,"1",39,"12124","24","Pseudo-Word","Low",1,523.68
"809",50,"1",40,"13118","18","Consonant String","Low",0,-1064.5
"809",50,"1",41,"11209","09","Word","High",1,678.1
"809",50,"1",42,"12108","08","Pseudo-Word","Low",1,562
"809",50,"1",43,"11205","05","Word","High",1,484.51
"809",50,"1",44,"13126","26","Consonant String","Low",1,875.35
"809",50,"1",45,"13219","19","Consonant String","High",1,568.23
"809",50,"1",47,"11114","14","Word","Low",1,493.71
"809",50,"1",48,"11229","29","Word","High",1,646.91
"809",50,"1",49,"12245","45","Pseudo-Word","High",0,-921.09
"809",50,"1",50,"12102","02","Pseudo-Word","Low",1,1323.71
"809",50,"1",51,"11122","22","Word","Low",1,518.6
"809",50,"1",21,"13205","05","Consonant String","High",0,-1842.21
"809",50,"1",22,"13132","32","Consonant String","Low",1,2376.58
"809",50,"1",23,"12132","32","Pseudo-Word","Low",1,804.53
"809",50,"1",25,"11207","07","Word","High",1,1555.75
"809",50,"1",26,"13235","35","Consonant String","High",0,-776.99
"809",50,"1",27,"11227","27","Word","High",1,585.88
"809",50,"1",28,"12201","01","Pseudo-Word","High",1,881.7
"809",50,"1",15,"12134","34","Pseudo-Word","Low",1,661.24
"809",50,"1",16,"11241","41","Word","High",1,505.79
"809",50,"1",17,"13124","24","Consonant String","Low",1,1702.04
"809",50,"1",18,"13217","17","Consonant String","High",1,819.3
"809",50,"1",19,"11126","26","Word","Low",1,501.84
"809",50,"1",20,"12203","03","Pseudo-Word","High",0,-598.98
"809",50,"1",36,"13229","29","Consonant String","High",0,-632.74
"809",50,"1",37,"13106","06","Consonant String","Low",1,778.63
"809",50,"1",38,"13231","31","Consonant String","High",1,506.47
"809",50,"1",29,"11136","36","Word","Low",1,480.6
"809",50,"1",30,"13120","20","Consonant String","Low",1,683.46
"809",50,"1",31,"11148","48","Word","Low",1,481.34
"809",50,"1",32,"12207","07","Pseudo-Word","High",1,777.2
"809",50,"1",33,"11217","17","Word","High",1,536.07
"809",50,"1",34,"12128","28","Pseudo-Word","Low",1,488.89
"810",33,"2",33,"21232","32","Word","High",1,552.29
"810",33,"2",34,"22107","07","Pseudo-Word","Low",1,522.14
"810",33,"2",31,"22236","36","Pseudo-Word","High",1,651.88
"810",33,"2",32,"21113","13","Word","Low",1,690.75
"810",33,"2",28,"21238","38","Word","High",1,731.29
"810",33,"2",29,"23107","07","Consonant String","Low",1,617.82
"810",33,"2",30,"22242","42","Pseudo-Word","High",1,448.02
"810",33,"2",69,"23234","34","Consonant String","High",0,-796.6
"810",33,"2",70,"21121","21","Word","Low",1,620.49
"810",33,"2",71,"21224","24","Word","High",1,627.69
"810",33,"2",72,"23117","17","Consonant String","Low",0,-959.23
"810",33,"2",73,"23210","10","Consonant String","High",1,686.45
"810",33,"2",74,"21234","34","Word","High",1,819
"810",33,"2",75,"21220","20","Word","High",1,514.21
"810",33,"2",76,"22105","05","Pseudo-Word","Low",1,756.41
"810",33,"2",77,"21115","15","Word","Low",0,-710.29
"810",33,"2",78,"22139","39","Pseudo-Word","Low",1,560.5
"810",33,"2",80,"21208","08","Word","High",1,558.35
"810",33,"2",81,"23230","30","Consonant String","High",0,-1341.25
"810",33,"2",82,"21222","22","Word","High",1,736.16
"810",33,"2",83,"23143","43","Consonant String","Low",1,783.71
"810",33,"2",84,"22101","01","Pseudo-Word","Low",0,-928.27
"810",33,"2",85,"22232","32","Pseudo-Word","High",0,-871.83
"810",33,"2",86,"22206","06","Pseudo-Word","High",1,803.05
"810",33,"2",87,"21246","46","Word","High",1,840.93
"810",33,"2",36,"23242","42","Consonant String","High",1,447.34
"810",33,"2",37,"23127","27","Consonant String","Low",0,-528.19
"810",33,"2",38,"23147","47","Consonant String","Low",1,608.72
"810",33,"2",39,"21127","27","Word","Low",1,646.92
"810",33,"2",40,"21111","11","Word","Low",1,807.8
"810",33,"2",41,"22133","33","Pseudo-Word","Low",1,535.02
"810",33,"2",42,"23246","46","Consonant String","High",0,-991.55
"810",33,"2",43,"23119","19","Consonant String","Low",0,-553.44
"810",33,"2",44,"22248","48","Pseudo-Word","High",1,659.31
"810",33,"2",45,"22224","24","Pseudo-Word","High",1,1059.52
"810",33,"2",47,"21147","47","Word","Low",1,819.76
"810",33,"2",48,"23129","29","Consonant String","Low",1,868.98
"810",33,"2",49,"23103","03","Consonant String","Low",1,1163.22
"810",33,"2",50,"22145","45","Pseudo-Word","Low",1,879.46
"810",33,"2",51,"23212","12","Consonant String","High",1,1570.06
"810",33,"2",61,"22246","46","Pseudo-Word","High",1,863.28
"810",33,"2",62,"23101","01","Consonant String","Low",1,834.49
"810",33,"2",63,"21206","06","Word","High",1,1195.06
"810",33,"2",64,"21242","42","Word","High",0,-1200.98
"810",33,"2",65,"22208","08","Pseudo-Word","High",0,-845.89
"810",33,"2",66,"21145","45","Word","Low",1,1378.8
"810",33,"2",67,"21129","29","Word","Low",1,713.38
"810",33,"2",113,"21133","33","Word","Low",1,858.13
"810",33,"2",114,"21117","17","Word","Low",1,1296.03
"810",33,"2",115,"21141","41","Word","Low",1,657.93
"810",33,"2",116,"22103","03","Pseudo-Word","Low",1,648.38
"810",33,"2",117,"23206","06","Consonant String","High",1,604.25
"810",33,"2",118,"22202","02","Pseudo-Word","High",0,-891.13
"810",33,"2",119,"22238","38","Pseudo-Word","High",0,-1037.69
"810",33,"2",120,"22131","31","Pseudo-Word","Low",1,559.25
"810",33,"2",121,"23228","28","Consonant String","High",0,-989.46
"810",33,"2",122,"21244","44","Word","High",1,492.02
"810",33,"2",124,"22216","16","Pseudo-Word","High",1,746.54
"810",33,"2",125,"21125","25","Word","Low",1,783.43
"810",33,"2",126,"21139","39","Word","Low",1,758.97
"810",33,"2",127,"22135","35","Pseudo-Word","Low",1,707.19
"810",33,"2",128,"21214","14","Word","High",1,673.07
"810",33,"2",129,"23121","21","Consonant String","Low",1,809.27
"810",33,"2",130,"23244","44","Consonant String","High",1,699.49
"810",33,"2",131,"23133","33","Consonant String","Low",1,1138.38
"810",33,"2",88,"22214","14","Pseudo-Word","High",1,738.5
"810",33,"2",89,"22204","04","Pseudo-Word","High",0,-672.04
"810",33,"2",91,"21210","10","Word","High",1,770.24
"810",33,"2",92,"22129","29","Pseudo-Word","Low",1,617.46
"810",33,"2",93,"21204","04","Word","High",1,679.66
"810",33,"2",94,"22127","27","Pseudo-Word","Low",1,954.21
"810",33,"2",95,"23248","48","Consonant String","High",0,-590.1
"810",33,"2",96,"22218","18","Pseudo-Word","High",0,-615.63
"810",33,"2",97,"22141","41","Pseudo-Word","Low",0,-597.82
"810",33,"2",98,"21218","18","Word","High",1,1068.71
"810",33,"2",99,"23218","18","Consonant String","High",0,-783.94
"810",33,"2",100,"23135","35","Consonant String","Low",0,-673.49
"810",33,"2",102,"21105","05","Word","Low",1,663.7
"810",33,"2",103,"21101","01","Word","Low",1,700.9
"810",33,"2",104,"22240","40","Pseudo-Word","High",1,788.79
"810",33,"2",105,"23220","20","Consonant String","High",0,-952.34
"810",33,"2",106,"23141","41","Consonant String","Low",1,798.24
"810",33,"2",107,"23214","14","Consonant String","High",1,696.12
"810",33,"2",108,"23145","45","Consonant String","Low",1,626.99
"810",33,"2",109,"22212","12","Pseudo-Word","High",1,496.5
"810",33,"2",110,"23111","11","Consonant String","Low",1,611.38
"810",33,"2",111,"21107","07","Word","Low",1,582.58
"810",33,"2",15,"21123","23","Word","Low",1,716.26
"810",33,"2",16,"21216","16","Word","High",1,1179.48
"810",33,"2",17,"23123","23","Consonant String","Low",0,-857.06
"810",33,"2",18,"22226","26","Pseudo-Word","High",1,1043.96
"810",33,"2",19,"22121","21","Pseudo-Word","Low",1,941.87
"810",33,"2",20,"22119","19","Pseudo-Word","Low",0,-854.76
"810",33,"2",21,"22244","44","Pseudo-Word","High",1,984.66
"810",33,"2",22,"23226","26","Consonant String","High",1,1216.24
"810",33,"2",23,"23240","40","Consonant String","High",1,804.48
"810",33,"2",25,"22147","47","Pseudo-Word","Low",0,-508.35
"810",33,"2",26,"22123","23","Pseudo-Word","Low",0,-461.2
"810",33,"2",27,"21109","09","Word","Low",1,742.4
"810",33,"2",1,"21240","40","Word","High",1,800.45
"810",33,"2",57,"21143","43","Word","Low",1,839.33
"810",33,"2",68,"22115","15","Pseudo-Word","Low",1,1178.9
"810",33,"2",79,"21137","37","Word","Low",1,629.47
"810",33,"2",90,"23115","15","Consonant String","Low",0,-1379.03
"810",33,"2",101,"23109","09","Consonant String","Low",1,630.61
"810",33,"2",112,"21248","48","Word","High",1,735.15
"810",33,"2",123,"23236","36","Consonant String","High",0,-722.7
"810",33,"2",134,"22113","13","Pseudo-Word","Low",1,1210.92
"810",33,"2",2,"22230","30","Pseudo-Word","High",0,-816.16
"810",33,"2",13,"21228","28","Word","High",0,-903.39
"810",33,"2",24,"22234","34","Pseudo-Word","High",1,890.28
"810",33,"2",35,"22111","11","Pseudo-Word","Low",1,620.83
"810",33,"2",46,"21131","31","Word","Low",1,589.03
"810",33,"2",52,"23208","08","Consonant String","High",1,957.58
"810",33,"2",53,"21230","30","Word","High",1,765.47
"810",33,"2",54,"22137","37","Pseudo-Word","Low",1,830.69
"810",33,"2",55,"22228","28","Pseudo-Word","High",1,626.23
"810",33,"2",56,"21226","26","Word","High",1,606.77
"810",33,"2",58,"21103","03","Word","Low",1,634.64
"810",33,"2",59,"23238","38","Consonant String","High",0,-876.18
"810",33,"2",60,"21236","36","Word","High",1,535.74
"810",33,"2",6,"23137","37","Consonant String","Low",1,605.62
"810",33,"2",7,"22117","17","Pseudo-Word","Low",0,-580.48
"810",33,"2",8,"21119","19","Word","Low",1,844.02
"810",33,"2",9,"23139","39","Consonant String","Low",0,-728.9
"810",33,"2",10,"23224","24","Consonant String","High",0,-525.45
"810",33,"2",11,"23204","04","Consonant String","High",1,481.97
"810",33,"2",12,"22210","10","Pseudo-Word","High",0,-721.5
"810",33,"2",14,"22222","22","Pseudo-Word","High",1,732.71
"810",33,"2",142,"23105","05","Consonant String","Low",0,-865.02
"810",33,"2",143,"23222","22","Consonant String","High",1,746.24
"810",33,"2",144,"23216","16","Consonant String","High",0,-629.12
"810",33,"2",3,"23113","13","Consonant String","Low",1,524.65
"810",33,"2",132,"23125","25","Consonant String","Low",1,853.95
"810",33,"2",133,"23202","02","Consonant String","High",0,-812.84
"810",33,"2",135,"22143","43","Pseudo-Word","Low",0,-841.07
"810",33,"2",136,"22220","20","Pseudo-Word","High",1,1116.63
"810",33,"2",137,"22109","09","Pseudo-Word","Low",1,929.88
"810",33,"2",138,"23131","31","Consonant String","Low",1,772.44
"810",33,"2",139,"21135","35","Word","Low",1,1179.67
"810",33,"2",140,"22125","25","Pseudo-Word","Low",1,1122.25
"810",33,"2",141,"23232","32","Consonant String","High",0,-625.48
"810",33,"2",4,"21202","02","Word","High",0,-914.86
"810",33,"2",5,"21212","12","Word","High",1,629.08
"811",33,"3",13,"31132","32","Word","Low",0,-2477.93
"811",33,"3",24,"32112","12","Pseudo-Word","Low",1,1460.58
"811",33,"3",134,"32223","23","Pseudo-Word","High",0,-1195.03
"811",33,"3",2,"33136","36","Consonant String","Low",1,1355.94
"811",33,"3",52,"31128","28","Word","Low",0,-873.65
"811",33,"3",53,"31134","34","Word","Low",1,1169.88
"811",33,"3",54,"31116","16","Word","Low",1,779.1
"811",33,"3",55,"32118","18","Pseudo-Word","Low",1,2220.71
"811",33,"3",56,"31237","37","Word","High",1,741.99
"811",33,"3",58,"31219","19","Word","High",1,675.88
"811",33,"3",59,"31144","44","Word","Low",1,1832.45
"811",33,"3",60,"31201","01","Word","High",1,3014.13
"811",33,"3",61,"33217","17","Consonant String","High",1,1937.51
"811",33,"3",62,"33209","09","Consonant String","High",1,916.12
"811",33,"3",63,"32233","33","Pseudo-Word","High",1,684.34
"811",33,"3",35,"32217","17","Pseudo-Word","High",1,1365.86
"811",33,"3",46,"31142","42","Word","Low",1,727.1
"811",33,"3",1,"32237","37","Pseudo-Word","High",1,1326.94
"811",33,"3",57,"31102","02","Word","Low",0,-1146.53
"811",33,"3",68,"31122","22","Word","Low",1,931.47
"811",33,"3",79,"33110","10","Consonant String","Low",0,-729
"811",33,"3",90,"31118","18","Word","Low",1,1108.53
"811",33,"3",101,"32132","32","Pseudo-Word","Low",0,-1847.8
"811",33,"3",112,"33241","41","Consonant String","High",0,-2063.79
"811",33,"3",123,"31221","21","Word","High",0,-1496.1
"811",33,"3",89,"33207","07","Consonant String","High",1,814.93
"811",33,"3",91,"33213","13","Consonant String","High",1,821.15
"811",33,"3",92,"33126","26","Consonant String","Low",1,555.35
"811",33,"3",93,"32213","13","Pseudo-Word","High",0,-901.22
"811",33,"3",94,"32124","24","Pseudo-Word","Low",0,-1088.11
"811",33,"3",95,"32209","09","Pseudo-Word","High",1,1282.7
"811",33,"3",96,"32231","31","Pseudo-Word","High",1,887.28
"811",33,"3",97,"32122","22","Pseudo-Word","Low",1,535.82
"811",33,"3",98,"32106","06","Pseudo-Word","Low",1,928.35
"811",33,"3",99,"32104","04","Pseudo-Word","Low",0,-1079.92
"811",33,"3",100,"33140","40","Consonant String","Low",1,1135.5
"811",33,"3",102,"33219","19","Consonant String","High",0,-1190.07
"811",33,"3",103,"33128","28","Consonant String","Low",0,-889.65
"811",33,"3",104,"32243","43","Pseudo-Word","High",1,566.2
"811",33,"3",105,"31229","29","Word","High",1,696.39
"811",33,"3",106,"32203","03","Pseudo-Word","High",0,-785.27
"811",33,"3",107,"31241","41","Word","High",1,472.81
"811",33,"3",64,"33112","12","Consonant String","Low",1,948.89
"811",33,"3",65,"32138","38","Pseudo-Word","Low",0,-936.77
"811",33,"3",66,"31138","38","Word","Low",1,677.32
"811",33,"3",67,"32205","05","Pseudo-Word","High",1,627.86
"811",33,"3",69,"32102","02","Pseudo-Word","Low",0,-998.41
"811",33,"3",70,"31136","36","Word","Low",0,-1491.32
"811",33,"3",71,"33148","48","Consonant String","Low",0,-1321.26
"811",33,"3",72,"33205","05","Consonant String","High",1,1445.53
"811",33,"3",73,"31209","09","Word","High",1,1052.45
"811",33,"3",74,"33243","43","Consonant String","High",0,-1092.36
"811",33,"3",75,"32146","46","Pseudo-Word","Low",1,964.26
"811",33,"3",76,"33118","18","Consonant String","Low",1,970.49
"811",33,"3",77,"32126","26","Pseudo-Word","Low",1,861.71
"811",33,"3",78,"31225","25","Word","High",1,1891.97
"811",33,"3",80,"31148","48","Word","Low",1,1967.96
"811",33,"3",81,"33223","23","Consonant String","High",1,1394.26
"811",33,"3",82,"33203","03","Consonant String","High",1,833.17
"811",33,"3",83,"32215","15","Pseudo-Word","High",0,-2518.79
"811",33,"3",84,"32114","14","Pseudo-Word","Low",0,-1185.12
"811",33,"3",85,"31124","24","Word","Low",1,1422.71
"811",33,"3",86,"32207","07","Pseudo-Word","High",1,878.96
"811",33,"3",87,"31217","17","Word","High",1,691.51
"811",33,"3",88,"33237","37","Consonant String","High",1,731.39
"811",33,"3",133,"31126","26","Word","Low",1,653.72
"811",33,"3",135,"33215","15","Consonant String","High",1,870.6
"811",33,"3",136,"31110","10","Word","Low",1,704.81
"811",33,"3",137,"31247","47","Word","High",1,697.69
"811",33,"3",138,"32247","47","Pseudo-Word","High",1,1787.6
"811",33,"3",139,"33231","31","Consonant String","High",1,1444.24
"811",33,"3",140,"33138","38","Consonant String","Low",0,-874.16
"811",33,"3",141,"32108","08","Pseudo-Word","Low",1,1145.4
"811",33,"3",142,"33233","33","Consonant String","High",0,-2124.35
"811",33,"3",143,"31203","03","Word","High",1,589.64
"811",33,"3",144,"33146","46","Consonant String","Low",1,1756.2
"811",33,"3",3,"31108","08","Word","Low",1,508.14
"811",33,"3",4,"31140","40","Word","Low",1,2147.06
"811",33,"3",5,"32225","25","Pseudo-Word","High",1,788.01
"811",33,"3",6,"33211","11","Consonant String","High",1,753.56
"811",33,"3",7,"32110","10","Pseudo-Word","Low",0,-1060.46
"811",33,"3",8,"32219","19","Pseudo-Word","High",1,864.7
"811",33,"3",9,"33142","42","Consonant String","Low",0,-1301.93
"811",33,"3",10,"32239","39","Pseudo-Word","High",1,830.84
"811",33,"3",11,"33120","20","Consonant String","Low",1,2352.45
"811",33,"3",12,"32201","01","Pseudo-Word","High",0,-1556.46
"811",33,"3",14,"33201","01","Consonant String","High",0,-1146.4
"811",33,"3",15,"33124","24","Consonant String","Low",1,536.3
"811",33,"3",16,"31239","39","Word","High",1,1342.85
"811",33,"3",17,"31243","43","Word","High",0,-920.77
"811",33,"3",18,"31207","07","Word","High",1,788
"811",33,"3",19,"33106","06","Consonant String","Low",0,-1034.55
"811",33,"3",20,"31231","31","Word","High",1,962.13
"811",33,"3",21,"32144","44","Pseudo-Word","Low",1,697.35
"811",33,"3",22,"32229","29","Pseudo-Word","High",0,-995.24
"811",33,"3",23,"32227","27","Pseudo-Word","High",1,811.14
"811",33,"3",25,"33225","25","Consonant String","High",1,613.34
"811",33,"3",26,"33114","14","Consonant String","Low",1,959.56
"811",33,"3",27,"33235","35","Consonant String","High",0,-752.79
"811",33,"3",28,"31215","15","Word","High",1,876.68
"811",33,"3",29,"33247","47","Consonant String","High",1,762.23
"811",33,"3",30,"33239","39","Consonant String","High",0,-1800.48
"811",33,"3",31,"31205","05","Word","High",1,609.42
"811",33,"3",32,"32211","11","Pseudo-Word","High",1,1878.67
"811",33,"3",33,"31235","35","Word","High",1,833.28
"811",33,"3",34,"32221","21","Pseudo-Word","High",1,615.83
"811",33,"3",36,"32128","28","Pseudo-Word","Low",1,1311.06
"811",33,"3",37,"32136","36","Pseudo-Word","Low",1,863.31
"811",33,"3",38,"33221","21","Consonant String","High",1,494.51
"811",33,"3",39,"32235","35","Pseudo-Word","High",0,-535.38
"811",33,"3",40,"32245","45","Pseudo-Word","High",0,-1305.93
"811",33,"3",41,"31104","04","Word","Low",1,563.83
"811",33,"3",42,"33227","27","Consonant String","High",0,-360.03
"811",33,"3",43,"32120","20","Pseudo-Word","Low",0,-1006.23
"811",33,"3",44,"33108","08","Consonant String","Low",1,601.12
"811",33,"3",45,"31227","27","Word","High",1,544.98
"811",33,"3",47,"31223","23","Word","High",1,661.85
"811",33,"3",48,"33130","30","Consonant String","Low",0,-1368.08
"811",33,"3",49,"33245","45","Consonant String","High",1,1063.35
"811",33,"3",50,"31120","20","Word","Low",0,-1133.59
"811",33,"3",51,"32130","30","Pseudo-Word","Low",0,-1549.19
"811",33,"3",120,"31130","30","Word","Low",1,1510.21
"811",33,"3",121,"31146","46","Word","Low",0,-627.46
"811",33,"3",108,"31245","45","Word","High",1,1801.04
"811",33,"3",109,"32134","34","Pseudo-Word","Low",1,1156.98
"811",33,"3",110,"33102","02","Consonant String","Low",0,-689.88
"811",33,"3",111,"33132","32","Consonant String","Low",0,-1561.45
"811",33,"3",113,"32140","40","Pseudo-Word","Low",1,535.7
"811",33,"3",114,"33104","04","Consonant String","Low",1,1396.26
"811",33,"3",115,"33116","16","Consonant String","Low",1,1075.18
"811",33,"3",116,"31211","11","Word","High",1,835.47
"811",33,"3",117,"31106","06","Word","Low",1,998.02
"811",33,"3",118,"33144","44","Consonant String","Low",0,-1201.93
"811",33,"3",119,"31213","13","Word","High",0,-2211.89
"811",33,"3",125,"31114","14","Word","Low",1,820.2
"811",33,"3",126,"31112","12","Word","Low",1,634.41
"811",33,"3",122,"33229","29","Consonant String","High",1,1466.03
"811",33,"3",124,"32241","41","Pseudo-Word","High",1,1142.3
"811",33,"3",129,"32116","16","Pseudo-Word","Low",1,687.04
"811",33,"3",130,"32142","42","Pseudo-Word","Low",0,-1077.59
"811",33,"3",127,"31233","33","Word","High",1,869.95
"811",33,"3",128,"32148","48","Pseudo-Word","Low",1,694.17
"811",33,"3",131,"33134","34","Consonant String","Low",1,511.15
"811",33,"3",132,"33122","22","Consonant String","Low",1,2510.41
"812",33,"4",1,"43236","36","Consonant String","High",0,-2876
"812",33,"4",57,"42236","36","Pseudo-Word","High",1,1232.66
"812",33,"4",64,"42145","45","Pseudo-Word","Low",1,1188.82
"812",33,"4",65,"42244","44","Pseudo-Word","High",0,-832.39
"812",33,"4",66,"43246","46","Consonant String","High",0,-1032.95
"812",33,"4",67,"42123","23","Pseudo-Word","Low",1,976.52
"812",33,"4",69,"42121","21","Pseudo-Word","Low",1,1030.09
"812",33,"4",70,"43145","45","Consonant String","Low",1,1275.67
"812",33,"4",71,"43127","27","Consonant String","Low",0,-1523.27
"812",33,"4",72,"41220","20","Word","High",1,1241.55
"812",33,"4",73,"41111","11","Word","Low",1,1042.47
"812",33,"4",74,"42224","24","Pseudo-Word","High",0,-1682.41
"812",33,"4",75,"41234","34","Word","High",1,958
"812",33,"4",76,"41121","21","Word","Low",1,712.22
"812",33,"4",77,"42246","46","Pseudo-Word","High",0,-962.1
"812",33,"4",78,"43208","08","Consonant String","High",0,-1371.36
"812",33,"4",80,"41238","38","Word","High",1,973.6
"812",33,"4",81,"41242","42","Word","High",1,1394.85
"812",33,"4",82,"41208","08","Word","High",1,1691.81
"812",33,"4",68,"42129","29","Pseudo-Word","Low",1,1745.27
"812",33,"4",79,"41139","39","Word","Low",1,1278.23
"812",33,"4",90,"41248","48","Word","High",1,996.81
"812",33,"4",101,"43206","06","Consonant String","High",1,971.71
"812",33,"4",112,"41236","36","Word","High",1,1259.95
"812",33,"4",123,"42230","30","Pseudo-Word","High",0,-828.18
"812",33,"4",134,"43226","26","Consonant String","High",1,1507.77
"812",33,"4",2,"42119","19","Pseudo-Word","Low",1,1435.05
"812",33,"4",13,"42204","04","Pseudo-Word","High",0,-1229.65
"812",33,"4",24,"43202","02","Consonant String","High",1,1760.26
"812",33,"4",35,"42206","06","Pseudo-Word","High",1,1184.55
"812",33,"4",46,"42133","33","Pseudo-Word","Low",1,1165.12
"812",33,"4",52,"43240","40","Consonant String","High",1,1789.4
"812",33,"4",53,"43115","15","Consonant String","Low",0,-1271.01
"812",33,"4",54,"42117","17","Pseudo-Word","Low",1,1140.26
"812",33,"4",55,"43204","04","Consonant String","High",0,-1071.84
"812",33,"4",56,"43125","25","Consonant String","Low",1,1222.09
"812",33,"4",58,"42202","02","Pseudo-Word","High",0,-1059.33
"812",33,"4",59,"41103","03","Word","Low",1,848.57
"812",33,"4",60,"43212","12","Consonant String","High",0,-1396.48
"812",33,"4",61,"43143","43","Consonant String","Low",1,1450.42
"812",33,"4",62,"41107","07","Word","Low",1,821.34
"812",33,"4",63,"41214","14","Word","High",1,1223.57
"812",33,"4",107,"41222","22","Word","High",1,895.9
"812",33,"4",108,"43119","19","Consonant String","Low",0,-1171.82
"812",33,"4",109,"43131","31","Consonant String","Low",1,1420.08
"812",33,"4",110,"42218","18","Pseudo-Word","High",1,1183.34
"812",33,"4",111,"42214","14","Pseudo-Word","High",1,1250.93
"812",33,"4",113,"41232","32","Word","High",1,951.84
"812",33,"4",114,"42232","32","Pseudo-Word","High",1,1100.75
"812",33,"4",115,"42220","20","Pseudo-Word","High",1,942.65
"812",33,"4",116,"42103","03","Pseudo-Word","Low",1,1132.43
"812",33,"4",117,"41244","44","Word","High",1,827.01
"812",33,"4",118,"41131","31","Word","Low",1,641.56
"812",33,"4",119,"41129","29","Word","Low",1,712.42
"812",33,"4",120,"41210","10","Word","High",1,711.64
"812",33,"4",121,"41226","26","Word","High",1,718.86
"812",33,"4",122,"41145","45","Word","Low",1,639.06
"812",33,"4",124,"41246","46","Word","High",0,-824.6
"812",33,"4",125,"43107","07","Consonant String","Low",1,1258.85
"812",33,"4",126,"43129","29","Consonant String","Low",1,1118.1
"812",33,"4",127,"42228","28","Pseudo-Word","High",0,-1205.36
"812",33,"4",128,"43244","44","Consonant String","High",0,-1208.29
"812",33,"4",129,"43123","23","Consonant String","Low",1,766.18
"812",33,"4",130,"42238","38","Pseudo-Word","High",1,1259.42
"812",33,"4",131,"43111","11","Consonant String","Low",1,831.66
"812",33,"4",132,"43147","47","Consonant String","Low",1,959.23
"812",33,"4",133,"41127","27","Word","Low",1,820.45
"812",33,"4",135,"41105","05","Word","Low",1,1162.69
"812",33,"4",136,"41230","30","Word","High",1,755.92
"812",33,"4",137,"43117","17","Consonant String","Low",1,1531.85
"812",33,"4",138,"43234","34","Consonant String","High",1,1337.47
"812",33,"4",139,"43238","38","Consonant String","High",1,932.04
"812",33,"4",140,"41135","35","Word","Low",1,803.6
"812",33,"4",141,"42248","48","Pseudo-Word","High",1,1155.5
"812",33,"4",142,"41143","43","Word","Low",0,-1535.44
"812",33,"4",143,"41109","09","Word","Low",1,675.03
"812",33,"4",144,"42115","15","Pseudo-Word","Low",0,-1230.26
"812",33,"4",3,"41212","12","Word","High",1,1211.85
"812",33,"4",4,"42143","43","Pseudo-Word","Low",1,757.09
"812",33,"4",5,"42111","11","Pseudo-Word","Low",1,1029.99
"812",33,"4",6,"42216","16","Pseudo-Word","High",1,1422.58
"812",33,"4",7,"41240","40","Word","High",1,1109.83
"812",33,"4",8,"42210","10","Pseudo-Word","High",1,1273.1
"812",33,"4",9,"41125","25","Word","Low",1,1022.35
"812",33,"4",10,"43216","16","Consonant String","High",0,-1803.63
"812",33,"4",11,"43121","21","Consonant String","Low",1,861.56
"812",33,"4",12,"41218","18","Word","High",1,1071.8
"812",33,"4",14,"41147","47","Word","Low",1,1161.05
"812",33,"4",15,"43103","03","Consonant String","Low",1,898.29
"812",33,"4",16,"43137","37","Consonant String","Low",0,-976.19
"812",33,"4",17,"41202","02","Word","High",1,1373.78
"812",33,"4",18,"41137","37","Word","Low",1,874.03
"812",33,"4",19,"42125","25","Pseudo-Word","Low",1,747.25
"812",33,"4",20,"43218","18","Consonant String","High",0,-753.13
"812",33,"4",21,"42135","35","Pseudo-Word","Low",1,690.01
"812",33,"4",22,"42242","42","Pseudo-Word","High",1,1116.57
"812",33,"4",23,"41117","17","Word","Low",1,713.8
"812",33,"4",25,"42208","08","Pseudo-Word","High",1,1133.03
"812",33,"4",26,"41216","16","Word","High",1,730.6
"812",33,"4",27,"42226","26","Pseudo-Word","High",1,702.15
"812",33,"4",28,"42234","34","Pseudo-Word","High",1,751.02
"812",33,"4",29,"41113","13","Word","Low",1,654.89
"812",33,"4",30,"43139","39","Consonant String","Low",0,-1076.79
"812",33,"4",31,"43113","13","Consonant String","Low",0,-1119.37
"812",33,"4",32,"42141","41","Pseudo-Word","Low",1,1297.63
"812",33,"4",33,"43228","28","Consonant String","High",1,1280.56
"812",33,"4",34,"42212","12","Pseudo-Word","High",1,624.13
"812",33,"4",36,"42107","07","Pseudo-Word","Low",1,641.33
"812",33,"4",37,"43248","48","Consonant String","High",0,-910.21
"812",33,"4",38,"42139","39","Pseudo-Word","Low",1,1151.45
"812",33,"4",39,"42127","27","Pseudo-Word","Low",1,805.36
"812",33,"4",40,"42137","37","Pseudo-Word","Low",1,709.25
"812",33,"4",41,"43135","35","Consonant String","Low",1,691.45
"812",33,"4",42,"42240","40","Pseudo-Word","High",0,-1210.36
"812",33,"4",43,"42109","09","Pseudo-Word","Low",1,797.59
"812",33,"4",44,"42147","47","Pseudo-Word","Low",1,1003.48
"812",33,"4",45,"43232","32","Consonant String","High",0,-779.38
"812",33,"4",47,"41119","19","Word","Low",0,-1150.95
"812",33,"4",48,"42222","22","Pseudo-Word","High",1,687.85
"812",33,"4",49,"41141","41","Word","Low",1,1222.42
"812",33,"4",50,"42101","01","Pseudo-Word","Low",0,-1066.67
"812",33,"4",51,"41204","04","Word","High",1,879.91
"812",33,"4",106,"41133","33","Word","Low",1,1063.67
"812",33,"4",92,"43220","20","Consonant String","High",0,-1801
"812",33,"4",93,"42113","13","Pseudo-Word","Low",1,1597.97
"812",33,"4",94,"41115","15","Word","Low",1,1492.93
"812",33,"4",95,"41228","28","Word","High",1,1079.86
"812",33,"4",96,"43222","22","Consonant String","High",1,1421.45
"812",33,"4",83,"43230","30","Consonant String","High",1,1892.78
"812",33,"4",84,"41206","06","Word","High",1,1048.73
"812",33,"4",85,"43214","14","Consonant String","High",1,1440.67
"812",33,"4",86,"42131","31","Pseudo-Word","Low",1,1495.27
"812",33,"4",87,"43133","33","Consonant String","Low",1,1281.22
"812",33,"4",88,"41224","24","Word","High",1,1050.8
"812",33,"4",89,"43105","05","Consonant String","Low",1,2016.75
"812",33,"4",91,"41123","23","Word","Low",1,1198.05
"812",33,"4",100,"43101","01","Consonant String","Low",0,-1743.61
"812",33,"4",97,"43109","09","Consonant String","Low",1,1708.73
"812",33,"4",98,"43210","10","Consonant String","High",0,-1338.02
"812",33,"4",99,"43224","24","Consonant String","High",0,-1702.65
"812",33,"4",105,"42105","05","Pseudo-Word","Low",1,1586.07
"812",33,"4",102,"43141","41","Consonant String","Low",0,-1063.55
"812",33,"4",103,"43242","42","Consonant String","High",0,-1540.82
"812",33,"4",104,"41101","01","Word","Low",0,-1482.44
"813",33,"1",29,"11110","10","Word","Low",1,590.96
"813",33,"1",30,"12138","38","Pseudo-Word","Low",1,793.49
"813",33,"1",31,"11130","30","Word","Low",1,1044.38
"813",33,"1",32,"13215","15","Consonant String","High",1,632.28
"813",33,"1",33,"13146","46","Consonant String","Low",0,-2556.89
"813",33,"1",43,"12110","10","Pseudo-Word","Low",1,851.2
"813",33,"1",44,"11231","31","Word","High",1,1595.11
"813",33,"1",45,"13118","18","Consonant String","Low",1,1386.07
"813",33,"1",47,"12146","46","Pseudo-Word","Low",0,-1979.69
"813",33,"1",48,"12120","20","Pseudo-Word","Low",1,1472.34
"813",33,"1",34,"12142","42","Pseudo-Word","Low",1,787.88
"813",33,"1",36,"11132","32","Word","Low",1,1824.46
"813",33,"1",37,"13132","32","Consonant String","Low",0,-1422.76
"813",33,"1",38,"12126","26","Pseudo-Word","Low",1,558.01
"813",33,"1",39,"11138","38","Word","Low",1,722.21
"813",33,"1",40,"12237","37","Pseudo-Word","High",1,807.42
"813",33,"1",41,"11223","23","Word","High",1,720.3
"813",33,"1",42,"13205","05","Consonant String","High",0,-2076.57
"813",33,"1",28,"12229","29","Pseudo-Word","High",1,1953.01
"813",33,"1",83,"11201","01","Word","High",1,1115.75
"813",33,"1",84,"13209","09","Consonant String","High",1,1284.01
"813",33,"1",85,"11108","08","Word","Low",1,815.58
"813",33,"1",86,"13213","13","Consonant String","High",1,1003.81
"813",33,"1",87,"12233","33","Pseudo-Word","High",0,-2418.77
"813",33,"1",88,"13231","31","Consonant String","High",1,977.09
"813",33,"1",89,"11241","41","Word","High",1,1675.68
"813",33,"1",91,"13108","08","Consonant String","Low",1,1023.28
"813",33,"1",92,"11229","29","Word","High",0,-1617.55
"813",33,"1",93,"12221","21","Pseudo-Word","High",1,829.82
"813",33,"1",94,"13104","04","Consonant String","Low",1,690.37
"813",33,"1",95,"11213","13","Word","High",0,-2280.97
"813",33,"1",96,"13144","44","Consonant String","Low",1,1554.64
"813",33,"1",97,"11235","35","Word","High",0,-2183.62
"813",33,"1",98,"12213","13","Pseudo-Word","High",1,950.26
"813",33,"1",99,"13207","07","Consonant String","High",1,1276.17
"813",33,"1",100,"12219","19","Pseudo-Word","High",0,-852.76
"813",33,"1",102,"12106","06","Pseudo-Word","Low",1,1069.65
"813",33,"1",103,"13112","12","Consonant String","Low",0,-1075.89
"813",33,"1",104,"13233","33","Consonant String","High",0,-1366.49
"813",33,"1",105,"12207","07","Pseudo-Word","High",1,945.74
"813",33,"1",106,"13138","38","Consonant String","Low",1,2088.68
"813",33,"1",107,"13247","47","Consonant String","High",1,1967.35
"813",33,"1",108,"13243","43","Consonant String","High",0,-1629.67
"813",33,"1",109,"11140","40","Word","Low",1,1664.28
"813",33,"1",110,"12241","41","Pseudo-Word","High",1,2027.61
"813",33,"1",111,"12215","15","Pseudo-Word","High",0,-1235.26
"813",33,"1",113,"13120","20","Consonant String","Low",1,851.83
"813",33,"1",114,"12211","11","Pseudo-Word","High",1,939.73
"813",33,"1",115,"11225","25","Word","High",1,884.29
"813",33,"1",116,"13114","14","Consonant String","Low",0,-1528.32
"813",33,"1",117,"12114","14","Pseudo-Word","Low",1,954.91
"813",33,"1",118,"11118","18","Word","Low",1,1214.83
"813",33,"1",119,"13126","26","Consonant String","Low",1,1073.07
"813",33,"1",120,"13130","30","Consonant String","Low",1,900.31
"813",33,"1",121,"11104","04","Word","Low",1,727.2
"813",33,"1",122,"13122","22","Consonant String","Low",1,672.74
"813",33,"1",124,"11219","19","Word","High",1,1030.96
"813",33,"1",125,"11217","17","Word","High",1,768.52
"813",33,"1",126,"11215","15","Word","High",1,676.73
"813",33,"1",127,"11247","47","Word","High",1,1070.29
"813",33,"1",128,"13223","23","Consonant String","High",1,1084.55
"813",33,"1",129,"13241","41","Consonant String","High",1,1128.11
"813",33,"1",130,"13116","16","Consonant String","Low",1,2028.73
"813",33,"1",131,"13140","40","Consonant String","Low",1,2581.42
"813",33,"1",132,"12118","18","Pseudo-Word","Low",1,1247.1
"813",33,"1",133,"12128","28","Pseudo-Word","Low",1,901.03
"813",33,"1",135,"11233","33","Word","High",1,800.9
"813",33,"1",136,"12235","35","Pseudo-Word","High",1,1332.8
"813",33,"1",137,"12132","32","Pseudo-Word","Low",1,676.37
"813",33,"1",138,"12130","30","Pseudo-Word","Low",0,-2302.98
"813",33,"1",139,"12102","02","Pseudo-Word","Low",1,1239.97
"813",33,"1",140,"13142","42","Consonant String","Low",1,1225.56
"813",33,"1",141,"12124","24","Pseudo-Word","Low",1,1398.16
"813",33,"1",142,"11116","16","Word","Low",1,1283.1
"813",33,"1",143,"12227","27","Pseudo-Word","High",1,1335.7
"813",33,"1",144,"13239","39","Consonant String","High",1,1640.31
"813",33,"1",3,"11120","20","Word","Low",1,1003.92
"813",33,"1",4,"11124","24","Word","Low",1,781.82
"813",33,"1",5,"12203","03","Pseudo-Word","High",1,2500.43
"813",33,"1",6,"11148","48","Word","Low",1,686.4
"813",33,"1",7,"12108","08","Pseudo-Word","Low",1,581.95
"813",33,"1",8,"12136","36","Pseudo-Word","Low",1,1236.49
"813",33,"1",9,"12104","04","Pseudo-Word","Low",1,1122.08
"813",33,"1",10,"11126","26","Word","Low",1,624.32
"813",33,"1",11,"13227","27","Consonant String","High",0,-1128.53
"813",33,"1",12,"12148","48","Pseudo-Word","Low",1,1858.15
"813",33,"1",14,"12140","40","Pseudo-Word","Low",0,-1470.11
"813",33,"1",15,"11203","03","Word","High",1,1097.39
"813",33,"1",16,"11106","06","Word","Low",1,899.29
"813",33,"1",17,"12205","05","Pseudo-Word","High",0,-759.18
"813",33,"1",18,"11207","07","Word","High",1,1198.41
"813",33,"1",19,"11227","27","Word","High",1,930.32
"813",33,"1",20,"11237","37","Word","High",1,814.88
"813",33,"1",21,"13201","01","Consonant String","High",0,-2602.17
"813",33,"1",22,"13225","25","Consonant String","High",1,1086.17
"813",33,"1",23,"11102","02","Word","Low",1,1122.75
"813",33,"1",25,"12122","22","Pseudo-Word","Low",1,1043.99
"813",33,"1",26,"11221","21","Word","High",1,680.89
"813",33,"1",27,"13211","11","Consonant String","High",1,689.42
"813",33,"1",1,"12134","34","Pseudo-Word","Low",1,1289.52
"813",33,"1",57,"12201","01","Pseudo-Word","High",0,-1250.12
"813",33,"1",68,"12247","47","Pseudo-Word","High",1,1463.06
"813",33,"1",79,"12144","44","Pseudo-Word","Low",1,2065.36
"813",33,"1",90,"12239","39","Pseudo-Word","High",1,1812.7
"813",33,"1",101,"11134","34","Word","Low",1,1706
"813",33,"1",112,"12243","43","Pseudo-Word","High",0,-1533.97
"813",33,"1",123,"13229","29","Consonant String","High",0,-2525.62
"813",33,"1",134,"11209","09","Word","High",1,1095.29
"813",33,"1",2,"11146","46","Word","Low",1,1098.2
"813",33,"1",13,"12225","25","Pseudo-Word","High",1,1291.14
"813",33,"1",24,"13148","48","Consonant String","Low",0,-1233.05
"813",33,"1",35,"11136","36","Word","Low",1,1577.66
"813",33,"1",46,"13106","06","Consonant String","Low",1,2166.31
"813",33,"1",52,"13102","02","Consonant String","Low",0,-2493.68
"813",33,"1",53,"11112","12","Word","Low",1,3226.75
"813",33,"1",54,"13110","10","Consonant String","Low",1,1132.46
"813",33,"1",55,"11128","28","Word","Low",1,1386.05
"813",33,"1",56,"12223","23","Pseudo-Word","High",1,1529.66
"813",33,"1",49,"13124","24","Consonant String","Low",0,-1107.6
"813",33,"1",50,"12245","45","Pseudo-Word","High",1,1215.52
"813",33,"1",51,"13237","37","Consonant String","High",1,750.76
"813",33,"1",61,"13217","17","Consonant String","High",1,1295.76
"813",33,"1",62,"12217","17","Pseudo-Word","High",0,-1250.69
"813",33,"1",63,"12116","16","Pseudo-Word","Low",1,3314.7
"813",33,"1",64,"11142","42","Word","Low",1,901.07
"813",33,"1",65,"13128","28","Consonant String","Low",1,1361.98
"813",33,"1",66,"12209","09","Pseudo-Word","High",1,995.24
"813",33,"1",67,"11211","11","Word","High",1,934.14
"813",33,"1",69,"11239","39","Word","High",1,861.7
"813",33,"1",70,"13221","21","Consonant String","High",1,1178.93
"813",33,"1",71,"11144","44","Word","Low",1,1613.54
"813",33,"1",72,"13134","34","Consonant String","Low",1,823.81
"813",33,"1",73,"13136","36","Consonant String","Low",1,948.03
"813",33,"1",74,"13235","35","Consonant String","High",1,1518.95
"813",33,"1",75,"13245","45","Consonant String","High",0,-1851.26
"813",33,"1",76,"13219","19","Consonant String","High",0,-1514.23
"813",33,"1",77,"13203","03","Consonant String","High",0,-835.48
"813",33,"1",78,"11243","43","Word","High",0,-1505.06
"813",33,"1",80,"11122","22","Word","Low",1,927
"813",33,"1",81,"12231","31","Pseudo-Word","High",1,981.56
"813",33,"1",82,"11205","05","Word","High",0,-1438.16
"813",33,"1",58,"11245","45","Word","High",1,1734.29
"813",33,"1",59,"11114","14","Word","Low",0,-1372.92
"813",33,"1",60,"12112","12","Pseudo-Word","Low",1,983.18
"814",33,"2",59,"21212","12","Word","High",0,-762.09
"814",33,"2",63,"23220","20","Consonant String","High",0,-468.95
"814",33,"2",60,"23143","43","Consonant String","Low",0,-887.3
"814",33,"2",61,"22234","34","Pseudo-Word","High",0,-839.86
"814",33,"2",62,"23226","26","Consonant String","High",0,-735.41
"814",33,"2",67,"22143","43","Pseudo-Word","Low",0,-560.13
"814",33,"2",69,"23145","45","Consonant String","Low",1,513.32
"814",33,"2",70,"22137","37","Pseudo-Word","Low",0,-780.52
"814",33,"2",71,"22248","48","Pseudo-Word","High",1,530.06
"814",33,"2",72,"21228","28","Word","High",1,605.59
"814",33,"2",73,"21230","30","Word","High",1,1160.47
"814",33,"2",74,"22125","25","Pseudo-Word","Low",0,-1100.72
"814",33,"2",75,"22226","26","Pseudo-Word","High",0,-657.62
"814",33,"2",76,"22129","29","Pseudo-Word","Low",1,1084.51
"814",33,"2",77,"23240","40","Consonant String","High",1,687.07
"814",33,"2",64,"22121","21","Pseudo-Word","Low",0,-654.14
"814",33,"2",65,"23230","30","Consonant String","High",0,-1055.02
"814",33,"2",66,"22240","40","Pseudo-Word","High",1,668.92
"814",33,"2",82,"23212","12","Consonant String","High",1,746.63
"814",33,"2",83,"21145","45","Word","Low",0,-744.5
"814",33,"2",84,"21103","03","Word","Low",0,-1146.39
"814",33,"2",85,"22202","02","Pseudo-Word","High",0,-1021.31
"814",33,"2",86,"21129","29","Word","Low",1,1043.55
"814",33,"2",87,"21147","47","Word","Low",1,996.46
"814",33,"2",88,"21107","07","Word","Low",1,930.36
"814",33,"2",89,"21101","01","Word","Low",1,701.91
"814",33,"2",91,"22228","28","Pseudo-Word","High",1,870.8
"814",33,"2",92,"23139","39","Consonant String","Low",0,-841.02
"814",33,"2",93,"21204","04","Word","High",0,-1115.59
"814",33,"2",94,"21222","22","Word","High",1,1228.84
"814",33,"2",95,"22218","18","Pseudo-Word","High",1,1279.43
"814",33,"2",96,"21208","08","Word","High",1,1081.03
"814",33,"2",97,"21218","18","Word","High",1,1412.62
"814",33,"2",98,"21127","27","Word","Low",1,848.87
"814",33,"2",99,"21242","42","Word","High",1,824.77
"814",33,"2",100,"23242","42","Consonant String","High",1,1317
"814",33,"2",102,"22210","10","Pseudo-Word","High",1,899.26
"814",33,"2",103,"22131","31","Pseudo-Word","Low",1,1168.16
"814",33,"2",104,"21133","33","Word","Low",1,680.39
"814",33,"2",105,"23206","06","Consonant String","High",1,708.93
"814",33,"2",106,"23244","44","Consonant String","High",0,-670.15
"814",33,"2",107,"23109","09","Consonant String","Low",1,729.35
"814",33,"2",108,"21135","35","Word","Low",1,901.9
"814",33,"2",109,"21123","23","Word","Low",1,770.8
"814",33,"2",110,"21210","10","Word","High",1,718
"814",33,"2",111,"23248","48","Consonant String","High",0,-1337.25
"814",33,"2",113,"23115","15","Consonant String","Low",1,748.82
"814",33,"2",114,"21214","14","Word","High",1,858.71
"814",33,"2",115,"22204","04","Pseudo-Word","High",1,855.94
"814",33,"2",116,"23103","03","Consonant String","Low",1,735.12
"814",33,"2",117,"23147","47","Consonant String","Low",0,-811.67
"814",33,"2",118,"21240","40","Word","High",1,437.87
"814",33,"2",119,"22242","42","Pseudo-Word","High",1,1305.42
"814",33,"2",120,"23129","29","Consonant String","Low",0,-757.34
"814",33,"2",121,"21113","13","Word","Low",1,764.21
"814",33,"2",78,"23135","35","Consonant String","Low",1,1045.63
"814",33,"2",80,"23107","07","Consonant String","Low",1,643.52
"814",33,"2",81,"22141","41","Pseudo-Word","Low",0,-873.4
"814",33,"2",126,"23228","28","Consonant String","High",1,765.44
"814",33,"2",127,"23238","38","Consonant String","High",0,-1052.66
"814",33,"2",128,"23119","19","Consonant String","Low",1,898.56
"814",33,"2",129,"21224","24","Word","High",1,832.45
"814",33,"2",130,"22103","03","Pseudo-Word","Low",1,1205.02
"814",33,"2",131,"23123","23","Consonant String","Low",0,-729.93
"814",33,"2",132,"23232","32","Consonant String","High",1,618.47
"814",33,"2",133,"23222","22","Consonant String","High",1,976.69
"814",33,"2",135,"21119","19","Word","Low",1,701.24
"814",33,"2",136,"22246","46","Pseudo-Word","High",0,-865.12
"814",33,"2",137,"22244","44","Pseudo-Word","High",1,650.35
"814",33,"2",138,"21131","31","Word","Low",0,-673.21
"814",33,"2",139,"21246","46","Word","High",0,-750.42
"814",33,"2",140,"22236","36","Pseudo-Word","High",1,1202.31
"814",33,"2",141,"22113","13","Pseudo-Word","Low",1,811.22
"814",33,"2",142,"23111","11","Consonant String","Low",1,1467.47
"814",33,"2",143,"21220","20","Word","High",1,732.73
"814",33,"2",144,"22238","38","Pseudo-Word","High",1,978.29
"814",33,"2",3,"23105","05","Consonant String","Low",1,810.86
"814",33,"2",4,"22147","47","Pseudo-Word","Low",1,1131.08
"814",33,"2",5,"23125","25","Consonant String","Low",1,1383.67
"814",33,"2",6,"21226","26","Word","High",1,931.26
"814",33,"2",7,"23204","04","Consonant String","High",1,798.82
"814",33,"2",8,"22109","09","Pseudo-Word","Low",1,656.7
"814",33,"2",9,"21143","43","Word","Low",0,-738.57
"814",33,"2",10,"22135","35","Pseudo-Word","Low",1,1216.14
"814",33,"2",11,"22222","22","Pseudo-Word","High",0,-939.39
"814",33,"2",12,"21236","36","Word","High",1,1098.95
"814",33,"2",14,"23117","17","Consonant String","Low",1,1277.87
"814",33,"2",15,"22111","11","Pseudo-Word","Low",1,831.45
"814",33,"2",16,"22119","19","Pseudo-Word","Low",1,674
"814",33,"2",17,"23101","01","Consonant String","Low",1,955.22
"814",33,"2",18,"22220","20","Pseudo-Word","High",0,-1402.13
"814",33,"2",19,"23127","27","Consonant String","Low",0,-613.05
"814",33,"2",20,"23133","33","Consonant String","Low",1,774.25
"814",33,"2",21,"23236","36","Consonant String","High",0,-736.47
"814",33,"2",22,"23113","13","Consonant String","Low",0,-751.02
"814",33,"2",122,"22107","07","Pseudo-Word","Low",1,976.44
"814",33,"2",124,"23246","46","Consonant String","High",0,-954.01
"814",33,"2",125,"23210","10","Consonant String","High",1,636.89
"814",33,"2",1,"21139","39","Word","Low",0,-809.11
"814",33,"2",57,"23202","02","Consonant String","High",0,-567.34
"814",33,"2",68,"22230","30","Pseudo-Word","High",0,-558.52
"814",33,"2",79,"22212","12","Pseudo-Word","High",0,-996.4
"814",33,"2",90,"22123","23","Pseudo-Word","Low",1,904.3
"814",33,"2",101,"21202","02","Word","High",0,-702.19
"814",33,"2",112,"21234","34","Word","High",0,-605.06
"814",33,"2",123,"21117","17","Word","Low",0,-874.93
"814",33,"2",134,"23131","31","Consonant String","Low",0,-638.15
"814",33,"2",2,"22117","17","Pseudo-Word","Low",1,712.7
"814",33,"2",13,"22206","06","Pseudo-Word","High",0,-1053.92
"814",33,"2",24,"23214","14","Consonant String","High",1,863.81
"814",33,"2",35,"22216","16","Pseudo-Word","High",1,756.04
"814",33,"2",46,"22145","45","Pseudo-Word","Low",0,-787.94
"814",33,"2",52,"22214","14","Pseudo-Word","High",0,-703.47
"814",33,"2",53,"21121","21","Word","Low",1,603.34
"814",33,"2",54,"21105","05","Word","Low",0,-868.22
"814",33,"2",55,"22101","01","Pseudo-Word","Low",1,665.43
"814",33,"2",56,"23234","34","Consonant String","High",0,-743.64
"814",33,"2",58,"22139","39","Pseudo-Word","Low",0,-890.53
"814",33,"2",47,"21115","15","Word","Low",1,939.49
"814",33,"2",48,"21216","16","Word","High",0,-1113.05
"814",33,"2",49,"22115","15","Pseudo-Word","Low",1,1106.3
"814",33,"2",50,"21244","44","Word","High",1,756.2
"814",33,"2",51,"21109","09","Word","Low",1,791.09
"814",33,"2",36,"23224","24","Consonant String","High",0,-1558.5
"814",33,"2",37,"23121","21","Consonant String","Low",1,1438.45
"814",33,"2",23,"23216","16","Consonant String","High",1,1151.91
"814",33,"2",25,"23208","08","Consonant String","High",1,904.81
"814",33,"2",26,"21141","41","Word","Low",1,763.7
"814",33,"2",27,"21238","38","Word","High",1,971.93
"814",33,"2",28,"22208","08","Pseudo-Word","High",1,1059.16
"814",33,"2",29,"22232","32","Pseudo-Word","High",1,763.41
"814",33,"2",30,"22224","24","Pseudo-Word","High",1,1311.63
"814",33,"2",31,"21125","25","Word","Low",1,601.88
"814",33,"2",32,"23141","41","Consonant String","Low",1,785.75
"814",33,"2",33,"21206","06","Word","High",1,1206.31
"814",33,"2",34,"23137","37","Consonant String","Low",1,1119.24
"814",33,"2",40,"22105","05","Pseudo-Word","Low",1,1073.83
"814",33,"2",41,"23218","18","Consonant String","High",0,-750.06
"814",33,"2",38,"21232","32","Word","High",1,1087.05
"814",33,"2",39,"21248","48","Word","High",1,560.61
"814",33,"2",44,"21111","11","Word","Low",1,618.06
"814",33,"2",45,"21137","37","Word","Low",1,773.27
"814",33,"2",42,"22127","27","Pseudo-Word","Low",1,1286.96
"814",33,"2",43,"22133","33","Pseudo-Word","Low",1,587.52
"815",50,"3",29,"31229","29","Word","High",1,667.2
"815",50,"3",30,"33213","13","Consonant String","High",0,-1230.76
"815",50,"3",40,"31211","11","Word","High",1,1237.71
"815",50,"3",41,"31148","48","Word","Low",1,1032.61
"815",50,"3",42,"31146","46","Word","Low",1,976.52
"815",50,"3",43,"31144","44","Word","Low",1,1119.43
"815",50,"3",44,"33124","24","Consonant String","Low",1,1129.01
"815",50,"3",31,"31114","14","Word","Low",1,1719.7
"815",50,"3",32,"31201","01","Word","High",1,924.31
"815",50,"3",33,"31110","10","Word","Low",1,862.87
"815",50,"3",34,"32221","21","Pseudo-Word","High",1,1302.45
"815",50,"3",36,"32237","37","Pseudo-Word","High",1,928.72
"815",50,"3",37,"32148","48","Pseudo-Word","Low",1,1169.61
"815",50,"3",38,"32136","36","Pseudo-Word","Low",1,1078.19
"815",50,"3",39,"33108","08","Consonant String","Low",1,1109.11
"815",50,"3",76,"32108","08","Pseudo-Word","Low",1,734.49
"815",50,"3",77,"32227","27","Pseudo-Word","High",1,585.37
"815",50,"3",78,"33205","05","Consonant String","High",1,859.24
"815",50,"3",80,"31217","17","Word","High",0,-752.8
"815",50,"3",81,"31126","26","Word","Low",1,676.01
"815",50,"3",82,"32114","14","Pseudo-Word","Low",1,656.88
"815",50,"3",83,"32146","46","Pseudo-Word","Low",0,-1404.12
"815",50,"3",84,"31108","08","Word","Low",1,776.37
"815",50,"3",85,"32203","03","Pseudo-Word","High",1,1061.27
"815",50,"3",86,"32142","42","Pseudo-Word","Low",0,-1196.85
"815",50,"3",87,"31233","33","Word","High",1,622.09
"815",50,"3",88,"32247","47","Pseudo-Word","High",1,1101.64
"815",50,"3",89,"31247","47","Word","High",1,798.88
"815",50,"3",91,"32225","25","Pseudo-Word","High",0,-680.09
"815",50,"3",92,"33223","23","Consonant String","High",0,-647.97
"815",50,"3",93,"33221","21","Consonant String","High",1,1156.2
"815",50,"3",94,"32217","17","Pseudo-Word","High",0,-728.43
"815",50,"3",95,"33102","02","Consonant String","Low",1,1070.32
"815",50,"3",96,"33120","20","Consonant String","Low",0,-1199.91
"815",50,"3",45,"32243","43","Pseudo-Word","High",1,2046.97
"815",50,"3",47,"33140","40","Consonant String","Low",1,1587.29
"815",50,"3",48,"31235","35","Word","High",1,1224.23
"815",50,"3",49,"33207","07","Consonant String","High",1,914.82
"815",50,"3",50,"31116","16","Word","Low",1,1365.4
"815",50,"3",51,"32144","44","Pseudo-Word","Low",1,1085.99
"815",50,"3",60,"33144","44","Consonant String","Low",1,1007.89
"815",50,"3",61,"31134","34","Word","Low",1,716.46
"815",50,"3",62,"32128","28","Pseudo-Word","Low",1,1020.01
"815",50,"3",63,"31104","04","Word","Low",1,695.57
"815",50,"3",64,"32233","33","Pseudo-Word","High",1,750.79
"815",50,"3",65,"32112","12","Pseudo-Word","Low",0,-674
"815",50,"3",66,"31215","15","Word","High",0,-571.87
"815",50,"3",67,"32241","41","Pseudo-Word","High",1,606.4
"815",50,"3",69,"33219","19","Consonant String","High",0,-719.6
"815",50,"3",70,"31136","36","Word","Low",1,748.15
"815",50,"3",71,"32130","30","Pseudo-Word","Low",1,1046.37
"815",50,"3",72,"33132","32","Consonant String","Low",1,668.61
"815",50,"3",73,"31142","42","Word","Low",1,606.15
"815",50,"3",74,"31128","28","Word","Low",1,763.36
"815",50,"3",75,"31245","45","Word","High",1,1217.92
"815",50,"3",120,"31221","21","Word","High",1,1679.18
"815",50,"3",121,"33239","39","Consonant String","High",1,1375.14
"815",50,"3",122,"33237","37","Consonant String","High",1,1629.09
"815",50,"3",124,"32205","05","Pseudo-Word","High",0,-1177.03
"815",50,"3",125,"31203","03","Word","High",1,770.94
"815",50,"3",126,"32219","19","Pseudo-Word","High",0,-1078.51
"815",50,"3",127,"33233","33","Consonant String","High",0,-1209.42
"815",50,"3",128,"33235","35","Consonant String","High",1,2476.07
"815",50,"3",129,"33146","46","Consonant String","Low",1,1337.06
"815",50,"3",130,"31213","13","Word","High",1,1536.01
"815",50,"3",131,"33126","26","Consonant String","Low",1,1646.97
"815",50,"3",132,"33138","38","Consonant String","Low",1,1043.24
"815",50,"3",133,"32106","06","Pseudo-Word","Low",1,2454.54
"815",50,"3",135,"32140","40","Pseudo-Word","Low",1,761.85
"815",50,"3",136,"33142","42","Consonant String","Low",0,-690.4
"815",50,"3",137,"33229","29","Consonant String","High",1,2498.34
"815",50,"3",138,"33209","09","Consonant String","High",1,1365.68
"815",50,"3",139,"31241","41","Word","High",1,1120.28
"815",50,"3",140,"31209","09","Word","High",1,1303.88
"815",50,"3",97,"33112","12","Consonant String","Low",0,-1192.16
"815",50,"3",98,"33241","41","Consonant String","High",1,578.39
"815",50,"3",99,"31106","06","Word","Low",1,884.27
"815",50,"3",100,"32215","15","Pseudo-Word","High",0,-1315.18
"815",50,"3",102,"32209","09","Pseudo-Word","High",0,-924.77
"815",50,"3",103,"31122","22","Word","Low",0,-718.33
"815",50,"3",104,"32207","07","Pseudo-Word","High",1,1070.88
"815",50,"3",105,"33247","47","Consonant String","High",1,934.46
"815",50,"3",106,"31237","37","Word","High",1,1575.38
"815",50,"3",107,"33201","01","Consonant String","High",1,1194.33
"815",50,"3",108,"31223","23","Word","High",1,895.57
"815",50,"3",109,"31207","07","Word","High",1,1176.81
"815",50,"3",110,"32124","24","Pseudo-Word","Low",0,-1107.73
"815",50,"3",111,"33227","27","Consonant String","High",1,1193.32
"815",50,"3",113,"33128","28","Consonant String","Low",0,-861.56
"815",50,"3",114,"33211","11","Consonant String","High",0,-677.11
"815",50,"3",115,"31112","12","Word","Low",1,805.99
"815",50,"3",116,"33106","06","Consonant String","Low",0,-1278.18
"815",50,"3",117,"31219","19","Word","High",1,739.09
"815",50,"3",118,"32120","20","Pseudo-Word","Low",1,1007.98
"815",50,"3",119,"33104","04","Consonant String","Low",0,-1262.58
"815",50,"3",23,"33136","36","Consonant String","Low",1,953.34
"815",50,"3",25,"32245","45","Pseudo-Word","High",1,1498.59
"815",50,"3",26,"32211","11","Pseudo-Word","High",1,837.85
"815",50,"3",27,"31132","32","Word","Low",1,766.74
"815",50,"3",28,"32201","01","Pseudo-Word","High",1,1089.3
"815",50,"3",1,"31118","18","Word","Low",1,1787.67
"815",50,"3",57,"32223","23","Pseudo-Word","High",1,1349.64
"815",50,"3",68,"31231","31","Word","High",1,823.89
"815",50,"3",79,"33215","15","Consonant String","High",0,-1170.46
"815",50,"3",90,"31205","05","Word","High",1,774.03
"815",50,"3",101,"32132","32","Pseudo-Word","Low",1,805.92
"815",50,"3",112,"33130","30","Consonant String","Low",1,2118.19
"815",50,"3",123,"31102","02","Word","Low",0,-2363.88
"815",50,"3",134,"33110","10","Consonant String","Low",1,847.52
"815",50,"3",2,"32138","38","Pseudo-Word","Low",1,741.74
"815",50,"3",13,"32126","26","Pseudo-Word","Low",1,919.96
"815",50,"3",24,"33225","25","Consonant String","High",0,-1083.53
"815",50,"3",35,"33114","14","Consonant String","Low",1,847.44
"815",50,"3",46,"31138","38","Word","Low",1,527.65
"815",50,"3",52,"33243","43","Consonant String","High",1,1221.54
"815",50,"3",53,"33203","03","Consonant String","High",0,-1248.13
"815",50,"3",54,"31225","25","Word","High",0,-895.38
"815",50,"3",55,"31243","43","Word","High",1,1537.63
"815",50,"3",56,"32134","34","Pseudo-Word","Low",1,798.56
"815",50,"3",58,"33122","22","Consonant String","Low",1,979.79
"815",50,"3",59,"31239","39","Word","High",1,642.68
"815",50,"3",5,"31124","24","Word","Low",1,924.27
"815",50,"3",6,"32118","18","Pseudo-Word","Low",0,-1569.85
"815",50,"3",7,"33245","45","Consonant String","High",1,1824.49
"815",50,"3",8,"31140","40","Word","Low",1,691.08
"815",50,"3",9,"33217","17","Consonant String","High",0,-1429.32
"815",50,"3",10,"33116","16","Consonant String","Low",1,1149.26
"815",50,"3",11,"32110","10","Pseudo-Word","Low",1,1384.52
"815",50,"3",12,"32229","29","Pseudo-Word","High",1,2489.5
"815",50,"3",14,"31120","20","Word","Low",1,721.82
"815",50,"3",15,"32231","31","Pseudo-Word","High",1,2454.43
"815",50,"3",16,"33231","31","Consonant String","High",0,-854.75
"815",50,"3",17,"32116","16","Pseudo-Word","Low",1,1700
"815",50,"3",18,"32239","39","Pseudo-Word","High",1,1241.29
"815",50,"3",19,"31227","27","Word","High",1,974.55
"815",50,"3",20,"33148","48","Consonant String","Low",0,-1376.13
"815",50,"3",21,"32235","35","Pseudo-Word","High",0,-2209.1
"815",50,"3",22,"32102","02","Pseudo-Word","Low",1,1270.75
"815",50,"3",141,"33134","34","Consonant String","Low",1,1298.14
"815",50,"3",142,"32122","22","Pseudo-Word","Low",1,2525.44
"815",50,"3",143,"33118","18","Consonant String","Low",0,-2115.49
"815",50,"3",144,"32104","04","Pseudo-Word","Low",1,1487.13
"815",50,"3",3,"32213","13","Pseudo-Word","High",1,1792.1
"815",50,"3",4,"31130","30","Word","Low",1,682.37
"816",67,"4",58,"41228","28","Word","High",1,556.32
"816",67,"4",59,"41103","03","Word","Low",1,480.85
"816",67,"4",55,"43101","01","Consonant String","Low",1,671.59
"816",67,"4",56,"42137","37","Pseudo-Word","Low",1,468.47
"816",67,"4",66,"43127","27","Consonant String","Low",0,-558.19
"816",67,"4",67,"41131","31","Word","Low",1,554.71
"816",67,"4",69,"43123","23","Consonant String","Low",1,773.26
"816",67,"4",70,"43238","38","Consonant String","High",0,-749.14
"816",67,"4",71,"42228","28","Pseudo-Word","High",1,777.68
"816",67,"4",72,"41145","45","Word","Low",1,653.9
"816",67,"4",73,"42103","03","Pseudo-Word","Low",1,587.43
"816",67,"4",60,"42202","02","Pseudo-Word","High",1,514.05
"816",67,"4",61,"43210","10","Consonant String","High",0,-474.91
"816",67,"4",62,"41238","38","Word","High",1,519.76
"816",67,"4",63,"42145","45","Pseudo-Word","Low",1,438.61
"816",67,"4",64,"42242","42","Pseudo-Word","High",1,490.8
"816",67,"4",65,"41107","07","Word","Low",0,-437.99
"816",67,"4",1,"41119","19","Word","Low",1,524.05
"816",67,"4",57,"43236","36","Consonant String","High",0,-991.92
"816",67,"4",68,"42240","40","Pseudo-Word","High",1,653.49
"816",67,"4",79,"43105","05","Consonant String","Low",1,805.03
"816",67,"4",90,"43147","47","Consonant String","Low",1,627.57
"816",67,"4",101,"42230","30","Pseudo-Word","High",1,608.78
"816",67,"4",112,"41214","14","Word","High",1,928.67
"816",67,"4",123,"43214","14","Consonant String","High",0,-526.88
"816",67,"4",134,"42131","31","Pseudo-Word","Low",1,602.08
"816",67,"4",2,"41143","43","Word","Low",1,493.61
"816",67,"4",13,"41141","41","Word","Low",1,580.15
"816",67,"4",24,"43133","33","Consonant String","Low",1,852.36
"816",67,"4",35,"41242","42","Word","High",1,501.89
"816",67,"4",46,"42244","44","Pseudo-Word","High",0,-861.43
"816",67,"4",52,"42218","18","Pseudo-Word","High",1,759.33
"816",67,"4",53,"41232","32","Word","High",1,474.2
"816",67,"4",54,"42111","11","Pseudo-Word","Low",1,600.07
"816",67,"4",99,"41212","12","Word","High",1,614.39
"816",67,"4",100,"42109","09","Pseudo-Word","Low",1,475.25
"816",67,"4",102,"42232","32","Pseudo-Word","High",0,-765.46
"816",67,"4",103,"42123","23","Pseudo-Word","Low",1,776.34
"816",67,"4",104,"41115","15","Word","Low",1,495.55
"816",67,"4",105,"43119","19","Consonant String","Low",0,-763.08
"816",67,"4",106,"42133","33","Pseudo-Word","Low",1,630.97
"816",67,"4",107,"41248","48","Word","High",1,557.17
"816",67,"4",108,"41109","09","Word","Low",1,425.69
"816",67,"4",109,"41222","22","Word","High",1,910.89
"816",67,"4",110,"43125","25","Consonant String","Low",1,793.78
"816",67,"4",111,"42119","19","Pseudo-Word","Low",1,506.33
"816",67,"4",113,"43226","26","Consonant String","High",0,-774.87
"816",67,"4",114,"42226","26","Pseudo-Word","High",1,811.76
"816",67,"4",115,"43212","12","Consonant String","High",0,-719.63
"816",67,"4",116,"42105","05","Pseudo-Word","Low",1,760.17
"816",67,"4",117,"42236","36","Pseudo-Word","High",1,807.06
"816",67,"4",74,"41218","18","Word","High",1,814.65
"816",67,"4",75,"43129","29","Consonant String","Low",0,-1231.55
"816",67,"4",76,"42214","14","Pseudo-Word","High",0,-591.79
"816",67,"4",77,"41123","23","Word","Low",1,526.32
"816",67,"4",78,"43121","21","Consonant String","Low",0,-1089.54
"816",67,"4",80,"42206","06","Pseudo-Word","High",0,-659.77
"816",67,"4",81,"42101","01","Pseudo-Word","Low",1,498.63
"816",67,"4",82,"41147","47","Word","Low",1,470.16
"816",67,"4",83,"42141","41","Pseudo-Word","Low",1,490.01
"816",67,"4",84,"43202","02","Consonant String","High",1,501.21
"816",67,"4",85,"43208","08","Consonant String","High",1,643.74
"816",67,"4",86,"43248","48","Consonant String","High",0,-684.28
"816",67,"4",87,"41234","34","Word","High",1,473.48
"816",67,"4",88,"43145","45","Consonant String","Low",1,792.34
"816",67,"4",89,"43240","40","Consonant String","High",0,-610.89
"816",67,"4",91,"42143","43","Pseudo-Word","Low",1,477.76
"816",67,"4",92,"43141","41","Consonant String","Low",0,-419.94
"816",67,"4",93,"41202","02","Word","High",1,411.81
"816",67,"4",94,"42107","07","Pseudo-Word","Low",1,481.65
"816",67,"4",95,"43117","17","Consonant String","Low",1,733.86
"816",67,"4",96,"43242","42","Consonant String","High",0,-741.06
"816",67,"4",97,"42115","15","Pseudo-Word","Low",0,-840.28
"816",67,"4",98,"41220","20","Word","High",0,-810.51
"816",67,"4",143,"42125","25","Pseudo-Word","Low",1,1045.26
"816",67,"4",144,"41133","33","Word","Low",1,468.83
"816",67,"4",3,"41216","16","Word","High",1,464.69
"816",67,"4",4,"41125","25","Word","Low",1,588.55
"816",67,"4",5,"43115","15","Consonant String","Low",0,-830.76
"816",67,"4",6,"42139","39","Pseudo-Word","Low",1,640.97
"816",67,"4",7,"43206","06","Consonant String","High",1,470.16
"816",67,"4",8,"43234","34","Consonant String","High",1,591.03
"816",67,"4",9,"43224","24","Consonant String","High",1,696.23
"816",67,"4",10,"41127","27","Word","Low",1,567.77
"816",67,"4",11,"42127","27","Pseudo-Word","Low",1,440.63
"816",67,"4",12,"43143","43","Consonant String","Low",1,980.84
"816",67,"4",14,"41208","08","Word","High",1,470.06
"816",67,"4",15,"42117","17","Pseudo-Word","Low",0,-369.91
"816",67,"4",16,"42129","29","Pseudo-Word","Low",1,649.76
"816",67,"4",17,"42210","10","Pseudo-Word","High",1,524.3
"816",67,"4",18,"41236","36","Word","High",1,878.18
"816",67,"4",19,"43244","44","Consonant String","High",0,-553.4
"816",67,"4",20,"43230","30","Consonant String","High",1,843.93
"816",67,"4",21,"41224","24","Word","High",1,1222.5
"816",67,"4",22,"42222","22","Pseudo-Word","High",0,-654.41
"816",67,"4",23,"42216","16","Pseudo-Word","High",0,-824.96
"816",67,"4",25,"42238","38","Pseudo-Word","High",1,613.83
"816",67,"4",26,"42246","46","Pseudo-Word","High",0,-536.7
"816",67,"4",27,"41244","44","Word","High",1,808.9
"816",67,"4",28,"43228","28","Consonant String","High",0,-437.78
"816",67,"4",29,"42220","20","Pseudo-Word","High",1,648.97
"816",67,"4",30,"43131","31","Consonant String","Low",1,565.51
"816",67,"4",31,"41240","40","Word","High",1,538.38
"816",67,"4",32,"42234","34","Pseudo-Word","High",1,550.57
"816",67,"4",33,"42121","21","Pseudo-Word","Low",1,769.11
"816",67,"4",34,"41117","17","Word","Low",1,534.98
"816",67,"4",36,"41137","37","Word","Low",1,548.18
"816",67,"4",37,"42147","47","Pseudo-Word","Low",1,720.71
"816",67,"4",38,"41204","04","Word","High",0,-1204.61
"816",67,"4",39,"43103","03","Consonant String","Low",1,724.19
"816",67,"4",40,"41101","01","Word","Low",1,639.06
"816",67,"4",41,"42248","48","Pseudo-Word","High",1,583.26
"816",67,"4",42,"43216","16","Consonant String","High",1,983.47
"816",67,"4",43,"43113","13","Consonant String","Low",1,507.7
"816",67,"4",44,"41111","11","Word","Low",1,1301.59
"816",67,"4",45,"41121","21","Word","Low",1,653.16
"816",67,"4",47,"41246","46","Word","High",0,-557.7
"816",67,"4",48,"43137","37","Consonant String","Low",1,1230.59
"816",67,"4",49,"43232","32","Consonant String","High",1,708.84
"816",67,"4",50,"43218","18","Consonant String","High",1,651.71
"816",67,"4",51,"41105","05","Word","Low",1,661.25
"816",67,"4",120,"43246","46","Consonant String","High",0,-532.68
"816",67,"4",121,"43139","39","Consonant String","Low",1,567.87
"816",67,"4",122,"41206","06","Word","High",1,533.74
"816",67,"4",124,"42135","35","Pseudo-Word","Low",1,661.93
"816",67,"4",125,"43220","20","Consonant String","High",0,-799.82
"816",67,"4",126,"43222","22","Consonant String","High",1,415.35
"816",67,"4",127,"43111","11","Consonant String","Low",1,601.21
"816",67,"4",128,"43109","09","Consonant String","Low",0,-672.75
"816",67,"4",129,"43135","35","Consonant String","Low",1,627.62
"816",67,"4",130,"41226","26","Word","High",1,746.84
"816",67,"4",131,"43107","07","Consonant String","Low",1,499.38
"816",67,"4",118,"42204","04","Pseudo-Word","High",0,-524.6
"816",67,"4",119,"41139","39","Word","Low",0,-737.47
"816",67,"4",135,"41210","10","Word","High",1,697.01
"816",67,"4",136,"42224","24","Pseudo-Word","High",1,528.55
"816",67,"4",137,"41230","30","Word","High",1,509.75
"816",67,"4",138,"41113","13","Word","Low",1,545.6
"816",67,"4",139,"41129","29","Word","Low",1,528.13
"816",67,"4",140,"41135","35","Word","Low",1,484.33
"816",67,"4",141,"43204","04","Consonant String","High",1,519.52
"816",67,"4",142,"42208","08","Pseudo-Word","High",1,673.38
"816",67,"4",133,"42212","12","Pseudo-Word","High",1,1018.12
"816",67,"4",132,"42113","13","Pseudo-Word","Low",1,590.9
"817",33,"1",2,"11148","48","Word","Low",0,-632.13
"817",33,"1",13,"11217","17","Word","High",0,-621.67
"817",33,"1",134,"12203","03","Pseudo-Word","High",1,1186.56
"817",33,"1",1,"13231","31","Consonant String","High",1,1063.87
"817",33,"1",57,"12126","26","Pseudo-Word","Low",1,793.11
"817",33,"1",68,"11247","47","Word","High",1,555.98
"817",33,"1",79,"11241","41","Word","High",1,753.84
"817",33,"1",90,"13207","07","Consonant String","High",1,630.72
"817",33,"1",101,"12211","11","Pseudo-Word","High",1,667.25
"817",33,"1",112,"13243","43","Consonant String","High",1,681.45
"817",33,"1",123,"13237","37","Consonant String","High",1,690
"817",33,"1",74,"11130","30","Word","Low",1,609.55
"817",33,"1",75,"13128","28","Consonant String","Low",0,-1283.78
"817",33,"1",76,"11128","28","Word","Low",1,1239.37
"817",33,"1",77,"13241","41","Consonant String","High",0,-795.96
"817",33,"1",78,"13233","33","Consonant String","High",0,-1415.86
"817",33,"1",80,"13134","34","Consonant String","Low",1,1216.13
"817",33,"1",81,"11110","10","Word","Low",1,1068.37
"817",33,"1",82,"12205","05","Pseudo-Word","High",1,690.6
"817",33,"1",83,"11233","33","Word","High",1,851.16
"817",33,"1",84,"13239","39","Consonant String","High",1,866.04
"817",33,"1",85,"13227","27","Consonant String","High",0,-1878.3
"817",33,"1",86,"11122","22","Word","Low",1,631.91
"817",33,"1",87,"11227","27","Word","High",1,810.44
"817",33,"1",88,"13130","30","Consonant String","Low",1,697.66
"817",33,"1",89,"12116","16","Pseudo-Word","Low",1,711.54
"817",33,"1",91,"11126","26","Word","Low",1,642.73
"817",33,"1",92,"11201","01","Word","High",1,640.6
"817",33,"1",24,"12225","25","Pseudo-Word","High",0,-1231.89
"817",33,"1",35,"12209","09","Pseudo-Word","High",0,-1315.48
"817",33,"1",46,"13108","08","Consonant String","Low",1,534.72
"817",33,"1",52,"11140","40","Word","Low",1,523.25
"817",33,"1",53,"13126","26","Consonant String","Low",1,580.43
"817",33,"1",54,"12122","22","Pseudo-Word","Low",1,828.97
"817",33,"1",55,"12104","04","Pseudo-Word","Low",1,593.52
"817",33,"1",56,"11207","07","Word","High",0,-1129.4
"817",33,"1",58,"11223","23","Word","High",0,-571.96
"817",33,"1",59,"13217","17","Consonant String","High",0,-1141.19
"817",33,"1",60,"12146","46","Pseudo-Word","Low",0,-1235.1
"817",33,"1",61,"13209","09","Consonant String","High",1,1075.69
"817",33,"1",62,"13201","01","Consonant String","High",0,-1118.26
"817",33,"1",63,"13120","20","Consonant String","Low",1,714.5
"817",33,"1",64,"11138","38","Word","Low",1,890.72
"817",33,"1",65,"11114","14","Word","Low",1,459.26
"817",33,"1",66,"12102","02","Pseudo-Word","Low",1,1152.47
"817",33,"1",67,"13122","22","Consonant String","Low",0,-1090.39
"817",33,"1",69,"12223","23","Pseudo-Word","High",0,-1263.96
"817",33,"1",70,"12235","35","Pseudo-Word","High",1,952.22
"817",33,"1",71,"12219","19","Pseudo-Word","High",0,-868.11
"817",33,"1",72,"13114","14","Consonant String","Low",1,2317.4
"817",33,"1",73,"13203","03","Consonant String","High",1,557.69
"817",33,"1",117,"13138","38","Consonant String","Low",1,621.76
"817",33,"1",118,"13106","06","Consonant String","Low",1,1155.99
"817",33,"1",119,"12144","44","Pseudo-Word","Low",0,-1014.89
"817",33,"1",120,"12142","42","Pseudo-Word","Low",1,979.13
"817",33,"1",121,"12108","08","Pseudo-Word","Low",1,980.69
"817",33,"1",122,"11225","25","Word","High",1,625.25
"817",33,"1",124,"11205","05","Word","High",1,460.78
"817",33,"1",125,"12239","39","Pseudo-Word","High",1,1103.99
"817",33,"1",126,"11132","32","Word","Low",1,596.88
"817",33,"1",127,"13223","23","Consonant String","High",0,-1691.79
"817",33,"1",128,"13211","11","Consonant String","High",1,1009.74
"817",33,"1",129,"11146","46","Word","Low",1,497.96
"817",33,"1",130,"11211","11","Word","High",1,887.82
"817",33,"1",131,"11104","04","Word","Low",1,1247.4
"817",33,"1",132,"12213","13","Pseudo-Word","High",1,1397.32
"817",33,"1",133,"13229","29","Consonant String","High",1,1782.29
"817",33,"1",135,"12130","30","Pseudo-Word","Low",1,793.89
"817",33,"1",136,"11229","29","Word","High",1,662.77
"817",33,"1",137,"12124","24","Pseudo-Word","Low",1,798.98
"817",33,"1",138,"13118","18","Consonant String","Low",1,1163.88
"817",33,"1",139,"11231","31","Word","High",1,735.11
"817",33,"1",140,"12215","15","Pseudo-Word","High",1,813.66
"817",33,"1",141,"12110","10","Pseudo-Word","Low",0,-917.89
"817",33,"1",142,"12237","37","Pseudo-Word","High",1,713.11
"817",33,"1",143,"11213","13","Word","High",1,1161.33
"817",33,"1",144,"11144","44","Word","Low",1,758.56
"817",33,"1",3,"11108","08","Word","Low",1,706.44
"817",33,"1",4,"11235","35","Word","High",0,-939.32
"817",33,"1",5,"12247","47","Pseudo-Word","High",0,-1688.92
"817",33,"1",6,"12128","28","Pseudo-Word","Low",1,506.5
"817",33,"1",7,"11239","39","Word","High",0,-1043.38
"817",33,"1",8,"13215","15","Consonant String","High",0,-1088.29
"817",33,"1",9,"12106","06","Pseudo-Word","Low",0,-657.86
"817",33,"1",10,"13136","36","Consonant String","Low",1,994.07
"817",33,"1",11,"13116","16","Consonant String","Low",0,-1293.99
"817",33,"1",12,"12221","21","Pseudo-Word","High",1,1046.91
"817",33,"1",14,"13221","21","Consonant String","High",1,834.81
"817",33,"1",15,"11245","45","Word","High",1,933.36
"817",33,"1",16,"11203","03","Word","High",1,746.92
"817",33,"1",17,"13124","24","Consonant String","Low",0,-630.8
"817",33,"1",18,"13148","48","Consonant String","Low",1,853.34
"817",33,"1",19,"12140","40","Pseudo-Word","Low",1,636.22
"817",33,"1",20,"11136","36","Word","Low",1,609.75
"817",33,"1",21,"11209","09","Word","High",1,738.96
"817",33,"1",22,"12217","17","Pseudo-Word","High",1,620.48
"817",33,"1",23,"12132","32","Pseudo-Word","Low",1,699.69
"817",33,"1",25,"12118","18","Pseudo-Word","Low",1,843.56
"817",33,"1",26,"11116","16","Word","Low",1,749.45
"817",33,"1",27,"11219","19","Word","High",0,-629.32
"817",33,"1",28,"13245","45","Consonant String","High",0,-1273.88
"817",33,"1",29,"13110","10","Consonant String","Low",0,-764.12
"817",33,"1",30,"13146","46","Consonant String","Low",0,-647.35
"817",33,"1",31,"13247","47","Consonant String","High",0,-671.22
"817",33,"1",32,"11215","15","Word","High",0,-529.42
"817",33,"1",33,"13112","12","Consonant String","Low",1,1105.97
"817",33,"1",34,"11243","43","Word","High",1,1240.89
"817",33,"1",36,"11118","18","Word","Low",1,598.47
"817",33,"1",37,"12136","36","Pseudo-Word","Low",1,481.32
"817",33,"1",38,"13104","04","Consonant String","Low",0,-585.84
"817",33,"1",39,"11134","34","Word","Low",1,1202.39
"817",33,"1",40,"12148","48","Pseudo-Word","Low",1,956.31
"817",33,"1",41,"12120","20","Pseudo-Word","Low",1,1817.23
"817",33,"1",42,"12241","41","Pseudo-Word","High",1,615.51
"817",33,"1",43,"13235","35","Consonant String","High",1,835.71
"817",33,"1",44,"12207","07","Pseudo-Word","High",1,608.26
"817",33,"1",45,"13213","13","Consonant String","High",1,901.13
"817",33,"1",47,"12134","34","Pseudo-Word","Low",1,603.02
"817",33,"1",48,"13132","32","Consonant String","Low",1,1376.91
"817",33,"1",49,"12243","43","Pseudo-Word","High",1,618.5
"817",33,"1",50,"12201","01","Pseudo-Word","High",1,1597.73
"817",33,"1",51,"12138","38","Pseudo-Word","Low",1,974.66
"817",33,"1",106,"11120","20","Word","Low",0,-1458.29
"817",33,"1",107,"13142","42","Consonant String","Low",0,-645.21
"817",33,"1",108,"12245","45","Pseudo-Word","High",1,1522.11
"817",33,"1",109,"11124","24","Word","Low",1,494.36
"817",33,"1",110,"11221","21","Word","High",1,760.22
"817",33,"1",111,"11112","12","Word","Low",0,-1069.45
"817",33,"1",113,"11106","06","Word","Low",0,-1065.69
"817",33,"1",114,"13140","40","Consonant String","Low",1,750.92
"817",33,"1",115,"12231","31","Pseudo-Word","High",1,725.8
"817",33,"1",116,"13205","05","Consonant String","High",1,444.9
"817",33,"1",102,"12227","27","Pseudo-Word","High",0,-925.32
"817",33,"1",103,"13225","25","Consonant String","High",0,-1318.89
"817",33,"1",104,"12114","14","Pseudo-Word","Low",1,653.14
"817",33,"1",105,"13219","19","Consonant String","High",1,1158.02
"817",33,"1",96,"11102","02","Word","Low",1,939.83
"817",33,"1",93,"11237","37","Word","High",1,623.15
"817",33,"1",94,"11142","42","Word","Low",0,-663.35
"817",33,"1",95,"13144","44","Consonant String","Low",1,1314.58
"817",33,"1",100,"12229","29","Pseudo-Word","High",0,-863.1
"817",33,"1",97,"12233","33","Pseudo-Word","High",1,1287.41
"817",33,"1",98,"12112","12","Pseudo-Word","Low",1,526.98
"817",33,"1",99,"13102","02","Consonant String","Low",0,-1027.52
"818",33,"2",43,"23210","10","Consonant String","High",1,499.17
"818",33,"2",39,"21107","07","Word","Low",1,348.02
"818",33,"2",40,"21222","22","Word","High",0,-507.86
"818",33,"2",41,"23214","14","Consonant String","High",1,996.08
"818",33,"2",42,"23109","09","Consonant String","Low",1,673.97
"818",33,"2",66,"23218","18","Consonant String","High",0,-429.57
"818",33,"2",44,"22105","05","Pseudo-Word","Low",1,664.03
"818",33,"2",45,"21117","17","Word","Low",1,820.24
"818",33,"2",47,"23117","17","Consonant String","Low",1,703.46
"818",33,"2",48,"22202","02","Pseudo-Word","High",0,-950.34
"818",33,"2",49,"23127","27","Consonant String","Low",1,557.23
"818",33,"2",50,"23234","34","Consonant String","High",1,410.07
"818",33,"2",51,"23238","38","Consonant String","High",0,-996.29
"818",33,"2",61,"22137","37","Pseudo-Word","Low",1,527.95
"818",33,"2",62,"22246","46","Pseudo-Word","High",1,457.47
"818",33,"2",63,"23123","23","Consonant String","Low",1,648.33
"818",33,"2",64,"23208","08","Consonant String","High",0,-452.2
"818",33,"2",65,"22210","10","Pseudo-Word","High",1,534.05
"818",33,"2",28,"23230","30","Consonant String","High",0,-468.15
"818",33,"2",29,"21224","24","Word","High",1,623.35
"818",33,"2",30,"23204","04","Consonant String","High",1,462.54
"818",33,"2",31,"22135","35","Pseudo-Word","Low",1,370.73
"818",33,"2",32,"21143","43","Word","Low",0,-354.9
"818",33,"2",33,"23226","26","Consonant String","High",1,480.75
"818",33,"2",34,"21105","05","Word","Low",1,460.26
"818",33,"2",36,"21137","37","Word","Low",1,451.46
"818",33,"2",37,"23145","45","Consonant String","Low",1,490.3
"818",33,"2",38,"22214","14","Pseudo-Word","High",1,572.82
"818",33,"2",93,"21234","34","Word","High",1,463.01
"818",33,"2",94,"21216","16","Word","High",1,536.19
"818",33,"2",95,"22147","47","Pseudo-Word","Low",1,460.72
"818",33,"2",96,"22216","16","Pseudo-Word","High",0,-613.91
"818",33,"2",97,"21218","18","Word","High",1,497.1
"818",33,"2",98,"23222","22","Consonant String","High",1,478.96
"818",33,"2",99,"23224","24","Consonant String","High",0,-476.48
"818",33,"2",100,"22125","25","Pseudo-Word","Low",1,438
"818",33,"2",102,"23113","13","Consonant String","Low",0,-491.52
"818",33,"2",103,"21240","40","Word","High",1,446.38
"818",33,"2",104,"22248","48","Pseudo-Word","High",1,468.23
"818",33,"2",105,"21141","41","Word","Low",1,375.41
"818",33,"2",106,"22224","24","Pseudo-Word","High",0,-866.94
"818",33,"2",107,"22208","08","Pseudo-Word","High",1,1365.19
"818",33,"2",108,"22139","39","Pseudo-Word","Low",1,476.42
"818",33,"2",109,"23121","21","Consonant String","Low",1,507.95
"818",33,"2",110,"22145","45","Pseudo-Word","Low",1,484.14
"818",33,"2",111,"22212","12","Pseudo-Word","High",1,635.66
"818",33,"2",113,"23115","15","Consonant String","Low",0,-486.19
"818",33,"2",114,"22115","15","Pseudo-Word","Low",0,-429.7
"818",33,"2",115,"21125","25","Word","Low",1,394.21
"818",33,"2",116,"22238","38","Pseudo-Word","High",1,465.29
"818",33,"2",117,"22206","06","Pseudo-Word","High",1,657.49
"818",33,"2",118,"21109","09","Word","Low",1,498.36
"818",33,"2",119,"22103","03","Pseudo-Word","Low",1,401.2
"818",33,"2",120,"23228","28","Consonant String","High",1,426.05
"818",33,"2",121,"22226","26","Pseudo-Word","High",0,-355.57
"818",33,"2",122,"23216","16","Consonant String","High",0,-509.42
"818",33,"2",124,"23125","25","Consonant String","Low",1,370.6
"818",33,"2",125,"23212","12","Consonant String","High",0,-749.79
"818",33,"2",126,"22143","43","Pseudo-Word","Low",0,-590.66
"818",33,"2",127,"22230","30","Pseudo-Word","High",0,-580.2
"818",33,"2",128,"23220","20","Consonant String","High",0,-454.72
"818",33,"2",129,"21208","08","Word","High",1,479.57
"818",33,"2",130,"22232","32","Pseudo-Word","High",1,707.1
"818",33,"2",131,"21145","45","Word","Low",1,512.97
"818",33,"2",132,"23137","37","Consonant String","Low",1,457.16
"818",33,"2",133,"22240","40","Pseudo-Word","High",1,727.02
"818",33,"2",135,"23129","29","Consonant String","Low",0,-558.56
"818",33,"2",136,"23244","44","Consonant String","High",1,464.42
"818",33,"2",137,"22242","42","Pseudo-Word","High",1,504.61
"818",33,"2",138,"22204","04","Pseudo-Word","High",0,-470.46
"818",33,"2",139,"21246","46","Word","High",1,438.64
"818",33,"2",140,"21230","30","Word","High",1,480.17
"818",33,"2",141,"21127","27","Word","Low",1,447.68
"818",33,"2",142,"23232","32","Consonant String","High",1,629.54
"818",33,"2",143,"22109","09","Pseudo-Word","Low",1,461.07
"818",33,"2",144,"21131","31","Word","Low",1,465.26
"818",33,"2",3,"21228","28","Word","High",1,544.44
"818",33,"2",4,"23139","39","Consonant String","Low",1,429.3
"818",33,"2",5,"23242","42","Consonant String","High",1,685.82
"818",33,"2",6,"21242","42","Word","High",1,390.35
"818",33,"2",7,"21113","13","Word","Low",1,437.87
"818",33,"2",8,"23111","11","Consonant String","Low",1,565.39
"818",33,"2",9,"21121","21","Word","Low",1,508.58
"818",33,"2",10,"23147","47","Consonant String","Low",1,416.45
"818",33,"2",11,"22123","23","Pseudo-Word","Low",1,389.62
"818",33,"2",12,"23135","35","Consonant String","Low",1,454.13
"818",33,"2",14,"21115","15","Word","Low",1,385.98
"818",33,"2",15,"23131","31","Consonant String","Low",1,344.48
"818",33,"2",16,"22222","22","Pseudo-Word","High",1,339.33
"818",33,"2",17,"21111","11","Word","Low",1,413.83
"818",33,"2",18,"21101","01","Word","Low",0,-346.01
"818",33,"2",19,"22234","34","Pseudo-Word","High",1,1305.89
"818",33,"2",20,"21248","48","Word","High",1,445.8
"818",33,"2",21,"22131","31","Pseudo-Word","Low",0,-440.64
"818",33,"2",22,"23143","43","Consonant String","Low",1,1008.18
"818",33,"2",23,"21236","36","Word","High",1,524.06
"818",33,"2",25,"21210","10","Word","High",1,532.26
"818",33,"2",26,"23133","33","Consonant String","Low",1,510.78
"818",33,"2",27,"23246","46","Consonant String","High",1,467.97
"818",33,"2",1,"22107","07","Pseudo-Word","Low",1,605.31
"818",33,"2",57,"23248","48","Consonant String","High",1,715.19
"818",33,"2",68,"22101","01","Pseudo-Word","Low",1,636.39
"818",33,"2",79,"21206","06","Word","High",1,654.93
"818",33,"2",90,"22121","21","Pseudo-Word","Low",1,713.8
"818",33,"2",101,"21147","47","Word","Low",1,534.01
"818",33,"2",112,"21212","12","Word","High",1,622.54
"818",33,"2",123,"21226","26","Word","High",1,518.73
"818",33,"2",134,"21202","02","Word","High",1,501.92
"818",33,"2",2,"22111","11","Pseudo-Word","Low",1,473.78
"818",33,"2",13,"21238","38","Word","High",1,608.96
"818",33,"2",24,"23107","07","Consonant String","Low",1,405.16
"818",33,"2",35,"23105","05","Consonant String","Low",0,-453.01
"818",33,"2",46,"21244","44","Word","High",1,560.87
"818",33,"2",52,"23206","06","Consonant String","High",1,540.06
"818",33,"2",53,"22218","18","Pseudo-Word","High",0,-490.58
"818",33,"2",54,"21139","39","Word","Low",1,767.12
"818",33,"2",55,"23202","02","Consonant String","High",1,568.33
"818",33,"2",56,"23119","19","Consonant String","Low",0,-493.53
"818",33,"2",58,"22220","20","Pseudo-Word","High",1,563.37
"818",33,"2",59,"22244","44","Pseudo-Word","High",1,466.57
"818",33,"2",60,"23141","41","Consonant String","Low",1,518.76
"818",33,"2",75,"22133","33","Pseudo-Word","Low",1,479.19
"818",33,"2",76,"23103","03","Consonant String","Low",1,663.72
"818",33,"2",77,"22119","19","Pseudo-Word","Low",0,-548.91
"818",33,"2",78,"21204","04","Word","High",1,863.79
"818",33,"2",80,"22228","28","Pseudo-Word","High",1,443
"818",33,"2",81,"22117","17","Pseudo-Word","Low",0,-917.87
"818",33,"2",67,"21232","32","Word","High",1,463.08
"818",33,"2",69,"21214","14","Word","High",1,492.27
"818",33,"2",70,"21220","20","Word","High",1,564.14
"818",33,"2",71,"22236","36","Pseudo-Word","High",1,983.34
"818",33,"2",72,"22129","29","Pseudo-Word","Low",1,864.92
"818",33,"2",73,"22141","41","Pseudo-Word","Low",1,550.12
"818",33,"2",74,"23240","40","Consonant String","High",1,673.99
"818",33,"2",89,"21129","29","Word","Low",1,453.77
"818",33,"2",91,"21119","19","Word","Low",1,575.63
"818",33,"2",92,"21103","03","Word","Low",1,443.15
"818",33,"2",83,"21123","23","Word","Low",1,519.28
"818",33,"2",84,"23236","36","Consonant String","High",1,475.47
"818",33,"2",85,"21133","33","Word","Low",1,406
"818",33,"2",82,"22127","27","Pseudo-Word","Low",1,569.09
"818",33,"2",87,"22113","13","Pseudo-Word","Low",1,739.71
"818",33,"2",88,"21135","35","Word","Low",1,476.25
"818",33,"2",86,"23101","01","Consonant String","Low",0,-643.84
"819",33,"3",101,"32217","17","Pseudo-Word","High",1,761.58
"819",33,"3",79,"33116","16","Consonant String","Low",1,530.17
"819",33,"3",90,"33239","39","Consonant String","High",0,-754.71
"819",33,"3",1,"31241","41","Word","High",0,-611.56
"819",33,"3",57,"33233","33","Consonant String","High",0,-726.77
"819",33,"3",68,"33110","10","Consonant String","Low",0,-645.31
"819",33,"3",69,"32138","38","Pseudo-Word","Low",0,-826.93
"819",33,"3",70,"31114","14","Word","Low",1,912.49
"819",33,"3",71,"31144","44","Word","Low",0,-766.71
"819",33,"3",72,"33245","45","Consonant String","High",0,-883.92
"819",33,"3",73,"33118","18","Consonant String","Low",0,-787.49
"819",33,"3",74,"31134","34","Word","Low",1,1075.05
"819",33,"3",75,"33108","08","Consonant String","Low",1,898.28
"819",33,"3",76,"31227","27","Word","High",0,-1533.19
"819",33,"3",77,"33130","30","Consonant String","Low",1,785.8
"819",33,"3",78,"33134","34","Consonant String","Low",0,-1396.37
"819",33,"3",80,"33215","15","Consonant String","High",1,1061.3
"819",33,"3",81,"31126","26","Word","Low",1,1567.55
"819",33,"3",82,"31148","48","Word","Low",1,837.82
"819",33,"3",83,"33243","43","Consonant String","High",0,-1469.4
"819",33,"3",84,"33219","19","Consonant String","High",1,931.66
"819",33,"3",85,"33237","37","Consonant String","High",0,-914.22
"819",33,"3",86,"33126","26","Consonant String","Low",0,-871.46
"819",33,"3",87,"31203","03","Word","High",0,-777.67
"819",33,"3",88,"33146","46","Consonant String","Low",0,-812.22
"819",33,"3",89,"33223","23","Consonant String","High",1,757.44
"819",33,"3",91,"32134","34","Pseudo-Word","Low",0,-800.31
"819",33,"3",92,"32231","31","Pseudo-Word","High",1,928.21
"819",33,"3",93,"32235","35","Pseudo-Word","High",0,-1181.78
"819",33,"3",94,"33213","13","Consonant String","High",1,958.35
"819",33,"3",95,"31221","21","Word","High",1,985.26
"819",33,"3",96,"33112","12","Consonant String","Low",1,830.82
"819",33,"3",97,"31108","08","Word","Low",0,-1028.38
"819",33,"3",98,"33207","07","Consonant String","High",1,855.95
"819",33,"3",99,"31116","16","Word","Low",1,1120.85
"819",33,"3",100,"33217","17","Consonant String","High",1,805.08
"819",33,"3",102,"32203","03","Pseudo-Word","High",1,804.97
"819",33,"3",103,"31106","06","Word","Low",0,-1045.86
"819",33,"3",104,"32207","07","Pseudo-Word","High",1,824.76
"819",33,"3",105,"33221","21","Consonant String","High",1,927.98
"819",33,"3",106,"32120","20","Pseudo-Word","Low",0,-694.54
"819",33,"3",107,"33106","06","Consonant String","Low",1,941.4
"819",33,"3",108,"31235","35","Word","High",0,-918.97
"819",33,"3",109,"32142","42","Pseudo-Word","Low",0,-963.21
"819",33,"3",110,"32148","48","Pseudo-Word","Low",1,1003.45
"819",33,"3",111,"32245","45","Pseudo-Word","High",0,-840.35
"819",33,"3",113,"33241","41","Consonant String","High",0,-804.91
"819",33,"3",114,"31225","25","Word","High",1,705.79
"819",33,"3",115,"31124","24","Word","Low",1,629.66
"819",33,"3",116,"31243","43","Word","High",0,-664.24
"819",33,"3",117,"31120","20","Word","Low",1,698.45
"819",33,"3",118,"32209","09","Pseudo-Word","High",0,-877.33
"819",33,"3",119,"32239","39","Pseudo-Word","High",0,-907.9
"819",33,"3",120,"33124","24","Consonant String","Low",1,657.12
"819",33,"3",121,"32102","02","Pseudo-Word","Low",0,-713.98
"819",33,"3",122,"31217","17","Word","High",1,720.19
"819",33,"3",124,"31136","36","Word","Low",0,-856.41
"819",33,"3",125,"33205","05","Consonant String","High",1,806.3
"819",33,"3",126,"32140","40","Pseudo-Word","Low",0,-951.2
"819",33,"3",127,"32132","32","Pseudo-Word","Low",0,-677.08
"819",33,"3",128,"32237","37","Pseudo-Word","High",0,-1601.65
"819",33,"3",129,"31118","18","Word","Low",1,1102.59
"819",33,"3",130,"33142","42","Consonant String","Low",1,1137.5
"819",33,"3",131,"33227","27","Consonant String","High",1,1061.09
"819",33,"3",132,"33122","22","Consonant String","Low",1,939.32
"819",33,"3",133,"31233","33","Word","High",0,-846.88
"819",33,"3",135,"33114","14","Consonant String","Low",1,786.77
"819",33,"3",136,"31142","42","Word","Low",1,1016.33
"819",33,"3",137,"33211","11","Consonant String","High",1,1130.59
"819",33,"3",138,"31239","39","Word","High",1,1374.16
"819",33,"3",139,"33120","20","Consonant String","Low",1,1734.44
"819",33,"3",140,"31201","01","Word","High",0,-1228.07
"819",33,"3",141,"31209","09","Word","High",1,1114.65
"819",33,"3",142,"31229","29","Word","High",0,-1043.9
"819",33,"3",143,"32225","25","Pseudo-Word","High",0,-911.81
"819",33,"3",144,"32211","11","Pseudo-Word","High",1,1012.04
"819",33,"3",3,"32201","01","Pseudo-Word","High",0,-1331.28
"819",33,"3",4,"32114","14","Pseudo-Word","Low",1,1374.9
"819",33,"3",5,"31237","37","Word","High",1,789.14
"819",33,"3",6,"32136","36","Pseudo-Word","Low",1,1162.7
"819",33,"3",7,"32116","16","Pseudo-Word","Low",1,760.95
"819",33,"3",8,"33102","02","Consonant String","Low",1,1520.19
"819",33,"3",9,"31205","05","Word","High",1,711.44
"819",33,"3",10,"32205","05","Pseudo-Word","High",1,781.66
"819",33,"3",11,"31215","15","Word","High",0,-1118.22
"819",33,"3",12,"31247","47","Word","High",0,-1501.48
"819",33,"3",14,"31102","02","Word","Low",1,789.4
"819",33,"3",15,"32128","28","Pseudo-Word","Low",0,-1367.98
"819",33,"3",16,"31213","13","Word","High",0,-1133.24
"819",33,"3",17,"32144","44","Pseudo-Word","Low",0,-936.81
"819",33,"3",18,"31146","46","Word","Low",0,-970.37
"819",33,"3",19,"32124","24","Pseudo-Word","Low",0,-955.61
"819",33,"3",20,"32146","46","Pseudo-Word","Low",0,-941.5
"819",33,"3",21,"31130","30","Word","Low",0,-735.39
"819",33,"3",22,"31211","11","Word","High",0,-770.95
"819",33,"3",23,"32233","33","Pseudo-Word","High",0,-624.15
"819",33,"3",25,"33203","03","Consonant String","High",0,-647.36
"819",33,"3",26,"32241","41","Pseudo-Word","High",0,-588.23
"819",33,"3",27,"33148","48","Consonant String","Low",1,694.75
"819",33,"3",28,"32227","27","Pseudo-Word","High",0,-611.62
"819",33,"3",29,"33136","36","Consonant String","Low",0,-465.82
"819",33,"3",30,"32118","18","Pseudo-Word","Low",0,-964.03
"819",33,"3",31,"31110","10","Word","Low",1,796.25
"819",33,"3",32,"32229","29","Pseudo-Word","High",0,-727.14
"819",33,"3",112,"31128","28","Word","Low",0,-711.8
"819",33,"3",123,"32122","22","Pseudo-Word","Low",1,1625.04
"819",33,"3",134,"31223","23","Word","High",0,-1472.34
"819",33,"3",2,"32221","21","Pseudo-Word","High",1,857.58
"819",33,"3",13,"33144","44","Consonant String","Low",0,-1091.48
"819",33,"3",24,"33138","38","Consonant String","Low",0,-893.39
"819",33,"3",35,"31231","31","Word","High",1,1102.29
"819",33,"3",46,"32106","06","Pseudo-Word","Low",1,1086.21
"819",33,"3",52,"31207","07","Word","High",1,852.78
"819",33,"3",53,"33209","09","Consonant String","High",1,1196.68
"819",33,"3",54,"31245","45","Word","High",1,1188.6
"819",33,"3",55,"32130","30","Pseudo-Word","Low",0,-1182.19
"819",33,"3",56,"31112","12","Word","Low",1,1085.78
"819",33,"3",58,"33132","32","Consonant String","Low",1,937.35
"819",33,"3",59,"32110","10","Pseudo-Word","Low",1,977.89
"819",33,"3",60,"33235","35","Consonant String","High",0,-783.48
"819",33,"3",61,"31132","32","Word","Low",1,805.03
"819",33,"3",62,"31140","40","Word","Low",0,-860.91
"819",33,"3",63,"32215","15","Pseudo-Word","High",0,-939.14
"819",33,"3",64,"32108","08","Pseudo-Word","Low",1,871.7
"819",33,"3",65,"32104","04","Pseudo-Word","Low",1,1062.93
"819",33,"3",66,"31122","22","Word","Low",1,830.16
"819",33,"3",67,"33225","25","Consonant String","High",1,719.71
"819",33,"3",41,"32213","13","Pseudo-Word","High",1,739.21
"819",33,"3",42,"33229","29","Consonant String","High",0,-740.75
"819",33,"3",43,"33104","04","Consonant String","Low",1,687.29
"819",33,"3",44,"33128","28","Consonant String","Low",1,989.84
"819",33,"3",45,"32223","23","Pseudo-Word","High",1,609.4
"819",33,"3",47,"33231","31","Consonant String","High",1,774.61
"819",33,"3",33,"31138","38","Word","Low",0,-1407.71
"819",33,"3",34,"32243","43","Pseudo-Word","High",1,691.96
"819",33,"3",36,"31104","04","Word","Low",1,685.83
"819",33,"3",37,"33247","47","Consonant String","High",0,-714.37
"819",33,"3",38,"32247","47","Pseudo-Word","High",0,-694.58
"819",33,"3",39,"32112","12","Pseudo-Word","Low",1,674.45
"819",33,"3",40,"33140","40","Consonant String","Low",1,729.66
"819",33,"3",50,"32126","26","Pseudo-Word","Low",0,-649.9
"819",33,"3",51,"32219","19","Pseudo-Word","High",1,725.78
"819",33,"3",48,"31219","19","Word","High",1,517.81
"819",33,"3",49,"33201","01","Consonant String","High",0,-1004.02
"820",50,"4",33,"43232","32","Consonant String","High",0,-743.19
"820",50,"4",34,"41121","21","Word","Low",1,508.4
"820",50,"4",36,"42133","33","Pseudo-Word","Low",1,683.6
"820",50,"4",37,"43214","14","Consonant String","High",0,-516.47
"820",50,"4",38,"42220","20","Pseudo-Word","High",1,536.99
"820",50,"4",39,"41222","22","Word","High",0,-332.85
"820",50,"4",44,"42244","44","Pseudo-Word","High",1,480.63
"820",50,"4",45,"43123","23","Consonant String","Low",1,413.47
"820",50,"4",47,"42230","30","Pseudo-Word","High",1,480
"820",50,"4",48,"41220","20","Word","High",1,475.85
"820",50,"4",49,"43105","05","Consonant String","Low",1,713.71
"820",50,"4",50,"41216","16","Word","High",0,-412.25
"820",50,"4",51,"42131","31","Pseudo-Word","Low",1,448.77
"820",50,"4",61,"43216","16","Consonant String","High",0,-583.64
"820",50,"4",62,"42218","18","Pseudo-Word","High",1,716.51
"820",50,"4",40,"43145","45","Consonant String","Low",0,-975.71
"820",50,"4",41,"43119","19","Consonant String","Low",1,838.61
"820",50,"4",42,"43101","01","Consonant String","Low",1,664.49
"820",50,"4",43,"41204","04","Word","High",1,1313.06
"820",50,"4",82,"43109","09","Consonant String","Low",0,-704.47
"820",50,"4",83,"41131","31","Word","Low",1,698.68
"820",50,"4",84,"43137","37","Consonant String","Low",1,558.9
"820",50,"4",85,"42202","02","Pseudo-Word","High",1,1386.45
"820",50,"4",86,"42123","23","Pseudo-Word","Low",1,755.37
"820",50,"4",87,"42210","10","Pseudo-Word","High",0,-713.58
"820",50,"4",88,"41123","23","Word","Low",1,557.12
"820",50,"4",89,"43206","06","Consonant String","High",1,895.33
"820",50,"4",91,"43117","17","Consonant String","Low",1,839.54
"820",50,"4",92,"42216","16","Pseudo-Word","High",1,808.43
"820",50,"4",93,"43115","15","Consonant String","Low",1,792.65
"820",50,"4",94,"41238","38","Word","High",1,514.86
"820",50,"4",95,"43139","39","Consonant String","Low",0,-535.39
"820",50,"4",96,"41111","11","Word","Low",1,567.25
"820",50,"4",97,"41129","29","Word","Low",1,484.77
"820",50,"4",98,"42121","21","Pseudo-Word","Low",1,645.64
"820",50,"4",99,"41125","25","Word","Low",1,523.84
"820",50,"4",100,"41101","01","Word","Low",1,597.37
"820",50,"4",102,"42115","15","Pseudo-Word","Low",1,896.58
"820",50,"4",103,"41141","41","Word","Low",1,544.79
"820",50,"4",104,"42117","17","Pseudo-Word","Low",1,654.99
"820",50,"4",105,"41242","42","Word","High",1,558.19
"820",50,"4",106,"43125","25","Consonant String","Low",1,741.38
"820",50,"4",63,"42125","25","Pseudo-Word","Low",1,461.04
"820",50,"4",64,"42143","43","Pseudo-Word","Low",1,632.57
"820",50,"4",65,"42236","36","Pseudo-Word","High",0,-668.44
"820",50,"4",66,"42240","40","Pseudo-Word","High",1,529.97
"820",50,"4",67,"43238","38","Consonant String","High",0,-591.84
"820",50,"4",69,"42208","08","Pseudo-Word","High",0,-553.04
"820",50,"4",70,"41103","03","Word","Low",1,509.22
"820",50,"4",71,"41135","35","Word","Low",1,584.76
"820",50,"4",72,"41137","37","Word","Low",1,537.62
"820",50,"4",73,"43224","24","Consonant String","High",1,607.48
"820",50,"4",74,"42145","45","Pseudo-Word","Low",1,583.69
"820",50,"4",75,"41208","08","Word","High",1,806.55
"820",50,"4",76,"42214","14","Pseudo-Word","High",1,680.76
"820",50,"4",77,"42135","35","Pseudo-Word","Low",1,705.64
"820",50,"4",78,"41236","36","Word","High",1,580.84
"820",50,"4",80,"43121","21","Consonant String","Low",0,-743.72
"820",50,"4",81,"41212","12","Word","High",1,721.94
"820",50,"4",126,"43248","48","Consonant String","High",0,-624.78
"820",50,"4",127,"43133","33","Consonant String","Low",1,1125.33
"820",50,"4",128,"42147","47","Pseudo-Word","Low",1,576.23
"820",50,"4",129,"43234","34","Consonant String","High",1,537.09
"820",50,"4",130,"41248","48","Word","High",1,490.95
"820",50,"4",131,"43244","44","Consonant String","High",1,608.8
"820",50,"4",132,"42119","19","Pseudo-Word","Low",1,473.32
"820",50,"4",133,"43147","47","Consonant String","Low",1,442.84
"820",50,"4",135,"41224","24","Word","High",1,706.71
"820",50,"4",136,"43129","29","Consonant String","Low",0,-618.92
"820",50,"4",137,"43242","42","Consonant String","High",1,666.46
"820",50,"4",138,"43226","26","Consonant String","High",0,-680
"820",50,"4",139,"42238","38","Pseudo-Word","High",0,-811.87
"820",50,"4",140,"41202","02","Word","High",1,605.43
"820",50,"4",141,"42222","22","Pseudo-Word","High",0,-1146.64
"820",50,"4",142,"43210","10","Consonant String","High",1,960.89
"820",50,"4",143,"42103","03","Pseudo-Word","Low",1,509.43
"820",50,"4",144,"42224","24","Pseudo-Word","High",1,525.97
"820",50,"4",3,"42105","05","Pseudo-Word","Low",1,573.83
"820",50,"4",4,"41218","18","Word","High",1,617.36
"820",50,"4",5,"43135","35","Consonant String","Low",1,760.89
"820",50,"4",6,"42137","37","Pseudo-Word","Low",1,677.45
"820",50,"4",7,"43222","22","Consonant String","High",1,805.32
"820",50,"4",107,"41206","06","Word","High",1,519.6
"820",50,"4",108,"43143","43","Consonant String","Low",0,-610.12
"820",50,"4",109,"41113","13","Word","Low",1,641.66
"820",50,"4",110,"43202","02","Consonant String","High",1,821.87
"820",50,"4",111,"42113","13","Pseudo-Word","Low",1,599.42
"820",50,"4",113,"43230","30","Consonant String","High",0,-1196.64
"820",50,"4",114,"42206","06","Pseudo-Word","High",1,705.88
"820",50,"4",115,"41214","14","Word","High",1,964.1
"820",50,"4",116,"41147","47","Word","Low",1,576.28
"820",50,"4",117,"41107","07","Word","Low",1,565.14
"820",50,"4",118,"41109","09","Word","Low",1,547.68
"820",50,"4",119,"43246","46","Consonant String","High",0,-777.88
"820",50,"4",120,"41210","10","Word","High",1,568.76
"820",50,"4",121,"42228","28","Pseudo-Word","High",1,509.28
"820",50,"4",122,"42246","46","Pseudo-Word","High",1,962.83
"820",50,"4",124,"43220","20","Consonant String","High",0,-646.38
"820",50,"4",125,"41246","46","Word","High",1,492.59
"820",50,"4",1,"43127","27","Consonant String","Low",1,799.08
"820",50,"4",57,"42232","32","Pseudo-Word","High",0,-864.3
"820",50,"4",68,"42226","26","Pseudo-Word","High",1,834.85
"820",50,"4",79,"43111","11","Consonant String","Low",1,1195.76
"820",50,"4",90,"42212","12","Pseudo-Word","High",1,922
"820",50,"4",101,"43113","13","Consonant String","Low",1,2110.61
"820",50,"4",112,"41117","17","Word","Low",1,700.24
"820",50,"4",123,"43131","31","Consonant String","Low",1,787.44
"820",50,"4",134,"43236","36","Consonant String","High",0,-563.32
"820",50,"4",2,"43107","07","Consonant String","Low",1,731.86
"820",50,"4",13,"43240","40","Consonant String","High",0,-1744.78
"820",50,"4",24,"41133","33","Word","Low",1,643.05
"820",50,"4",35,"42139","39","Pseudo-Word","Low",1,777.25
"820",50,"4",46,"43141","41","Consonant String","Low",1,848.14
"820",50,"4",52,"42107","07","Pseudo-Word","Low",1,612.36
"820",50,"4",53,"41234","34","Word","High",1,591.89
"820",50,"4",54,"41230","30","Word","High",1,644.09
"820",50,"4",55,"41143","43","Word","Low",0,-930.31
"820",50,"4",56,"41240","40","Word","High",1,471.18
"820",50,"4",58,"43204","04","Consonant String","High",1,856.72
"820",50,"4",59,"41244","44","Word","High",1,465.92
"820",50,"4",60,"41139","39","Word","Low",1,450.45
"820",50,"4",20,"43228","28","Consonant String","High",0,-942.48
"820",50,"4",21,"43208","08","Consonant String","High",1,637.71
"820",50,"4",8,"42111","11","Pseudo-Word","Low",1,627.54
"820",50,"4",9,"41119","19","Word","Low",1,510.4
"820",50,"4",10,"41145","45","Word","Low",1,558.93
"820",50,"4",11,"41226","26","Word","High",1,571.45
"820",50,"4",12,"41115","15","Word","Low",1,441.98
"820",50,"4",14,"42234","34","Pseudo-Word","High",1,874.19
"820",50,"4",15,"42109","09","Pseudo-Word","Low",1,606.73
"820",50,"4",16,"42248","48","Pseudo-Word","High",1,511.93
"820",50,"4",17,"42101","01","Pseudo-Word","Low",0,-1525.49
"820",50,"4",18,"41127","27","Word","Low",1,554.4
"820",50,"4",19,"43212","12","Consonant String","High",1,583.61
"820",50,"4",25,"42141","41","Pseudo-Word","Low",1,973.31
"820",50,"4",26,"42242","42","Pseudo-Word","High",1,722.88
"820",50,"4",22,"43103","03","Consonant String","Low",1,611.57
"820",50,"4",23,"42129","29","Pseudo-Word","Low",1,605.11
"820",50,"4",29,"41105","05","Word","Low",1,406.8
"820",50,"4",30,"42127","27","Pseudo-Word","Low",1,367.97
"820",50,"4",27,"42204","04","Pseudo-Word","High",1,492.41
"820",50,"4",28,"43218","18","Consonant String","High",0,-554.61
"820",50,"4",31,"41232","32","Word","High",1,420.48
"820",50,"4",32,"41228","28","Word","High",1,453
"821",50,"1",1,"12122","22","Pseudo-Word","Low",1,1152.8
"821",50,"1",57,"11231","31","Word","High",1,668.02
"821",50,"1",64,"11144","44","Word","Low",1,1329.41
"821",50,"1",65,"11209","09","Word","High",1,710.33
"821",50,"1",66,"13114","14","Consonant String","Low",1,1449.9
"821",50,"1",67,"11227","27","Word","High",1,1302.17
"821",50,"1",69,"12148","48","Pseudo-Word","Low",1,1441.45
"821",50,"1",70,"13142","42","Consonant String","Low",0,-2250.76
"821",50,"1",71,"11104","04","Word","Low",0,-623.05
"821",50,"1",72,"11106","06","Word","Low",1,900.6
"821",50,"1",73,"12136","36","Pseudo-Word","Low",1,728.81
"821",50,"1",74,"11237","37","Word","High",1,1682.73
"821",50,"1",75,"12203","03","Pseudo-Word","High",0,-1911.71
"821",50,"1",76,"12116","16","Pseudo-Word","Low",1,1484.36
"821",50,"1",77,"12219","19","Pseudo-Word","High",1,1167.29
"821",50,"1",78,"11136","36","Word","Low",1,934.87
"821",50,"1",80,"11108","08","Word","Low",1,1904.81
"821",50,"1",81,"11114","14","Word","Low",1,1266.11
"821",50,"1",82,"13213","13","Consonant String","High",1,1563.71
"821",50,"1",68,"13219","19","Consonant String","High",1,1107.58
"821",50,"1",79,"13134","34","Consonant String","Low",0,-1142.83
"821",50,"1",90,"13225","25","Consonant String","High",1,1106.08
"821",50,"1",101,"11132","32","Word","Low",1,867.32
"821",50,"1",112,"11128","28","Word","Low",1,813.87
"821",50,"1",123,"11102","02","Word","Low",1,1018.44
"821",50,"1",134,"12237","37","Pseudo-Word","High",1,1756.03
"821",50,"1",2,"13207","07","Consonant String","High",0,-1488.34
"821",50,"1",13,"12102","02","Pseudo-Word","Low",1,777.26
"821",50,"1",24,"13138","38","Consonant String","Low",1,1051.15
"821",50,"1",35,"11148","48","Word","Low",1,728.38
"821",50,"1",46,"12138","38","Pseudo-Word","Low",1,1280.28
"821",50,"1",52,"13128","28","Consonant String","Low",1,1944.24
"821",50,"1",53,"12213","13","Pseudo-Word","High",1,1197.54
"821",50,"1",54,"13231","31","Consonant String","High",1,1010.79
"821",50,"1",55,"13118","18","Consonant String","Low",1,1179.37
"821",50,"1",56,"11134","34","Word","Low",1,1106.29
"821",50,"1",58,"11138","38","Word","Low",1,678.52
"821",50,"1",59,"13205","05","Consonant String","High",1,1338.42
"821",50,"1",60,"13126","26","Consonant String","Low",0,-1320.36
"821",50,"1",61,"12124","24","Pseudo-Word","Low",0,-1391.95
"821",50,"1",62,"11245","45","Word","High",1,1586.24
"821",50,"1",63,"11110","10","Word","Low",1,905.17
"821",50,"1",108,"12233","33","Pseudo-Word","High",1,1209.39
"821",50,"1",109,"12126","26","Pseudo-Word","Low",1,2112
"821",50,"1",110,"13229","29","Consonant String","High",1,1903.69
"821",50,"1",111,"12207","07","Pseudo-Word","High",1,1030.98
"821",50,"1",113,"11239","39","Word","High",1,1202.89
"821",50,"1",114,"12130","30","Pseudo-Word","Low",1,1446.15
"821",50,"1",115,"12114","14","Pseudo-Word","Low",1,856.42
"821",50,"1",116,"13110","10","Consonant String","Low",1,1098.31
"821",50,"1",117,"13120","20","Consonant String","Low",0,-1261.56
"821",50,"1",118,"13227","27","Consonant String","High",1,1468.17
"821",50,"1",119,"12225","25","Pseudo-Word","High",0,-2012.8
"821",50,"1",120,"11243","43","Word","High",1,927.42
"821",50,"1",121,"11213","13","Word","High",1,903.33
"821",50,"1",122,"13209","09","Consonant String","High",1,1279.57
"821",50,"1",124,"11124","24","Word","Low",1,983.49
"821",50,"1",125,"13136","36","Consonant String","Low",1,1139.4
"821",50,"1",126,"11120","20","Word","Low",1,897.3
"821",50,"1",83,"12217","17","Pseudo-Word","High",1,1052.32
"821",50,"1",84,"11223","23","Word","High",1,937.55
"821",50,"1",85,"12120","20","Pseudo-Word","Low",1,1535.47
"821",50,"1",86,"12132","32","Pseudo-Word","Low",1,960.41
"821",50,"1",87,"12104","04","Pseudo-Word","Low",1,1400.99
"821",50,"1",88,"11118","18","Word","Low",1,1051.25
"821",50,"1",89,"12106","06","Pseudo-Word","Low",1,1054.5
"821",50,"1",91,"12239","39","Pseudo-Word","High",1,785.72
"821",50,"1",92,"13203","03","Consonant String","High",1,1358.62
"821",50,"1",93,"12229","29","Pseudo-Word","High",0,-1675.91
"821",50,"1",94,"13146","46","Consonant String","Low",0,-1093.86
"821",50,"1",95,"12205","05","Pseudo-Word","High",1,1208.12
"821",50,"1",96,"12223","23","Pseudo-Word","High",1,1090.36
"821",50,"1",97,"12211","11","Pseudo-Word","High",1,1397.29
"821",50,"1",98,"13132","32","Consonant String","Low",1,1237.56
"821",50,"1",99,"13223","23","Consonant String","High",1,839.47
"821",50,"1",100,"12112","12","Pseudo-Word","Low",1,882.37
"821",50,"1",102,"11112","12","Word","Low",1,851.25
"821",50,"1",103,"11211","11","Word","High",1,914.48
"821",50,"1",104,"11235","35","Word","High",1,1065.05
"821",50,"1",105,"12235","35","Pseudo-Word","High",1,1340.63
"821",50,"1",106,"13140","40","Consonant String","Low",1,1366.57
"821",50,"1",107,"11130","30","Word","Low",1,853.16
"821",50,"1",9,"12146","46","Pseudo-Word","Low",1,946.49
"821",50,"1",10,"11146","46","Word","Low",1,1057.73
"821",50,"1",11,"11201","01","Word","High",1,1111.3
"821",50,"1",12,"11241","41","Word","High",1,879.88
"821",50,"1",14,"11219","19","Word","High",1,703.77
"821",50,"1",15,"11247","47","Word","High",1,747.98
"821",50,"1",16,"11225","25","Word","High",1,761.19
"821",50,"1",17,"13122","22","Consonant String","Low",1,1906.78
"821",50,"1",18,"11215","15","Word","High",1,601.06
"821",50,"1",19,"13102","02","Consonant String","Low",1,1503.29
"821",50,"1",20,"12241","41","Pseudo-Word","High",1,761.55
"821",50,"1",21,"13237","37","Consonant String","High",1,939.1
"821",50,"1",22,"12118","18","Pseudo-Word","Low",1,1204.01
"821",50,"1",23,"12142","42","Pseudo-Word","Low",1,1029.26
"821",50,"1",25,"13233","33","Consonant String","High",1,966.17
"821",50,"1",26,"11229","29","Word","High",1,1394.75
"821",50,"1",27,"11203","03","Word","High",1,1849.04
"821",50,"1",28,"11205","05","Word","High",1,933.33
"821",50,"1",29,"13116","16","Consonant String","Low",1,1292.24
"821",50,"1",30,"12247","47","Pseudo-Word","High",1,685.48
"821",50,"1",31,"13148","48","Consonant String","Low",1,1798.39
"821",50,"1",32,"12227","27","Pseudo-Word","High",1,1103.69
"821",50,"1",33,"12221","21","Pseudo-Word","High",1,2078.97
"821",50,"1",34,"12144","44","Pseudo-Word","Low",1,894.92
"821",50,"1",36,"12134","34","Pseudo-Word","Low",1,1097.17
"821",50,"1",37,"13215","15","Consonant String","High",0,-1330.42
"821",50,"1",38,"11126","26","Word","Low",1,601.33
"821",50,"1",39,"13245","45","Consonant String","High",1,1106.55
"821",50,"1",40,"13106","06","Consonant String","Low",1,1241.79
"821",50,"1",41,"13124","24","Consonant String","Low",1,1017.06
"821",50,"1",42,"12110","10","Pseudo-Word","Low",1,1425.64
"821",50,"1",43,"13239","39","Consonant String","High",1,1030.57
"821",50,"1",44,"13247","47","Consonant String","High",1,1371.49
"821",50,"1",45,"12209","09","Pseudo-Word","High",0,-2021.12
"821",50,"1",47,"13235","35","Consonant String","High",1,1033.75
"821",50,"1",48,"11233","33","Word","High",1,687.64
"821",50,"1",49,"12108","08","Pseudo-Word","Low",1,1775.56
"821",50,"1",50,"13201","01","Consonant String","High",0,-1490.52
"821",50,"1",51,"12243","43","Pseudo-Word","High",1,1173.46
"821",50,"1",7,"13112","12","Consonant String","Low",1,717.7
"821",50,"1",8,"13243","43","Consonant String","High",1,1007.25
"821",50,"1",137,"11207","07","Word","High",1,1010.94
"821",50,"1",138,"11217","17","Word","High",0,-1268.52
"821",50,"1",139,"11140","40","Word","Low",1,781.1
"821",50,"1",140,"12128","28","Pseudo-Word","Low",1,736.99
"821",50,"1",127,"13211","11","Consonant String","High",1,1706.56
"821",50,"1",128,"12201","01","Pseudo-Word","High",1,2365.89
"821",50,"1",129,"13104","04","Consonant String","Low",1,982.54
"821",50,"1",130,"13144","44","Consonant String","Low",1,1115.45
"821",50,"1",131,"13221","21","Consonant String","High",1,1746.06
"821",50,"1",132,"12231","31","Pseudo-Word","High",1,891.33
"821",50,"1",133,"11142","42","Word","Low",1,886.55
"821",50,"1",135,"12140","40","Pseudo-Word","Low",1,920.45
"821",50,"1",136,"13241","41","Consonant String","High",0,-1181.02
"821",50,"1",141,"11122","22","Word","Low",1,677.86
"821",50,"1",142,"11221","21","Word","High",1,875.73
"821",50,"1",143,"13108","08","Consonant String","Low",0,-1897.67
"821",50,"1",144,"13130","30","Consonant String","Low",1,2743.02
"821",50,"1",3,"11116","16","Word","Low",1,1308.39
"821",50,"1",4,"12245","45","Pseudo-Word","High",1,1086.63
"821",50,"1",5,"13217","17","Consonant String","High",1,1480.56
"821",50,"1",6,"12215","15","Pseudo-Word","High",0,-855.48
"822",50,"2",68,"23220","20","Consonant String","High",1,741.5
"822",50,"2",79,"22103","03","Pseudo-Word","Low",1,727.71
"822",50,"2",90,"22129","29","Pseudo-Word","Low",0,-901.58
"822",50,"2",101,"21212","12","Word","High",1,746.81
"822",50,"2",52,"21246","46","Word","High",0,-830.41
"822",50,"2",53,"23107","07","Consonant String","Low",1,675.3
"822",50,"2",54,"21139","39","Word","Low",0,-870.18
"822",50,"2",55,"22105","05","Pseudo-Word","Low",0,-1127.74
"822",50,"2",56,"21216","16","Word","High",1,726.65
"822",50,"2",112,"22222","22","Pseudo-Word","High",1,1467.06
"822",50,"2",123,"22111","11","Pseudo-Word","Low",1,1417.66
"822",50,"2",134,"23218","18","Consonant String","High",0,-1355.28
"822",50,"2",2,"21232","32","Word","High",1,788.52
"822",50,"2",13,"23137","37","Consonant String","Low",0,-950.41
"822",50,"2",24,"22246","46","Pseudo-Word","High",1,1430.67
"822",50,"2",35,"22119","19","Pseudo-Word","Low",1,720.58
"822",50,"2",46,"23240","40","Consonant String","High",0,-1504.15
"822",50,"2",1,"23244","44","Consonant String","High",1,777.73
"822",50,"2",57,"23202","02","Consonant String","High",1,786.62
"822",50,"2",83,"22121","21","Pseudo-Word","Low",1,628.12
"822",50,"2",84,"22133","33","Pseudo-Word","Low",0,-1111.01
"822",50,"2",85,"21204","04","Word","High",1,709.57
"822",50,"2",86,"22208","08","Pseudo-Word","High",1,745.12
"822",50,"2",87,"22101","01","Pseudo-Word","Low",1,1720.36
"822",50,"2",88,"22244","44","Pseudo-Word","High",0,-536.96
"822",50,"2",89,"23115","15","Consonant String","Low",0,-1244.84
"822",50,"2",91,"21222","22","Word","High",1,689.1
"822",50,"2",92,"23208","08","Consonant String","High",1,739.97
"822",50,"2",93,"23145","45","Consonant String","Low",0,-677.84
"822",50,"2",94,"23224","24","Consonant String","High",0,-827.71
"822",50,"2",95,"21206","06","Word","High",1,576.59
"822",50,"2",96,"22125","25","Pseudo-Word","Low",1,988.47
"822",50,"2",97,"22127","27","Pseudo-Word","Low",0,-652.36
"822",50,"2",98,"21147","47","Word","Low",0,-916.58
"822",50,"2",99,"23248","48","Consonant String","High",1,632.14
"822",50,"2",100,"23230","30","Consonant String","High",0,-572
"822",50,"2",58,"21214","14","Word","High",1,597.52
"822",50,"2",59,"23238","38","Consonant String","High",1,1029.74
"822",50,"2",60,"21238","38","Word","High",0,-594.63
"822",50,"2",61,"23135","35","Consonant String","Low",0,-604.83
"822",50,"2",62,"23111","11","Consonant String","Low",1,469.02
"822",50,"2",63,"22224","24","Pseudo-Word","High",0,-1086.56
"822",50,"2",64,"21125","25","Word","Low",1,915.47
"822",50,"2",65,"21117","17","Word","Low",1,584.02
"822",50,"2",66,"22147","47","Pseudo-Word","Low",1,823.89
"822",50,"2",67,"21123","23","Word","Low",1,542.44
"822",50,"2",69,"21121","21","Word","Low",1,529.63
"822",50,"2",70,"21242","42","Word","High",0,-696.5
"822",50,"2",71,"22109","09","Pseudo-Word","Low",1,546.71
"822",50,"2",72,"23206","06","Consonant String","High",1,848.89
"822",50,"2",73,"22228","28","Pseudo-Word","High",1,972.13
"822",50,"2",74,"23141","41","Consonant String","Low",1,870.7
"822",50,"2",75,"21234","34","Word","High",1,648.25
"822",50,"2",76,"22238","38","Pseudo-Word","High",0,-723.45
"822",50,"2",77,"21119","19","Word","Low",1,768
"822",50,"2",78,"22232","32","Pseudo-Word","High",0,-959.56
"822",50,"2",80,"23105","05","Consonant String","Low",1,743.11
"822",50,"2",81,"22139","39","Pseudo-Word","Low",0,-974.33
"822",50,"2",82,"22135","35","Pseudo-Word","Low",1,845.91
"822",50,"2",125,"21244","44","Word","High",1,690.2
"822",50,"2",126,"21220","20","Word","High",1,672.08
"822",50,"2",127,"21224","24","Word","High",1,764.62
"822",50,"2",128,"23127","27","Consonant String","Low",1,966.17
"822",50,"2",129,"21115","15","Word","Low",1,459.72
"822",50,"2",130,"22202","02","Pseudo-Word","High",1,964.26
"822",50,"2",131,"22220","20","Pseudo-Word","High",1,587.82
"822",50,"2",132,"21113","13","Word","Low",1,811.7
"822",50,"2",133,"21236","36","Word","High",0,-978.25
"822",50,"2",135,"22210","10","Pseudo-Word","High",1,784.14
"822",50,"2",136,"21103","03","Word","Low",1,525.01
"822",50,"2",137,"22123","23","Pseudo-Word","Low",1,462.54
"822",50,"2",138,"23103","03","Consonant String","Low",0,-767.06
"822",50,"2",139,"23204","04","Consonant String","High",1,797.62
"822",50,"2",140,"23228","28","Consonant String","High",1,756.83
"822",50,"2",141,"21218","18","Word","High",1,582.04
"822",50,"2",142,"22206","06","Pseudo-Word","High",1,741.91
"822",50,"2",143,"21135","35","Word","Low",0,-688.13
"822",50,"2",144,"23109","09","Consonant String","Low",1,640.99
"822",50,"2",3,"23147","47","Consonant String","Low",0,-459.86
"822",50,"2",4,"21131","31","Word","Low",0,-466.38
"822",50,"2",5,"22117","17","Pseudo-Word","Low",1,575.9
"822",50,"2",6,"23125","25","Consonant String","Low",1,465.77
"822",50,"2",7,"21240","40","Word","High",0,-600.3
"822",50,"2",8,"23117","17","Consonant String","Low",1,626.48
"822",50,"2",9,"21137","37","Word","Low",1,558.35
"822",50,"2",10,"22216","16","Pseudo-Word","High",1,472.54
"822",50,"2",11,"23232","32","Consonant String","High",1,455.06
"822",50,"2",12,"22145","45","Pseudo-Word","Low",1,666.26
"822",50,"2",14,"21127","27","Word","Low",1,470.79
"822",50,"2",15,"22131","31","Pseudo-Word","Low",1,809.32
"822",50,"2",16,"21145","45","Word","Low",1,551.87
"822",50,"2",17,"22141","41","Pseudo-Word","Low",0,-559.07
"822",50,"2",18,"22234","34","Pseudo-Word","High",1,471.59
"822",50,"2",19,"22212","12","Pseudo-Word","High",1,706.12
"822",50,"2",20,"22107","07","Pseudo-Word","Low",1,555.32
"822",50,"2",21,"22137","37","Pseudo-Word","Low",1,435.51
"822",50,"2",22,"23246","46","Consonant String","High",0,-594.36
"822",50,"2",23,"21109","09","Word","Low",0,-465.56
"822",50,"2",25,"23236","36","Consonant String","High",1,774.09
"822",50,"2",26,"23143","43","Consonant String","Low",1,718.63
"822",50,"2",27,"23113","13","Consonant String","Low",0,-1012.2
"822",50,"2",28,"21141","41","Word","Low",0,-1148.77
"822",50,"2",29,"21210","10","Word","High",1,894.01
"822",50,"2",30,"22248","48","Pseudo-Word","High",1,491.22
"822",50,"2",31,"23242","42","Consonant String","High",0,-596.41
"822",50,"2",32,"22242","42","Pseudo-Word","High",0,-1166.63
"822",50,"2",33,"23214","14","Consonant String","High",0,-1266.23
"822",50,"2",34,"21133","33","Word","Low",0,-1204.82
"822",50,"2",36,"23216","16","Consonant String","High",1,593.06
"822",50,"2",37,"23119","19","Consonant String","Low",0,-878.27
"822",50,"2",38,"21202","02","Word","High",1,1004.16
"822",50,"2",39,"23123","23","Consonant String","Low",1,817.39
"822",50,"2",40,"23101","01","Consonant String","Low",0,-858.95
"822",50,"2",41,"21230","30","Word","High",1,604.49
"822",50,"2",42,"22214","14","Pseudo-Word","High",1,765.71
"822",50,"2",43,"23139","39","Consonant String","Low",1,635.24
"822",50,"2",44,"23212","12","Consonant String","High",0,-666.11
"822",50,"2",45,"22240","40","Pseudo-Word","High",0,-500.65
"822",50,"2",47,"23121","21","Consonant String","Low",0,-588.84
"822",50,"2",48,"21129","29","Word","Low",1,745.72
"822",50,"2",49,"21226","26","Word","High",1,823.93
"822",50,"2",50,"23234","34","Consonant String","High",0,-790.48
"822",50,"2",51,"22204","04","Pseudo-Word","High",1,1068.38
"822",50,"2",106,"22218","18","Pseudo-Word","High",1,749.74
"822",50,"2",107,"23222","22","Consonant String","High",1,633.95
"822",50,"2",108,"21105","05","Word","Low",1,537.82
"822",50,"2",109,"22236","36","Pseudo-Word","High",1,1086.7
"822",50,"2",110,"21107","07","Word","Low",1,543.59
"822",50,"2",111,"23131","31","Consonant String","Low",0,-761.79
"822",50,"2",113,"21248","48","Word","High",1,810.34
"822",50,"2",114,"21101","01","Word","Low",1,767.9
"822",50,"2",115,"22226","26","Pseudo-Word","High",1,758.44
"822",50,"2",116,"22230","30","Pseudo-Word","High",0,-484.89
"822",50,"2",117,"23210","10","Consonant String","High",1,438.73
"822",50,"2",118,"21228","28","Word","High",1,633.59
"822",50,"2",119,"21208","08","Word","High",1,595.46
"822",50,"2",120,"23226","26","Consonant String","High",1,1003.67
"822",50,"2",121,"23129","29","Consonant String","Low",0,-687.9
"822",50,"2",122,"22113","13","Pseudo-Word","Low",1,671.78
"822",50,"2",124,"21143","43","Word","Low",1,780.32
"822",50,"2",104,"21111","11","Word","Low",1,618.62
"822",50,"2",105,"22143","43","Pseudo-Word","Low",1,1123.17
"822",50,"2",102,"22115","15","Pseudo-Word","Low",1,528.53
"822",50,"2",103,"23133","33","Consonant String","Low",1,893.4
"823",50,"3",48,"31104","04","Word","Low",1,614.43
"823",50,"3",49,"31221","21","Word","High",1,484.96
"823",50,"3",50,"33118","18","Consonant String","Low",0,-1252.84
"823",50,"3",51,"31209","09","Word","High",1,500.07
"823",50,"3",60,"33144","44","Consonant String","Low",1,1088.11
"823",50,"3",61,"33142","42","Consonant String","Low",0,-970.02
"823",50,"3",66,"32229","29","Pseudo-Word","High",1,894.09
"823",50,"3",67,"31144","44","Word","Low",1,710.32
"823",50,"3",69,"31118","18","Word","Low",1,540.85
"823",50,"3",70,"33140","40","Consonant String","Low",0,-978.74
"823",50,"3",71,"31124","24","Word","Low",1,635.62
"823",50,"3",72,"32217","17","Pseudo-Word","High",1,1100.5
"823",50,"3",73,"32120","20","Pseudo-Word","Low",1,888.75
"823",50,"3",74,"33241","41","Consonant String","High",1,783.63
"823",50,"3",75,"33219","19","Consonant String","High",1,887.52
"823",50,"3",62,"31225","25","Word","High",1,599.57
"823",50,"3",63,"32142","42","Pseudo-Word","Low",1,721.78
"823",50,"3",64,"31136","36","Word","Low",1,702.32
"823",50,"3",65,"32227","27","Pseudo-Word","High",1,919.53
"823",50,"3",29,"31112","12","Word","Low",1,436.57
"823",50,"3",30,"31142","42","Word","Low",1,509.42
"823",50,"3",31,"32233","33","Pseudo-Word","High",1,566.95
"823",50,"3",32,"31233","33","Word","High",1,452.48
"823",50,"3",33,"33104","04","Consonant String","Low",1,643.66
"823",50,"3",34,"33110","10","Consonant String","Low",1,481.86
"823",50,"3",36,"32132","32","Pseudo-Word","Low",1,527.73
"823",50,"3",37,"33102","02","Consonant String","Low",1,1417.61
"823",50,"3",38,"33126","26","Consonant String","Low",1,1527.23
"823",50,"3",39,"33247","47","Consonant String","High",1,885.16
"823",50,"3",40,"31116","16","Word","Low",1,710.04
"823",50,"3",41,"31126","26","Word","Low",1,527.59
"823",50,"3",42,"33245","45","Consonant String","High",1,521.45
"823",50,"3",43,"32116","16","Pseudo-Word","Low",1,707.97
"823",50,"3",44,"31241","41","Word","High",1,607.51
"823",50,"3",45,"31122","22","Word","Low",1,530.72
"823",50,"3",47,"32108","08","Pseudo-Word","Low",1,527.57
"823",50,"3",102,"33120","20","Consonant String","Low",1,844.83
"823",50,"3",103,"32231","31","Pseudo-Word","High",1,742.05
"823",50,"3",104,"33243","43","Consonant String","High",1,863.27
"823",50,"3",105,"31132","32","Word","Low",1,696.82
"823",50,"3",106,"31243","43","Word","High",1,472.02
"823",50,"3",107,"33201","01","Consonant String","High",1,580.54
"823",50,"3",108,"31207","07","Word","High",1,654.4
"823",50,"3",109,"31128","28","Word","Low",1,702.62
"823",50,"3",110,"32207","07","Pseudo-Word","High",1,600.82
"823",50,"3",111,"32237","37","Pseudo-Word","High",1,454.01
"823",50,"3",113,"31217","17","Word","High",1,619.2
"823",50,"3",114,"32140","40","Pseudo-Word","Low",1,553.73
"823",50,"3",115,"32134","34","Pseudo-Word","Low",1,608.93
"823",50,"3",116,"33124","24","Consonant String","Low",0,-375.26
"823",50,"3",117,"31203","03","Word","High",1,495.11
"823",50,"3",118,"33233","33","Consonant String","High",1,464.29
"823",50,"3",119,"32130","30","Pseudo-Word","Low",1,554.81
"823",50,"3",120,"32245","45","Pseudo-Word","High",1,811.01
"823",50,"3",121,"33231","31","Consonant String","High",1,615.57
"823",50,"3",122,"32225","25","Pseudo-Word","High",0,-768.11
"823",50,"3",124,"31114","14","Word","Low",1,646.65
"823",50,"3",125,"33213","13","Consonant String","High",0,-621.85
"823",50,"3",126,"33229","29","Consonant String","High",1,827.39
"823",50,"3",127,"31223","23","Word","High",1,519.27
"823",50,"3",128,"32215","15","Pseudo-Word","High",1,639.8
"823",50,"3",129,"31247","47","Word","High",1,465.66
"823",50,"3",130,"31146","46","Word","Low",1,454.18
"823",50,"3",131,"31235","35","Word","High",1,547.37
"823",50,"3",132,"31102","02","Word","Low",1,524.23
"823",50,"3",133,"32102","02","Pseudo-Word","Low",1,536.76
"823",50,"3",135,"33114","14","Consonant String","Low",0,-646.95
"823",50,"3",136,"32203","03","Pseudo-Word","High",1,560.16
"823",50,"3",137,"33108","08","Consonant String","Low",1,578.69
"823",50,"3",138,"33132","32","Consonant String","Low",1,517.55
"823",50,"3",139,"31205","05","Word","High",1,492.07
"823",50,"3",140,"33138","38","Consonant String","Low",0,-585.27
"823",50,"3",141,"33116","16","Consonant String","Low",0,-489.13
"823",50,"3",142,"32239","39","Pseudo-Word","High",0,-621.99
"823",50,"3",143,"32146","46","Pseudo-Word","Low",1,860.53
"823",50,"3",144,"32118","18","Pseudo-Word","Low",1,1015.09
"823",50,"3",3,"32201","01","Pseudo-Word","High",1,1112.68
"823",50,"3",4,"32128","28","Pseudo-Word","Low",1,612.24
"823",50,"3",5,"33211","11","Consonant String","High",1,748.78
"823",50,"3",6,"31148","48","Word","Low",1,629.99
"823",50,"3",7,"31219","19","Word","High",1,649.85
"823",50,"3",8,"32114","14","Pseudo-Word","Low",1,755.06
"823",50,"3",9,"33205","05","Consonant String","High",0,-1048.28
"823",50,"3",10,"33225","25","Consonant String","High",1,1326.54
"823",50,"3",11,"33146","46","Consonant String","Low",0,-1197.47
"823",50,"3",12,"31213","13","Word","High",1,683.71
"823",50,"3",14,"33203","03","Consonant String","High",0,-713.58
"823",50,"3",15,"31229","29","Word","High",1,907.12
"823",50,"3",16,"32211","11","Pseudo-Word","High",1,982.35
"823",50,"3",17,"31138","38","Word","Low",1,629.24
"823",50,"3",18,"32104","04","Pseudo-Word","Low",1,927.14
"823",50,"3",19,"33227","27","Consonant String","High",1,659.03
"823",50,"3",20,"31106","06","Word","Low",1,652.56
"823",50,"3",21,"33239","39","Consonant String","High",1,885.77
"823",50,"3",22,"32235","35","Pseudo-Word","High",1,659.66
"823",50,"3",23,"32205","05","Pseudo-Word","High",1,644.19
"823",50,"3",25,"31120","20","Word","Low",1,688.41
"823",50,"3",26,"32219","19","Pseudo-Word","High",0,-1050.29
"823",50,"3",27,"32223","23","Pseudo-Word","High",1,608.51
"823",50,"3",28,"31211","11","Word","High",1,528.71
"823",50,"3",1,"31231","31","Word","High",1,1172.32
"823",50,"3",57,"32144","44","Pseudo-Word","Low",1,715.89
"823",50,"3",68,"31239","39","Word","High",1,801.44
"823",50,"3",79,"32247","47","Pseudo-Word","High",0,-805.65
"823",50,"3",90,"32136","36","Pseudo-Word","Low",1,739.87
"823",50,"3",101,"33134","34","Consonant String","Low",0,-1113.77
"823",50,"3",112,"31245","45","Word","High",1,742.33
"823",50,"3",123,"33106","06","Consonant String","Low",1,737.55
"823",50,"3",134,"32126","26","Pseudo-Word","Low",1,816.42
"823",50,"3",2,"33223","23","Consonant String","High",0,-1257
"823",50,"3",13,"32124","24","Pseudo-Word","Low",1,475.23
"823",50,"3",24,"32110","10","Pseudo-Word","Low",1,673.09
"823",50,"3",35,"31110","10","Word","Low",1,563.62
"823",50,"3",46,"33148","48","Consonant String","Low",1,742.15
"823",50,"3",52,"32138","38","Pseudo-Word","Low",1,534.36
"823",50,"3",53,"31140","40","Word","Low",1,555.23
"823",50,"3",54,"32122","22","Pseudo-Word","Low",1,534.42
"823",50,"3",55,"31130","30","Word","Low",1,575.28
"823",50,"3",56,"31108","08","Word","Low",1,477.15
"823",50,"3",58,"33235","35","Consonant String","High",1,788.01
"823",50,"3",59,"32148","48","Pseudo-Word","Low",1,691.89
"823",50,"3",88,"31215","15","Word","High",1,582.35
"823",50,"3",89,"31201","01","Word","High",0,-832.23
"823",50,"3",76,"32112","12","Pseudo-Word","Low",1,921.42
"823",50,"3",77,"31227","27","Word","High",1,630.97
"823",50,"3",78,"33112","12","Consonant String","Low",0,-685.84
"823",50,"3",80,"31134","34","Word","Low",1,721.72
"823",50,"3",81,"32241","41","Pseudo-Word","High",0,-670.26
"823",50,"3",82,"33215","15","Consonant String","High",0,-784.8
"823",50,"3",83,"33209","09","Consonant String","High",0,-661.68
"823",50,"3",84,"33130","30","Consonant String","Low",1,710.22
"823",50,"3",85,"33217","17","Consonant String","High",1,600.76
"823",50,"3",86,"33237","37","Consonant String","High",1,554.96
"823",50,"3",87,"31237","37","Word","High",1,644.15
"823",50,"3",93,"32243","43","Pseudo-Word","High",1,746.23
"823",50,"3",94,"32213","13","Pseudo-Word","High",1,1199.47
"823",50,"3",91,"33122","22","Consonant String","Low",1,888.12
"823",50,"3",92,"33136","36","Consonant String","Low",1,905.01
"823",50,"3",97,"32221","21","Pseudo-Word","High",0,-1146.9
"823",50,"3",98,"33128","28","Consonant String","Low",1,874.14
"823",50,"3",95,"33207","07","Consonant String","High",0,-1087.72
"823",50,"3",96,"33221","21","Consonant String","High",1,1341.64
"823",50,"3",99,"32209","09","Pseudo-Word","High",1,749.7
"823",50,"3",100,"32106","06","Pseudo-Word","Low",1,1078.92
"824",50,"4",1,"43212","12","Consonant String","High",1,1432.87
"824",50,"4",57,"42131","31","Pseudo-Word","Low",0,-1889.83
"824",50,"4",35,"43210","10","Consonant String","High",1,2324.8
"824",50,"4",46,"42204","04","Pseudo-Word","High",1,907.45
"824",50,"4",52,"42105","05","Pseudo-Word","Low",1,935.67
"824",50,"4",68,"42224","24","Pseudo-Word","High",1,1211.79
"824",50,"4",79,"42216","16","Pseudo-Word","High",1,1459.39
"824",50,"4",90,"41109","09","Word","Low",1,1066.99
"824",50,"4",101,"42210","10","Pseudo-Word","High",0,-1427.58
"824",50,"4",112,"43226","26","Consonant String","High",1,708.5
"824",50,"4",123,"42111","11","Pseudo-Word","Low",1,824.72
"824",50,"4",134,"43230","30","Consonant String","High",1,2369.33
"824",50,"4",2,"43244","44","Consonant String","High",0,-2098.02
"824",50,"4",13,"41220","20","Word","High",1,986.31
"824",50,"4",24,"41131","31","Word","Low",1,570.2
"824",50,"4",78,"41121","21","Word","Low",1,795.83
"824",50,"4",80,"42232","32","Pseudo-Word","High",1,936.06
"824",50,"4",81,"41147","47","Word","Low",1,519.94
"824",50,"4",82,"41202","02","Word","High",0,-1887.52
"824",50,"4",83,"43222","22","Consonant String","High",1,593.46
"824",50,"4",84,"41129","29","Word","Low",1,840.67
"824",50,"4",85,"42141","41","Pseudo-Word","Low",1,648.54
"824",50,"4",86,"42244","44","Pseudo-Word","High",1,774.76
"824",50,"4",87,"42117","17","Pseudo-Word","Low",1,1453.33
"824",50,"4",88,"43139","39","Consonant String","Low",1,842.59
"824",50,"4",89,"41216","16","Word","High",0,-841.82
"824",50,"4",91,"43224","24","Consonant String","High",1,910.03
"824",50,"4",92,"43141","41","Consonant String","Low",1,655.59
"824",50,"4",93,"42101","01","Pseudo-Word","Low",1,2014.85
"824",50,"4",94,"42123","23","Pseudo-Word","Low",1,681.47
"824",50,"4",95,"43131","31","Consonant String","Low",1,1096.34
"824",50,"4",96,"42103","03","Pseudo-Word","Low",1,1282.61
"824",50,"4",97,"43125","25","Consonant String","Low",0,-1610.55
"824",50,"4",98,"43103","03","Consonant String","Low",1,1005.16
"824",50,"4",99,"42127","27","Pseudo-Word","Low",1,661.38
"824",50,"4",100,"41236","36","Word","High",1,669.93
"824",50,"4",102,"42238","38","Pseudo-Word","High",1,816.47
"824",50,"4",103,"43204","04","Consonant String","High",0,-1693.05
"824",50,"4",104,"42214","14","Pseudo-Word","High",0,-1443.36
"824",50,"4",105,"41103","03","Word","Low",1,1077.61
"824",50,"4",106,"43234","34","Consonant String","High",1,817.52
"824",50,"4",107,"43228","28","Consonant String","High",1,1988.11
"824",50,"4",108,"42228","28","Pseudo-Word","High",1,662.06
"824",50,"4",109,"42113","13","Pseudo-Word","Low",1,649.6
"824",50,"4",110,"41111","11","Word","Low",1,567.8
"824",50,"4",111,"43135","35","Consonant String","Low",1,663.34
"824",50,"4",113,"43133","33","Consonant String","Low",1,2369.95
"824",50,"4",114,"41238","38","Word","High",1,713.58
"824",50,"4",115,"43115","15","Consonant String","Low",1,811.12
"824",50,"4",116,"41117","17","Word","Low",1,713.35
"824",50,"4",117,"43147","47","Consonant String","Low",1,951.89
"824",50,"4",118,"42246","46","Pseudo-Word","High",0,-1095.13
"824",50,"4",119,"41137","37","Word","Low",1,616.36
"824",50,"4",120,"41206","06","Word","High",1,832.9
"824",50,"4",121,"43107","07","Consonant String","Low",1,859.79
"824",50,"4",122,"42135","35","Pseudo-Word","Low",1,563.34
"824",50,"4",124,"42240","40","Pseudo-Word","High",1,2037.92
"824",50,"4",125,"41145","45","Word","Low",1,887.89
"824",50,"4",126,"43101","01","Consonant String","Low",0,-1315.8
"824",50,"4",127,"41208","08","Word","High",1,800.37
"824",50,"4",128,"41232","32","Word","High",1,725.59
"824",50,"4",129,"42137","37","Pseudo-Word","Low",1,593.47
"824",50,"4",130,"43248","48","Consonant String","High",1,1742.7
"824",50,"4",131,"43246","46","Consonant String","High",0,-1105.99
"824",50,"4",132,"41125","25","Word","Low",1,507.22
"824",50,"4",133,"41123","23","Word","Low",1,529.41
"824",50,"4",135,"43238","38","Consonant String","High",0,-1812.32
"824",50,"4",136,"43208","08","Consonant String","High",1,644.93
"824",50,"4",137,"41224","24","Word","High",1,693.13
"824",50,"4",138,"42121","21","Pseudo-Word","Low",1,1075.35
"824",50,"4",139,"41246","46","Word","High",1,602.25
"824",50,"4",140,"43240","40","Consonant String","High",1,2368.51
"824",50,"4",141,"41133","33","Word","Low",1,601.15
"824",50,"4",142,"41143","43","Word","Low",0,-768.36
"824",50,"4",143,"41234","34","Word","High",1,534.9
"824",50,"4",144,"42125","25","Pseudo-Word","Low",1,685.76
"824",50,"4",3,"41228","28","Word","High",0,-1239.66
"824",50,"4",4,"42248","48","Pseudo-Word","High",1,531.56
"824",50,"4",5,"43143","43","Consonant String","Low",0,-2229.48
"824",50,"4",6,"41244","44","Word","High",1,471.44
"824",50,"4",7,"41222","22","Word","High",1,672.98
"824",50,"4",8,"41210","10","Word","High",1,636.5
"824",50,"4",9,"41101","01","Word","Low",1,1649.41
"824",50,"4",10,"41226","26","Word","High",1,554.67
"824",50,"4",11,"41113","13","Word","Low",1,622.87
"824",50,"4",12,"41135","35","Word","Low",1,545.4
"824",50,"4",14,"43129","29","Consonant String","Low",1,1261.62
"824",50,"4",15,"41127","27","Word","Low",1,546.19
"824",50,"4",16,"42220","20","Pseudo-Word","High",1,874.4
"824",50,"4",17,"42208","08","Pseudo-Word","High",1,715.95
"824",50,"4",18,"43127","27","Consonant String","Low",1,516.49
"824",50,"4",19,"41240","40","Word","High",1,783.02
"824",50,"4",20,"42145","45","Pseudo-Word","Low",0,-1694.96
"824",50,"4",21,"41212","12","Word","High",1,691.2
"824",50,"4",22,"41218","18","Word","High",1,860.42
"824",50,"4",23,"41105","05","Word","Low",1,660.97
"824",50,"4",25,"42109","09","Pseudo-Word","Low",0,-714.52
"824",50,"4",26,"43202","02","Consonant String","High",0,-1519.09
"824",50,"4",27,"41107","07","Word","Low",1,550.67
"824",50,"4",28,"43119","19","Consonant String","Low",1,620.87
"824",50,"4",29,"41139","39","Word","Low",1,973.41
"824",50,"4",30,"43105","05","Consonant String","Low",1,2603.05
"824",50,"4",31,"41204","04","Word","High",1,630.37
"824",50,"4",32,"42222","22","Pseudo-Word","High",1,722.23
"824",50,"4",33,"42129","29","Pseudo-Word","Low",1,1977.83
"824",50,"4",34,"41248","48","Word","High",1,665.77
"824",50,"4",36,"43214","14","Consonant String","High",1,1880.35
"824",50,"4",37,"43111","11","Consonant String","Low",1,1003.32
"824",50,"4",38,"42119","19","Pseudo-Word","Low",1,760.54
"824",50,"4",39,"43220","20","Consonant String","High",0,-1947.14
"824",50,"4",40,"43242","42","Consonant String","High",0,-1585.46
"824",50,"4",41,"42230","30","Pseudo-Word","High",1,878.38
"824",50,"4",42,"43137","37","Consonant String","Low",1,673.27
"824",50,"4",53,"41119","19","Word","Low",1,1153.58
"824",50,"4",54,"42218","18","Pseudo-Word","High",1,849.82
"824",50,"4",55,"43216","16","Consonant String","High",0,-792.04
"824",50,"4",56,"43113","13","Consonant String","Low",1,1014.27
"824",50,"4",58,"42147","47","Pseudo-Word","Low",0,-1165.86
"824",50,"4",59,"42226","26","Pseudo-Word","High",1,742.42
"824",50,"4",60,"42234","34","Pseudo-Word","High",1,965.64
"824",50,"4",61,"43109","09","Consonant String","Low",1,783.21
"824",50,"4",62,"41242","42","Word","High",1,853.09
"824",50,"4",63,"42107","07","Pseudo-Word","Low",1,637.31
"824",50,"4",64,"42133","33","Pseudo-Word","Low",1,1618.21
"824",50,"4",65,"43123","23","Consonant String","Low",1,707.81
"824",50,"4",66,"43206","06","Consonant String","High",1,1755.39
"824",50,"4",67,"43232","32","Consonant String","High",1,1374.68
"824",50,"4",69,"43145","45","Consonant String","Low",0,-1400.29
"824",50,"4",70,"41115","15","Word","Low",1,620.54
"824",50,"4",71,"43121","21","Consonant String","Low",1,715.08
"824",50,"4",72,"42236","36","Pseudo-Word","High",1,906.63
"824",50,"4",73,"41141","41","Word","Low",1,2127.9
"824",50,"4",74,"42202","02","Pseudo-Word","High",0,-990.87
"824",50,"4",75,"42212","12","Pseudo-Word","High",1,1108.78
"824",50,"4",76,"43117","17","Consonant String","Low",0,-1254.37
"824",50,"4",77,"43218","18","Consonant String","High",0,-853.61
"824",50,"4",51,"41214","14","Word","High",1,935.54
"824",50,"4",47,"42139","39","Pseudo-Word","Low",1,716.96
"824",50,"4",43,"42242","42","Pseudo-Word","High",1,1562.84
"824",50,"4",44,"42115","15","Pseudo-Word","Low",1,1234.46
"824",50,"4",45,"42206","06","Pseudo-Word","High",1,1261.39
"824",50,"4",48,"41230","30","Word","High",1,656.5
"824",50,"4",49,"42143","43","Pseudo-Word","Low",1,1477.74
"824",50,"4",50,"43236","36","Consonant String","High",1,788.66
"825",67,"1",44,"12217","17","Pseudo-Word","High",1,854.71
"825",67,"1",49,"12104","04","Pseudo-Word","Low",0,-1204.37
"825",67,"1",45,"13247","47","Consonant String","High",1,1068.28
"825",67,"1",47,"11140","40","Word","Low",1,1036.19
"825",67,"1",48,"13118","18","Consonant String","Low",1,1221.44
"825",67,"1",43,"13138","38","Consonant String","Low",1,2004.08
"825",67,"1",67,"12247","47","Pseudo-Word","High",0,-1305.32
"825",67,"1",69,"12231","31","Pseudo-Word","High",0,-1507.93
"825",67,"1",70,"11132","32","Word","Low",0,-1533.88
"825",67,"1",71,"13221","21","Consonant String","High",1,1531.17
"825",67,"1",72,"11235","35","Word","High",0,-1178.43
"825",67,"1",50,"11112","12","Word","Low",1,1313.96
"825",67,"1",51,"11229","29","Word","High",1,772.88
"825",67,"1",61,"12146","46","Pseudo-Word","Low",0,-1404.83
"825",67,"1",62,"13225","25","Consonant String","High",0,-1056.43
"825",67,"1",63,"13213","13","Consonant String","High",1,1164.01
"825",67,"1",64,"11120","20","Word","Low",1,1087.93
"825",67,"1",65,"12207","07","Pseudo-Word","High",1,811.16
"825",67,"1",66,"13102","02","Consonant String","Low",0,-1086.07
"825",67,"1",82,"12229","29","Pseudo-Word","High",1,1485.34
"825",67,"1",83,"12140","40","Pseudo-Word","Low",0,-699.59
"825",67,"1",84,"11247","47","Word","High",0,-762.14
"825",67,"1",85,"11227","27","Word","High",1,1150.03
"825",67,"1",86,"11213","13","Word","High",1,1091.62
"825",67,"1",87,"11136","36","Word","Low",1,1388.22
"825",67,"1",88,"12201","01","Pseudo-Word","High",0,-1772.51
"825",67,"1",89,"12126","26","Pseudo-Word","Low",1,1871.49
"825",67,"1",91,"12108","08","Pseudo-Word","Low",1,810.44
"825",67,"1",92,"11219","19","Word","High",1,746.32
"825",67,"1",93,"13132","32","Consonant String","Low",1,1588.9
"825",67,"1",94,"12237","37","Pseudo-Word","High",0,-1191.18
"825",67,"1",95,"11102","02","Word","Low",1,1055.78
"825",67,"1",96,"12209","09","Pseudo-Word","High",1,977.35
"825",67,"1",97,"11146","46","Word","Low",0,-1478.61
"825",67,"1",98,"13108","08","Consonant String","Low",1,1194.88
"825",67,"1",99,"13134","34","Consonant String","Low",0,-1122.47
"825",67,"1",100,"12116","16","Pseudo-Word","Low",1,734.38
"825",67,"1",102,"12134","34","Pseudo-Word","Low",1,1143.6
"825",67,"1",103,"11209","09","Word","High",1,843.18
"825",67,"1",104,"12128","28","Pseudo-Word","Low",1,994.75
"825",67,"1",105,"12112","12","Pseudo-Word","Low",1,1507.34
"825",67,"1",106,"12221","21","Pseudo-Word","High",1,1036.94
"825",67,"1",107,"11239","39","Word","High",1,932.18
"825",67,"1",108,"13233","33","Consonant String","High",1,1709.45
"825",67,"1",109,"11231","31","Word","High",1,1188.4
"825",67,"1",110,"12102","02","Pseudo-Word","Low",1,1038.64
"825",67,"1",111,"11118","18","Word","Low",0,-661.88
"825",67,"1",113,"11241","41","Word","High",0,-1180.77
"825",67,"1",114,"11106","06","Word","Low",1,1691.05
"825",67,"1",115,"13104","04","Consonant String","Low",1,1291.34
"825",67,"1",116,"13140","40","Consonant String","Low",0,-731.58
"825",67,"1",73,"12144","44","Pseudo-Word","Low",1,874.69
"825",67,"1",74,"13142","42","Consonant String","Low",0,-1053.59
"825",67,"1",75,"11215","15","Word","High",1,661.15
"825",67,"1",76,"11104","04","Word","Low",1,1405.05
"825",67,"1",77,"11124","24","Word","Low",1,1378.67
"825",67,"1",78,"11237","37","Word","High",1,1423.94
"825",67,"1",80,"11126","26","Word","Low",0,-840.86
"825",67,"1",81,"12132","32","Pseudo-Word","Low",0,-838.08
"825",67,"1",126,"13237","37","Consonant String","High",0,-1026.96
"825",67,"1",127,"11201","01","Word","High",1,725.19
"825",67,"1",128,"11130","30","Word","Low",1,994.42
"825",67,"1",129,"12130","30","Pseudo-Word","Low",0,-1768.01
"825",67,"1",130,"12203","03","Pseudo-Word","High",0,-1330.98
"825",67,"1",131,"13231","31","Consonant String","High",0,-1076.25
"825",67,"1",132,"13239","39","Consonant String","High",1,1247.5
"825",67,"1",133,"11217","17","Word","High",1,800.08
"825",67,"1",135,"13144","44","Consonant String","Low",0,-1197.65
"825",67,"1",136,"12227","27","Pseudo-Word","High",0,-1244.23
"825",67,"1",137,"11221","21","Word","High",1,775.82
"825",67,"1",138,"11138","38","Word","Low",1,1197.06
"825",67,"1",139,"13122","22","Consonant String","Low",1,668.63
"825",67,"1",140,"13112","12","Consonant String","Low",1,1684.55
"825",67,"1",141,"13201","01","Consonant String","High",0,-1131.83
"825",67,"1",142,"11116","16","Word","Low",1,1728.44
"825",67,"1",143,"13217","17","Consonant String","High",1,1024.72
"825",67,"1",144,"12245","45","Pseudo-Word","High",0,-1803.66
"825",67,"1",3,"12120","20","Pseudo-Word","Low",1,847.27
"825",67,"1",4,"11223","23","Word","High",1,839.83
"825",67,"1",5,"12225","25","Pseudo-Word","High",1,1202.08
"825",67,"1",6,"11225","25","Word","High",1,1340.68
"825",67,"1",7,"12219","19","Pseudo-Word","High",1,739.93
"825",67,"1",8,"12106","06","Pseudo-Word","Low",1,1834.18
"825",67,"1",9,"12239","39","Pseudo-Word","High",1,862.46
"825",67,"1",10,"13110","10","Consonant String","Low",1,1557.38
"825",67,"1",11,"13203","03","Consonant String","High",1,1191
"825",67,"1",12,"11207","07","Word","High",1,826.25
"825",67,"1",14,"11245","45","Word","High",0,-1223.48
"825",67,"1",15,"13148","48","Consonant String","Low",1,714.39
"825",67,"1",16,"12118","18","Pseudo-Word","Low",1,942.28
"825",67,"1",17,"12136","36","Pseudo-Word","Low",1,1029.85
"825",67,"1",117,"11203","03","Word","High",1,1439.83
"825",67,"1",118,"13136","36","Consonant String","Low",1,1375.12
"825",67,"1",119,"12124","24","Pseudo-Word","Low",1,845.37
"825",67,"1",120,"12114","14","Pseudo-Word","Low",0,-1428.95
"825",67,"1",121,"11144","44","Word","Low",1,1000.21
"825",67,"1",122,"11142","42","Word","Low",0,-881.79
"825",67,"1",124,"13223","23","Consonant String","High",1,1774.05
"825",67,"1",125,"13114","14","Consonant String","Low",1,1525.01
"825",67,"1",1,"13243","43","Consonant String","High",1,1011.08
"825",67,"1",57,"13106","06","Consonant String","Low",1,893.97
"825",67,"1",68,"11205","05","Word","High",1,972.54
"825",67,"1",79,"13207","07","Consonant String","High",0,-900.44
"825",67,"1",90,"13235","35","Consonant String","High",1,1002.01
"825",67,"1",101,"13219","19","Consonant String","High",1,736.57
"825",67,"1",112,"12213","13","Pseudo-Word","High",0,-508.77
"825",67,"1",123,"12138","38","Pseudo-Word","Low",0,-599.64
"825",67,"1",134,"11108","08","Word","Low",0,-522.17
"825",67,"1",2,"12211","11","Pseudo-Word","High",1,1549.07
"825",67,"1",13,"13128","28","Consonant String","Low",1,671.66
"825",67,"1",24,"12110","10","Pseudo-Word","Low",0,-1055.55
"825",67,"1",35,"12215","15","Pseudo-Word","High",1,550.11
"825",67,"1",46,"12235","35","Pseudo-Word","High",1,863.65
"825",67,"1",52,"12241","41","Pseudo-Word","High",0,-681.54
"825",67,"1",53,"12233","33","Pseudo-Word","High",1,1107.75
"825",67,"1",54,"13229","29","Consonant String","High",0,-728.66
"825",67,"1",55,"12122","22","Pseudo-Word","Low",0,-779.87
"825",67,"1",56,"13245","45","Consonant String","High",0,-1111.11
"825",67,"1",58,"13215","15","Consonant String","High",0,-734
"825",67,"1",59,"12148","48","Pseudo-Word","Low",0,-2215.28
"825",67,"1",60,"11110","10","Word","Low",1,947.25
"825",67,"1",20,"12243","43","Pseudo-Word","High",1,807.87
"825",67,"1",21,"13126","26","Consonant String","Low",0,-774.75
"825",67,"1",22,"11128","28","Word","Low",1,613.63
"825",67,"1",23,"12223","23","Pseudo-Word","High",1,986.52
"825",67,"1",25,"13146","46","Consonant String","Low",0,-1673.78
"825",67,"1",26,"11122","22","Word","Low",1,939.72
"825",67,"1",27,"11211","11","Word","High",1,913.96
"825",67,"1",28,"13124","24","Consonant String","Low",1,857.85
"825",67,"1",29,"12205","05","Pseudo-Word","High",0,-859.75
"825",67,"1",30,"13227","27","Consonant String","High",1,1224.65
"825",67,"1",31,"11233","33","Word","High",1,1045.58
"825",67,"1",18,"13120","20","Consonant String","Low",1,677.08
"825",67,"1",19,"13211","11","Consonant String","High",1,895.31
"825",67,"1",34,"13209","09","Consonant String","High",1,1742.07
"825",67,"1",36,"13116","16","Consonant String","Low",1,1855.72
"825",67,"1",37,"13205","05","Consonant String","High",1,2029.38
"825",67,"1",38,"11148","48","Word","Low",1,639.67
"825",67,"1",39,"11243","43","Word","High",1,1351.91
"825",67,"1",40,"11134","34","Word","Low",1,1010.5
"825",67,"1",41,"13130","30","Consonant String","Low",1,1133.42
"825",67,"1",42,"11114","14","Word","Low",0,-2432.72
"825",67,"1",33,"13241","41","Consonant String","High",0,-1774.1
"825",67,"1",32,"12142","42","Pseudo-Word","Low",1,962.15
"826",33,"2",2,"21133","33","Word","Low",1,761.38
"826",33,"2",13,"21202","02","Word","High",0,-896.58
"826",33,"2",134,"22147","47","Pseudo-Word","Low",0,-703.48
"826",33,"2",1,"23111","11","Consonant String","Low",1,716.43
"826",33,"2",57,"23109","09","Consonant String","Low",0,-890.65
"826",33,"2",68,"22204","04","Pseudo-Word","High",0,-693.53
"826",33,"2",79,"22143","43","Pseudo-Word","Low",1,1246.43
"826",33,"2",90,"21111","11","Word","Low",0,-819.34
"826",33,"2",101,"22123","23","Pseudo-Word","Low",1,609.55
"826",33,"2",112,"23242","42","Consonant String","High",1,592.75
"826",33,"2",123,"23147","47","Consonant String","Low",1,742.62
"826",33,"2",74,"23137","37","Consonant String","Low",1,575.68
"826",33,"2",75,"22208","08","Pseudo-Word","High",1,1099.24
"826",33,"2",76,"22101","01","Pseudo-Word","Low",0,-844.15
"826",33,"2",77,"23133","33","Consonant String","Low",1,597.03
"826",33,"2",78,"22129","29","Pseudo-Word","Low",1,1052.91
"826",33,"2",80,"21228","28","Word","High",1,791.81
"826",33,"2",81,"23115","15","Consonant String","Low",0,-991.7
"826",33,"2",82,"22228","28","Pseudo-Word","High",1,596.6
"826",33,"2",83,"22121","21","Pseudo-Word","Low",1,711.46
"826",33,"2",84,"22238","38","Pseudo-Word","High",0,-933.68
"826",33,"2",85,"21131","31","Word","Low",1,510.22
"826",33,"2",86,"23121","21","Consonant String","Low",1,654.43
"826",33,"2",87,"23204","04","Consonant String","High",1,828.3
"826",33,"2",88,"23127","27","Consonant String","Low",0,-836.86
"826",33,"2",89,"22135","35","Pseudo-Word","Low",0,-987.42
"826",33,"2",91,"22127","27","Pseudo-Word","Low",1,607.98
"826",33,"2",92,"22214","14","Pseudo-Word","High",1,629.17
"826",33,"2",24,"21230","30","Word","High",1,622.48
"826",33,"2",35,"22240","40","Pseudo-Word","High",1,607.69
"826",33,"2",46,"22202","02","Pseudo-Word","High",0,-901.56
"826",33,"2",52,"22141","41","Pseudo-Word","Low",0,-1967.51
"826",33,"2",53,"21222","22","Word","High",1,1061.8
"826",33,"2",54,"22232","32","Pseudo-Word","High",1,693.03
"826",33,"2",55,"22216","16","Pseudo-Word","High",1,902.91
"826",33,"2",56,"21246","46","Word","High",0,-693.78
"826",33,"2",58,"23224","24","Consonant String","High",0,-561.67
"826",33,"2",59,"23129","29","Consonant String","Low",0,-1441.9
"826",33,"2",60,"22145","45","Pseudo-Word","Low",0,-2016.87
"826",33,"2",61,"21214","14","Word","High",1,700.16
"826",33,"2",62,"22234","34","Pseudo-Word","High",1,739.02
"826",33,"2",63,"23218","18","Consonant String","High",0,-811.58
"826",33,"2",64,"23240","40","Consonant String","High",1,717.79
"826",33,"2",65,"21236","36","Word","High",0,-985.01
"826",33,"2",66,"23143","43","Consonant String","Low",1,727.57
"826",33,"2",67,"21113","13","Word","Low",1,706.12
"826",33,"2",69,"23117","17","Consonant String","Low",1,631.99
"826",33,"2",70,"21208","08","Word","High",1,690.53
"826",33,"2",71,"23222","22","Consonant String","High",0,-798.08
"826",33,"2",72,"21105","05","Word","Low",1,567.95
"826",33,"2",73,"21234","34","Word","High",1,677.15
"826",33,"2",118,"21244","44","Word","High",1,540.39
"826",33,"2",119,"22248","48","Pseudo-Word","High",0,-642.91
"826",33,"2",120,"21226","26","Word","High",1,659.79
"826",33,"2",121,"23131","31","Consonant String","Low",0,-563
"826",33,"2",122,"21218","18","Word","High",1,619.19
"826",33,"2",124,"22117","17","Pseudo-Word","Low",1,1374.42
"826",33,"2",125,"22109","09","Pseudo-Word","Low",1,949.68
"826",33,"2",126,"23226","26","Consonant String","High",1,679.57
"826",33,"2",127,"23214","14","Consonant String","High",0,-1082.12
"826",33,"2",128,"23238","38","Consonant String","High",0,-909.71
"826",33,"2",129,"22131","31","Pseudo-Word","Low",0,-826.92
"826",33,"2",130,"23246","46","Consonant String","High",0,-1100.5
"826",33,"2",131,"21119","19","Word","Low",1,1264.41
"826",33,"2",132,"23107","07","Consonant String","Low",1,1048.68
"826",33,"2",133,"23141","41","Consonant String","Low",1,1102.58
"826",33,"2",135,"21220","20","Word","High",1,602.47
"826",33,"2",136,"21139","39","Word","Low",0,-956.35
"826",33,"2",93,"23105","05","Consonant String","Low",1,812.72
"826",33,"2",94,"22139","39","Pseudo-Word","Low",1,1283.95
"826",33,"2",95,"23125","25","Consonant String","Low",1,818.54
"826",33,"2",96,"22236","36","Pseudo-Word","High",0,-1128.1
"826",33,"2",97,"22242","42","Pseudo-Word","High",0,-964.67
"826",33,"2",98,"21115","15","Word","Low",1,1385.93
"826",33,"2",99,"21212","12","Word","High",1,685.51
"826",33,"2",100,"21238","38","Word","High",1,717.05
"826",33,"2",102,"21125","25","Word","Low",1,580.26
"826",33,"2",103,"21101","01","Word","Low",1,1362.83
"826",33,"2",104,"22111","11","Pseudo-Word","Low",1,987.07
"826",33,"2",105,"22230","30","Pseudo-Word","High",0,-1149.66
"826",33,"2",106,"21204","04","Word","High",1,780.56
"826",33,"2",107,"23244","44","Consonant String","High",1,1036.13
"826",33,"2",108,"22125","25","Pseudo-Word","Low",0,-970.7
"826",33,"2",109,"21121","21","Word","Low",1,640.92
"826",33,"2",110,"21127","27","Word","Low",1,786.46
"826",33,"2",111,"22246","46","Pseudo-Word","High",1,856.01
"826",33,"2",113,"23234","34","Consonant String","High",1,839.9
"826",33,"2",114,"21240","40","Word","High",1,644.44
"826",33,"2",115,"23123","23","Consonant String","Low",1,550.32
"826",33,"2",116,"21123","23","Word","Low",1,919.65
"826",33,"2",117,"21137","37","Word","Low",1,488.86
"826",33,"2",19,"22133","33","Pseudo-Word","Low",1,2130.33
"826",33,"2",20,"22218","18","Pseudo-Word","High",1,746.95
"826",33,"2",21,"23248","48","Consonant String","High",1,815.83
"826",33,"2",22,"22206","06","Pseudo-Word","High",1,829.05
"826",33,"2",23,"21135","35","Word","Low",0,-1094.62
"826",33,"2",25,"23113","13","Consonant String","Low",1,969.53
"826",33,"2",26,"22222","22","Pseudo-Word","High",0,-1324.77
"826",33,"2",27,"23202","02","Consonant String","High",1,1660.05
"826",33,"2",28,"22105","05","Pseudo-Word","Low",1,986.33
"826",33,"2",29,"21145","45","Word","Low",1,766.89
"826",33,"2",30,"22119","19","Pseudo-Word","Low",0,-1302.13
"826",33,"2",31,"22224","24","Pseudo-Word","High",1,1691.08
"826",33,"2",32,"21117","17","Word","Low",1,1097.69
"826",33,"2",33,"21141","41","Word","Low",1,1552.62
"826",33,"2",34,"21103","03","Word","Low",1,565.54
"826",33,"2",36,"21107","07","Word","Low",1,500.73
"826",33,"2",37,"21216","16","Word","High",1,556.6
"826",33,"2",38,"22226","26","Pseudo-Word","High",1,666.46
"826",33,"2",39,"22113","13","Pseudo-Word","Low",0,-1088.68
"826",33,"2",40,"23230","30","Consonant String","High",1,1536.28
"826",33,"2",41,"23212","12","Consonant String","High",1,779.87
"826",33,"2",42,"23220","20","Consonant String","High",1,1740.46
"826",33,"2",43,"23135","35","Consonant String","Low",1,1080.08
"826",33,"2",44,"22115","15","Pseudo-Word","Low",0,-1124.65
"826",33,"2",45,"21147","47","Word","Low",1,697.89
"826",33,"2",47,"23208","08","Consonant String","High",0,-1422.8
"826",33,"2",48,"23210","10","Consonant String","High",1,1250.06
"826",33,"2",49,"21232","32","Word","High",1,844.97
"826",33,"2",50,"23103","03","Consonant String","Low",1,918.86
"826",33,"2",51,"21206","06","Word","High",0,-1061.1
"826",33,"2",7,"23119","19","Consonant String","Low",1,771.63
"826",33,"2",8,"21242","42","Word","High",1,792.85
"826",33,"2",9,"21248","48","Word","High",1,667.73
"826",33,"2",10,"23139","39","Consonant String","Low",0,-881.95
"826",33,"2",11,"22103","03","Pseudo-Word","Low",1,655.49
"826",33,"2",12,"21109","09","Word","Low",1,600.37
"826",33,"2",14,"23145","45","Consonant String","Low",1,1184.25
"826",33,"2",15,"22210","10","Pseudo-Word","High",1,586.82
"826",33,"2",16,"23216","16","Consonant String","High",0,-885.37
"826",33,"2",17,"23206","06","Consonant String","High",1,3384.02
"826",33,"2",18,"22137","37","Pseudo-Word","Low",1,775.71
"826",33,"2",4,"21210","10","Word","High",1,568
"826",33,"2",5,"23228","28","Consonant String","High",1,843.21
"826",33,"2",6,"23101","01","Consonant String","Low",1,679.09
"826",33,"2",140,"23232","32","Consonant String","High",1,767.53
"826",33,"2",137,"21143","43","Word","Low",0,-873.25
"826",33,"2",138,"22107","07","Pseudo-Word","Low",1,577.47
"826",33,"2",139,"21224","24","Word","High",1,527.99
"826",33,"2",144,"22212","12","Pseudo-Word","High",1,707.93
"826",33,"2",141,"22244","44","Pseudo-Word","High",1,869.74
"826",33,"2",142,"22220","20","Pseudo-Word","High",0,-1711.01
"826",33,"2",143,"23236","36","Consonant String","High",0,-1833.31
"826",33,"2",3,"21129","29","Word","Low",1,650.13
"827",67,"3",52,"33108","08","Consonant String","Low",1,412.93
"827",67,"3",24,"31203","03","Word","High",1,692.34
"827",67,"3",35,"31211","11","Word","High",1,588.87
"827",67,"3",46,"33243","43","Consonant String","High",1,514.08
"827",67,"3",66,"33229","29","Consonant String","High",0,-523.82
"827",67,"3",53,"32108","08","Pseudo-Word","Low",1,574.78
"827",67,"3",54,"31144","44","Word","Low",1,582.65
"827",67,"3",55,"33124","24","Consonant String","Low",1,484.84
"827",67,"3",56,"32207","07","Pseudo-Word","High",1,458.04
"827",67,"3",58,"33203","03","Consonant String","High",1,660.9
"827",67,"3",59,"32245","45","Pseudo-Word","High",1,495.77
"827",67,"3",60,"31108","08","Word","Low",1,454.29
"827",67,"3",61,"32144","44","Pseudo-Word","Low",1,491.81
"827",67,"3",62,"33207","07","Consonant String","High",1,478.34
"827",67,"3",63,"32237","37","Pseudo-Word","High",1,591.54
"827",67,"3",64,"33120","20","Consonant String","Low",1,879.07
"827",67,"3",65,"31243","43","Word","High",1,545.3
"827",67,"3",1,"32140","40","Pseudo-Word","Low",0,-814.03
"827",67,"3",57,"31124","24","Word","Low",1,695.92
"827",67,"3",68,"33132","32","Consonant String","Low",1,736.46
"827",67,"3",79,"33128","28","Consonant String","Low",0,-597.67
"827",67,"3",90,"31136","36","Word","Low",1,621.2
"827",67,"3",101,"32201","01","Pseudo-Word","High",0,-837.08
"827",67,"3",112,"33225","25","Consonant String","High",0,-722.3
"827",67,"3",123,"32215","15","Pseudo-Word","High",1,769.18
"827",67,"3",134,"33219","19","Consonant String","High",0,-727.07
"827",67,"3",2,"31148","48","Word","Low",1,568.28
"827",67,"3",13,"32243","43","Pseudo-Word","High",1,580.14
"827",67,"3",93,"32118","18","Pseudo-Word","Low",1,458.82
"827",67,"3",94,"33209","09","Consonant String","High",1,511.68
"827",67,"3",95,"33136","36","Consonant String","Low",1,503.54
"827",67,"3",96,"31132","32","Word","Low",1,465.05
"827",67,"3",97,"32138","38","Pseudo-Word","Low",1,499.91
"827",67,"3",98,"33102","02","Consonant String","Low",1,511.44
"827",67,"3",99,"33245","45","Consonant String","High",1,480.29
"827",67,"3",100,"32122","22","Pseudo-Word","Low",1,501.49
"827",67,"3",102,"32211","11","Pseudo-Word","High",1,495.01
"827",67,"3",103,"31223","23","Word","High",1,462.54
"827",67,"3",104,"32114","14","Pseudo-Word","Low",0,-438.39
"827",67,"3",105,"31122","22","Word","Low",1,443.63
"827",67,"3",106,"31233","33","Word","High",1,564.11
"827",67,"3",107,"31217","17","Word","High",1,500.97
"827",67,"3",108,"33221","21","Consonant String","High",1,455.48
"827",67,"3",109,"31213","13","Word","High",1,441
"827",67,"3",110,"33122","22","Consonant String","Low",1,453.19
"827",67,"3",67,"33138","38","Consonant String","Low",1,837.7
"827",67,"3",69,"33134","34","Consonant String","Low",0,-583.91
"827",67,"3",70,"32134","34","Pseudo-Word","Low",1,546.1
"827",67,"3",71,"33201","01","Consonant String","High",0,-601.64
"827",67,"3",72,"32233","33","Pseudo-Word","High",1,469.16
"827",67,"3",73,"31110","10","Word","Low",1,577.02
"827",67,"3",74,"32142","42","Pseudo-Word","Low",1,641.23
"827",67,"3",75,"31247","47","Word","High",1,443.76
"827",67,"3",76,"33241","41","Consonant String","High",0,-501.28
"827",67,"3",77,"32106","06","Pseudo-Word","Low",1,548.81
"827",67,"3",78,"31126","26","Word","Low",1,470.34
"827",67,"3",80,"32112","12","Pseudo-Word","Low",1,454.19
"827",67,"3",81,"33144","44","Consonant String","Low",1,469.71
"827",67,"3",82,"32241","41","Pseudo-Word","High",1,508.56
"827",67,"3",83,"31209","09","Word","High",1,466.09
"827",67,"3",84,"31231","31","Word","High",1,428.95
"827",67,"3",85,"33130","30","Consonant String","Low",1,568.14
"827",67,"3",86,"32136","36","Pseudo-Word","Low",1,425.99
"827",67,"3",87,"31130","30","Word","Low",0,-428.18
"827",67,"3",88,"32217","17","Pseudo-Word","High",1,553.37
"827",67,"3",89,"33140","40","Consonant String","Low",1,696.9
"827",67,"3",91,"31205","05","Word","High",1,535.44
"827",67,"3",92,"31128","28","Word","Low",1,439.63
"827",67,"3",136,"33114","14","Consonant String","Low",1,688.13
"827",67,"3",137,"33106","06","Consonant String","Low",0,-758.34
"827",67,"3",138,"33110","10","Consonant String","Low",1,668.89
"827",67,"3",139,"31201","01","Word","High",1,588.76
"827",67,"3",140,"31207","07","Word","High",1,620.96
"827",67,"3",141,"32205","05","Pseudo-Word","High",1,741.84
"827",67,"3",142,"31116","16","Word","Low",1,566.38
"827",67,"3",143,"32104","04","Pseudo-Word","Low",1,690.25
"827",67,"3",144,"32247","47","Pseudo-Word","High",1,653.45
"827",67,"3",3,"32229","29","Pseudo-Word","High",1,716
"827",67,"3",4,"32209","09","Pseudo-Word","High",1,665.87
"827",67,"3",5,"33233","33","Consonant String","High",1,663.75
"827",67,"3",6,"31138","38","Word","Low",1,613.62
"827",67,"3",7,"33118","18","Consonant String","Low",0,-651.49
"827",67,"3",8,"33217","17","Consonant String","High",1,608.03
"827",67,"3",9,"31245","45","Word","High",1,592.9
"827",67,"3",10,"31235","35","Word","High",1,670.43
"827",67,"3",11,"33205","05","Consonant String","High",0,-685.31
"827",67,"3",12,"31219","19","Word","High",1,528.51
"827",67,"3",14,"31225","25","Word","High",1,564.71
"827",67,"3",15,"33227","27","Consonant String","High",1,714.58
"827",67,"3",16,"31229","29","Word","High",1,582.45
"827",67,"3",17,"33148","48","Consonant String","Low",0,-636.65
"827",67,"3",18,"32120","20","Pseudo-Word","Low",1,565.85
"827",67,"3",19,"32235","35","Pseudo-Word","High",1,530.72
"827",67,"3",20,"33247","47","Consonant String","High",1,676.92
"827",67,"3",21,"33142","42","Consonant String","Low",0,-665.13
"827",67,"3",22,"33235","35","Consonant String","High",1,592
"827",67,"3",23,"32231","31","Pseudo-Word","High",1,608.53
"827",67,"3",25,"31118","18","Word","Low",1,560.07
"827",67,"3",26,"31146","46","Word","Low",1,610.92
"827",67,"3",27,"32223","23","Pseudo-Word","High",1,675.81
"827",67,"3",28,"31239","39","Word","High",1,505.01
"827",67,"3",29,"31120","20","Word","Low",1,448.53
"827",67,"3",30,"33213","13","Consonant String","High",0,-544.06
"827",67,"3",31,"32203","03","Pseudo-Word","High",1,501.58
"827",67,"3",32,"32132","32","Pseudo-Word","Low",1,563.11
"827",67,"3",33,"33104","04","Consonant String","Low",1,543.97
"827",67,"3",34,"32221","21","Pseudo-Word","High",1,476.5
"827",67,"3",36,"31102","02","Word","Low",0,-721.7
"827",67,"3",37,"32110","10","Pseudo-Word","Low",1,528.57
"827",67,"3",38,"31114","14","Word","Low",1,516.76
"827",67,"3",39,"32239","39","Pseudo-Word","High",1,705.64
"827",67,"3",40,"33112","12","Consonant String","Low",1,522.17
"827",67,"3",41,"31140","40","Word","Low",1,446.03
"827",67,"3",42,"33231","31","Consonant String","High",0,-647.56
"827",67,"3",43,"32213","13","Pseudo-Word","High",1,548.09
"827",67,"3",44,"31142","42","Word","Low",1,460.62
"827",67,"3",45,"31221","21","Word","High",1,555.48
"827",67,"3",47,"32146","46","Pseudo-Word","Low",1,488
"827",67,"3",48,"31134","34","Word","Low",1,589.19
"827",67,"3",49,"31237","37","Word","High",0,-513.4
"827",67,"3",50,"31104","04","Word","Low",1,628.26
"827",67,"3",51,"31241","41","Word","High",1,600.45
"827",67,"3",120,"32227","27","Pseudo-Word","High",1,976.62
"827",67,"3",121,"32128","28","Pseudo-Word","Low",1,638.86
"827",67,"3",122,"33239","39","Consonant String","High",1,560.05
"827",67,"3",124,"32116","16","Pseudo-Word","Low",1,676.93
"827",67,"3",125,"33116","16","Consonant String","Low",1,591.13
"827",67,"3",111,"31227","27","Word","High",1,651.73
"827",67,"3",113,"31106","06","Word","Low",1,488.25
"827",67,"3",114,"33146","46","Consonant String","Low",0,-579.45
"827",67,"3",115,"32219","19","Pseudo-Word","High",1,561.63
"827",67,"3",116,"32102","02","Pseudo-Word","Low",1,783.14
"827",67,"3",117,"33237","37","Consonant String","High",0,-596.35
"827",67,"3",118,"31112","12","Word","Low",1,515.88
"827",67,"3",119,"33211","11","Consonant String","High",1,559.75
"827",67,"3",135,"32124","24","Pseudo-Word","Low",1,805.58
"827",67,"3",126,"33223","23","Consonant String","High",1,646.66
"827",67,"3",127,"32130","30","Pseudo-Word","Low",1,550.2
"827",67,"3",128,"33215","15","Consonant String","High",1,564.73
"827",67,"3",129,"32225","25","Pseudo-Word","High",1,511.59
"827",67,"3",130,"32148","48","Pseudo-Word","Low",1,576.45
"827",67,"3",131,"33126","26","Consonant String","Low",0,-511.66
"827",67,"3",132,"32126","26","Pseudo-Word","Low",1,557.51
"827",67,"3",133,"31215","15","Word","High",1,556.04
"828",33,"4",29,"42232","32","Pseudo-Word","High",0,-132.64
"828",33,"4",30,"42111","11","Pseudo-Word","Low",0,-257.13
"828",33,"4",31,"41224","24","Word","High",1,145.95
"828",33,"4",32,"42139","39","Pseudo-Word","Low",1,127.78
"828",33,"4",28,"43121","21","Consonant String","Low",0,-125.15
"828",33,"4",66,"43111","11","Consonant String","Low",1,372.33
"828",33,"4",67,"43248","48","Consonant String","High",1,286.49
"828",33,"4",69,"43147","47","Consonant String","Low",0,-193.99
"828",33,"4",70,"41206","06","Word","High",0,-187.83
"828",33,"4",71,"42212","12","Pseudo-Word","High",0,-304.32
"828",33,"4",72,"41246","46","Word","High",0,-363.15
"828",33,"4",73,"42214","14","Pseudo-Word","High",0,-230.33
"828",33,"4",74,"41139","39","Word","Low",1,279.83
"828",33,"4",75,"43129","29","Consonant String","Low",1,302.33
"828",33,"4",76,"43101","01","Consonant String","Low",0,-158.16
"828",33,"4",77,"43214","14","Consonant String","High",1,442
"828",33,"4",78,"42210","10","Pseudo-Word","High",0,-138.83
"828",33,"4",80,"42147","47","Pseudo-Word","Low",1,274.32
"828",33,"4",81,"43119","19","Consonant String","Low",1,265.49
"828",33,"4",82,"43240","40","Consonant String","High",1,193.65
"828",33,"4",83,"42202","02","Pseudo-Word","High",0,-173.48
"828",33,"4",84,"43232","32","Consonant String","High",1,195.64
"828",33,"4",85,"42204","04","Pseudo-Word","High",0,-315.47
"828",33,"4",33,"43216","16","Consonant String","High",1,126.27
"828",33,"4",34,"41204","04","Word","High",0,-71.75
"828",33,"4",36,"42220","20","Pseudo-Word","High",0,-206.91
"828",33,"4",37,"41202","02","Word","High",1,334.74
"828",33,"4",38,"43137","37","Consonant String","Low",1,101.24
"828",33,"4",39,"42135","35","Pseudo-Word","Low",1,335.05
"828",33,"4",40,"41121","21","Word","Low",0,-389.57
"828",33,"4",41,"41133","33","Word","Low",0,-133.06
"828",33,"4",42,"43202","02","Consonant String","High",0,-752.58
"828",33,"4",43,"43143","43","Consonant String","Low",1,498.45
"828",33,"4",44,"41212","12","Word","High",0,-675.31
"828",33,"4",45,"43131","31","Consonant String","Low",0,-588.84
"828",33,"4",47,"43218","18","Consonant String","High",0,-403.37
"828",33,"4",48,"41115","15","Word","Low",1,229.2
"828",33,"4",49,"43113","13","Consonant String","Low",0,-360.71
"828",33,"4",50,"41234","34","Word","High",1,340.88
"828",33,"4",51,"42246","46","Pseudo-Word","High",1,443.4
"828",33,"4",61,"43123","23","Consonant String","Low",0,-248.19
"828",33,"4",62,"42131","31","Pseudo-Word","Low",1,228.01
"828",33,"4",63,"43244","44","Consonant String","High",1,179.5
"828",33,"4",64,"43109","09","Consonant String","Low",0,-204.99
"828",33,"4",65,"41101","01","Word","Low",0,-237.83
"828",33,"4",111,"42129","29","Pseudo-Word","Low",0,-242.29
"828",33,"4",113,"42113","13","Pseudo-Word","Low",0,-303.12
"828",33,"4",114,"41123","23","Word","Low",1,216.96
"828",33,"4",115,"43230","30","Consonant String","High",1,297.12
"828",33,"4",116,"42117","17","Pseudo-Word","Low",0,-259.2
"828",33,"4",117,"43246","46","Consonant String","High",0,-103.36
"828",33,"4",118,"42228","28","Pseudo-Word","High",1,211.18
"828",33,"4",119,"41214","14","Word","High",1,166.34
"828",33,"4",120,"41236","36","Word","High",0,-172.5
"828",33,"4",121,"43212","12","Consonant String","High",1,150.65
"828",33,"4",122,"43208","08","Consonant String","High",0,-210.48
"828",33,"4",124,"43226","26","Consonant String","High",0,-259.64
"828",33,"4",125,"42137","37","Pseudo-Word","Low",1,226.81
"828",33,"4",126,"42109","09","Pseudo-Word","Low",1,289.31
"828",33,"4",127,"42236","36","Pseudo-Word","High",1,271.8
"828",33,"4",128,"42206","06","Pseudo-Word","High",1,437.97
"828",33,"4",129,"41147","47","Word","Low",1,237.49
"828",33,"4",130,"42248","48","Pseudo-Word","High",0,-196.98
"828",33,"4",131,"42222","22","Pseudo-Word","High",0,-264.81
"828",33,"4",132,"42234","34","Pseudo-Word","High",0,-195.97
"828",33,"4",133,"41117","17","Word","Low",0,-70.79
"828",33,"4",135,"41105","05","Word","Low",1,144.94
"828",33,"4",136,"43141","41","Consonant String","Low",1,109.76
"828",33,"4",137,"42123","23","Pseudo-Word","Low",0,-224.92
"828",33,"4",138,"41220","20","Word","High",1,136.08
"828",33,"4",139,"41135","35","Word","Low",1,84.57
"828",33,"4",140,"41210","10","Word","High",1,14.04
"828",33,"4",141,"43234","34","Consonant String","High",1,198.19
"828",33,"4",142,"41111","11","Word","Low",1,182.02
"828",33,"4",143,"41107","07","Word","Low",1,115.51
"828",33,"4",144,"42230","30","Pseudo-Word","High",1,236.66
"828",33,"4",3,"42244","44","Pseudo-Word","High",0,-226.16
"828",33,"4",4,"41208","08","Word","High",0,-124.65
"828",33,"4",5,"43115","15","Consonant String","Low",1,205.8
"828",33,"4",6,"43125","25","Consonant String","Low",1,223.64
"828",33,"4",7,"43127","27","Consonant String","Low",0,-249.79
"828",33,"4",8,"41141","41","Word","Low",1,276.63
"828",33,"4",9,"42238","38","Pseudo-Word","High",1,275.13
"828",33,"4",10,"42218","18","Pseudo-Word","High",0,-324.64
"828",33,"4",11,"43135","35","Consonant String","Low",1,216.8
"828",33,"4",12,"41143","43","Word","Low",1,344.97
"828",33,"4",14,"41248","48","Word","High",1,604.82
"828",33,"4",15,"43236","36","Consonant String","High",1,387.68
"828",33,"4",16,"42226","26","Pseudo-Word","High",1,508.2
"828",33,"4",17,"41216","16","Word","High",0,-701.39
"828",33,"4",18,"41222","22","Word","High",1,175.24
"828",33,"4",19,"41232","32","Word","High",1,213.74
"828",33,"4",20,"41137","37","Word","Low",0,-383.91
"828",33,"4",21,"41109","09","Word","Low",0,-270.41
"828",33,"4",22,"41240","40","Word","High",1,612.58
"828",33,"4",23,"42133","33","Pseudo-Word","Low",1,454.78
"828",33,"4",25,"42115","15","Pseudo-Word","Low",0,-530.63
"828",33,"4",26,"43210","10","Consonant String","High",0,-354.15
"828",33,"4",27,"43238","38","Consonant String","High",0,-315.99
"828",33,"4",1,"43222","22","Consonant String","High",0,-393.26
"828",33,"4",57,"43242","42","Consonant String","High",0,-338.1
"828",33,"4",68,"43206","06","Consonant String","High",0,-186.61
"828",33,"4",79,"41228","28","Word","High",0,-185.09
"828",33,"4",90,"41238","38","Word","High",1,183.59
"828",33,"4",101,"43139","39","Consonant String","Low",0,-209.08
"828",33,"4",112,"42216","16","Pseudo-Word","High",0,-267.24
"828",33,"4",123,"41103","03","Word","Low",1,267.41
"828",33,"4",134,"43204","04","Consonant String","High",0,-148.57
"828",33,"4",2,"43228","28","Consonant String","High",0,-274.4
"828",33,"4",13,"43107","07","Consonant String","Low",0,-299.57
"828",33,"4",24,"43220","20","Consonant String","High",1,314.4
"828",33,"4",35,"42242","42","Pseudo-Word","High",1,361.57
"828",33,"4",46,"42127","27","Pseudo-Word","Low",1,226.75
"828",33,"4",52,"41244","44","Word","High",0,-230.24
"828",33,"4",53,"42141","41","Pseudo-Word","Low",1,172.73
"828",33,"4",54,"42125","25","Pseudo-Word","Low",0,-199.89
"828",33,"4",55,"41226","26","Word","High",1,47.71
"828",33,"4",56,"41127","27","Word","Low",1,175.53
"828",33,"4",58,"43105","05","Consonant String","Low",0,-219.02
"828",33,"4",59,"41125","25","Word","Low",0,-206.19
"828",33,"4",60,"41129","29","Word","Low",1,260.01
"828",33,"4",105,"43145","45","Consonant String","Low",1,124.28
"828",33,"4",106,"41145","45","Word","Low",1,169.44
"828",33,"4",107,"43224","24","Consonant String","High",1,431.6
"828",33,"4",108,"42101","01","Pseudo-Word","Low",1,375.12
"828",33,"4",109,"42119","19","Pseudo-Word","Low",0,-326.63
"828",33,"4",110,"42103","03","Pseudo-Word","Low",0,-170.13
"828",33,"4",96,"43103","03","Consonant String","Low",0,-199.38
"828",33,"4",97,"43133","33","Consonant String","Low",1,284.2
"828",33,"4",98,"42107","07","Pseudo-Word","Low",0,-95.69
"828",33,"4",99,"42145","45","Pseudo-Word","Low",1,56.51
"828",33,"4",86,"42121","21","Pseudo-Word","Low",0,-162.62
"828",33,"4",87,"41242","42","Word","High",0,-170.79
"828",33,"4",88,"41131","31","Word","Low",1,127.94
"828",33,"4",89,"42240","40","Pseudo-Word","High",0,-155.43
"828",33,"4",91,"41113","13","Word","Low",0,-90.25
"828",33,"4",92,"42208","08","Pseudo-Word","High",1,132.73
"828",33,"4",93,"41119","19","Word","Low",0,-158.23
"828",33,"4",94,"42143","43","Pseudo-Word","Low",1,267.05
"828",33,"4",95,"41218","18","Word","High",1,223.21
"828",33,"4",100,"43117","17","Consonant String","Low",0,-123.33
"828",33,"4",102,"42105","05","Pseudo-Word","Low",1,213.49
"828",33,"4",103,"41230","30","Word","High",1,166.64
"828",33,"4",104,"42224","24","Pseudo-Word","High",0,-190.8
"829",33,"1",112,"11108","08","Word","Low",1,659.61
"829",33,"1",123,"13235","35","Consonant String","High",1,1117.83
"829",33,"1",134,"11104","04","Word","Low",0,-1168.08
"829",33,"1",2,"12104","04","Pseudo-Word","Low",1,885.32
"829",33,"1",52,"13239","39","Consonant String","High",0,-1284.18
"829",33,"1",53,"12217","17","Pseudo-Word","High",0,-1160.77
"829",33,"1",54,"13241","41","Consonant String","High",1,958.01
"829",33,"1",55,"12227","27","Pseudo-Word","High",0,-752.23
"829",33,"1",56,"11124","24","Word","Low",1,549.12
"829",33,"1",58,"11144","44","Word","Low",1,737.98
"829",33,"1",59,"11132","32","Word","Low",1,1317.55
"829",33,"1",60,"12247","47","Pseudo-Word","High",1,757.79
"829",33,"1",61,"11237","37","Word","High",1,820.01
"829",33,"1",13,"13207","07","Consonant String","High",1,1123.89
"829",33,"1",24,"11114","14","Word","Low",1,750.13
"829",33,"1",35,"13118","18","Consonant String","Low",0,-1329.03
"829",33,"1",46,"11136","36","Word","Low",1,637.61
"829",33,"1",1,"12116","16","Pseudo-Word","Low",1,648.52
"829",33,"1",57,"13124","24","Consonant String","Low",0,-950.42
"829",33,"1",68,"12241","41","Pseudo-Word","High",0,-1296.31
"829",33,"1",79,"11241","41","Word","High",1,738.23
"829",33,"1",90,"11215","15","Word","High",1,1071.79
"829",33,"1",101,"13209","09","Consonant String","High",1,1188.04
"829",33,"1",87,"12211","11","Pseudo-Word","High",1,790.28
"829",33,"1",88,"13221","21","Consonant String","High",1,885.85
"829",33,"1",89,"11247","47","Word","High",1,577.39
"829",33,"1",91,"12134","34","Pseudo-Word","Low",0,-1789.97
"829",33,"1",92,"11223","23","Word","High",1,766.57
"829",33,"1",93,"12138","38","Pseudo-Word","Low",0,-1189.81
"829",33,"1",94,"13237","37","Consonant String","High",1,1115.39
"829",33,"1",95,"11126","26","Word","Low",1,577.63
"829",33,"1",96,"11227","27","Word","High",1,759.16
"829",33,"1",97,"12233","33","Pseudo-Word","High",1,970.36
"829",33,"1",98,"11116","16","Word","Low",0,-1022.62
"829",33,"1",99,"11211","11","Word","High",1,682.84
"829",33,"1",100,"11122","22","Word","Low",1,593.39
"829",33,"1",102,"13247","47","Consonant String","High",1,1234.28
"829",33,"1",103,"13225","25","Consonant String","High",0,-862.85
"829",33,"1",104,"12215","15","Pseudo-Word","High",1,677.07
"829",33,"1",105,"12235","35","Pseudo-Word","High",1,1020.63
"829",33,"1",106,"13217","17","Consonant String","High",1,668.85
"829",33,"1",107,"13233","33","Consonant String","High",0,-873.06
"829",33,"1",108,"13134","34","Consonant String","Low",1,632.28
"829",33,"1",109,"11142","42","Word","Low",1,485.81
"829",33,"1",110,"13136","36","Consonant String","Low",0,-936.35
"829",33,"1",111,"12225","25","Pseudo-Word","High",1,1230.92
"829",33,"1",113,"13110","10","Consonant String","Low",1,812.5
"829",33,"1",114,"13102","02","Consonant String","Low",0,-1118.73
"829",33,"1",115,"13142","42","Consonant String","Low",0,-1063.98
"829",33,"1",116,"13128","28","Consonant String","Low",0,-643.45
"829",33,"1",117,"12221","21","Pseudo-Word","High",1,657.31
"829",33,"1",118,"12112","12","Pseudo-Word","Low",1,721.2
"829",33,"1",119,"12243","43","Pseudo-Word","High",1,630.39
"829",33,"1",120,"12140","40","Pseudo-Word","Low",0,-1175.96
"829",33,"1",121,"11235","35","Word","High",1,911.54
"829",33,"1",122,"13245","45","Consonant String","High",1,1089.77
"829",33,"1",124,"11102","02","Word","Low",0,-1479.37
"829",33,"1",125,"11213","13","Word","High",1,816.96
"829",33,"1",126,"11229","29","Word","High",1,1219.2
"829",33,"1",127,"11203","03","Word","High",1,1311.46
"829",33,"1",128,"11243","43","Word","High",1,1163.71
"829",33,"1",129,"12209","09","Pseudo-Word","High",1,1151.98
"829",33,"1",130,"12136","36","Pseudo-Word","Low",0,-1070.89
"829",33,"1",131,"12102","02","Pseudo-Word","Low",1,1587.15
"829",33,"1",132,"11120","20","Word","Low",1,792.75
"829",33,"1",133,"11231","31","Word","High",1,895.64
"829",33,"1",135,"12124","24","Pseudo-Word","Low",1,653.53
"829",33,"1",136,"12142","42","Pseudo-Word","Low",1,893.41
"829",33,"1",137,"11138","38","Word","Low",1,740.29
"829",33,"1",138,"12132","32","Pseudo-Word","Low",1,877.84
"829",33,"1",139,"12237","37","Pseudo-Word","High",1,1017.41
"829",33,"1",140,"11130","30","Word","Low",1,959.65
"829",33,"1",141,"12108","08","Pseudo-Word","Low",1,782.88
"829",33,"1",142,"12106","06","Pseudo-Word","Low",1,1141.44
"829",33,"1",143,"12231","31","Pseudo-Word","High",1,772.35
"829",33,"1",144,"12144","44","Pseudo-Word","Low",1,567.56
"829",33,"1",3,"12110","10","Pseudo-Word","Low",1,885.76
"829",33,"1",4,"12219","19","Pseudo-Word","High",1,641.32
"829",33,"1",5,"11110","10","Word","Low",1,628.19
"829",33,"1",6,"11225","25","Word","High",1,792.73
"829",33,"1",7,"12205","05","Pseudo-Word","High",1,1567.63
"829",33,"1",8,"13106","06","Consonant String","Low",0,-839.9
"829",33,"1",9,"13231","31","Consonant String","High",1,876.46
"829",33,"1",10,"13130","30","Consonant String","Low",1,922.02
"829",33,"1",11,"13213","13","Consonant String","High",1,852.25
"829",33,"1",12,"13112","12","Consonant String","Low",1,927.15
"829",33,"1",14,"12118","18","Pseudo-Word","Low",1,1419.73
"829",33,"1",15,"12239","39","Pseudo-Word","High",1,729.98
"829",33,"1",16,"13144","44","Consonant String","Low",1,802.53
"829",33,"1",17,"13211","11","Consonant String","High",1,820.42
"829",33,"1",18,"12128","28","Pseudo-Word","Low",1,619.62
"829",33,"1",19,"13116","16","Consonant String","Low",1,1786.87
"829",33,"1",20,"11217","17","Word","High",0,-561.47
"829",33,"1",21,"11140","40","Word","Low",1,568.67
"829",33,"1",22,"12223","23","Pseudo-Word","High",1,700.87
"829",33,"1",23,"11134","34","Word","Low",1,541.74
"829",33,"1",25,"13205","05","Consonant String","High",1,1063.61
"829",33,"1",26,"12229","29","Pseudo-Word","High",0,-833.85
"829",33,"1",27,"13148","48","Consonant String","Low",0,-803.41
"829",33,"1",28,"12207","07","Pseudo-Word","High",1,855.29
"829",33,"1",29,"13114","14","Consonant String","Low",1,867.18
"829",33,"1",30,"13243","43","Consonant String","High",1,607.4
"829",33,"1",31,"12146","46","Pseudo-Word","Low",0,-899.28
"829",33,"1",32,"11128","28","Word","Low",1,751.17
"829",33,"1",33,"11207","07","Word","High",1,632.04
"829",33,"1",34,"12203","03","Pseudo-Word","High",1,671.59
"829",33,"1",36,"13215","15","Consonant String","High",1,637.79
"829",33,"1",37,"11118","18","Word","Low",1,753.33
"829",33,"1",38,"12148","48","Pseudo-Word","Low",1,881.22
"829",33,"1",39,"12120","20","Pseudo-Word","Low",1,840.77
"829",33,"1",40,"12114","14","Pseudo-Word","Low",1,694.32
"829",33,"1",41,"13108","08","Consonant String","Low",0,-667.19
"829",33,"1",42,"13203","03","Consonant String","High",1,608.39
"829",33,"1",43,"11245","45","Word","High",1,624.27
"829",33,"1",44,"13138","38","Consonant String","Low",0,-450.46
"829",33,"1",45,"11209","09","Word","High",1,588.32
"829",33,"1",47,"11106","06","Word","Low",1,847.86
"829",33,"1",48,"11201","01","Word","High",1,858.74
"829",33,"1",49,"11233","33","Word","High",1,625.97
"829",33,"1",50,"13122","22","Consonant String","Low",1,560.5
"829",33,"1",51,"13140","40","Consonant String","Low",0,-850.7
"829",33,"1",62,"12130","30","Pseudo-Word","Low",1,1084.24
"829",33,"1",63,"11221","21","Word","High",1,734.82
"829",33,"1",64,"13219","19","Consonant String","High",1,1097.37
"829",33,"1",65,"13104","04","Consonant String","Low",1,1181.29
"829",33,"1",66,"13126","26","Consonant String","Low",1,933.87
"829",33,"1",67,"13227","27","Consonant String","High",0,-1344.44
"829",33,"1",69,"13132","32","Consonant String","Low",1,1235.39
"829",33,"1",70,"11146","46","Word","Low",1,1076.97
"829",33,"1",71,"13229","29","Consonant String","High",0,-1077.56
"829",33,"1",72,"11239","39","Word","High",1,663.11
"829",33,"1",73,"11112","12","Word","Low",1,595.31
"829",33,"1",74,"12201","01","Pseudo-Word","High",0,-1384.21
"829",33,"1",75,"11219","19","Word","High",1,678.81
"829",33,"1",76,"12122","22","Pseudo-Word","Low",1,970.35
"829",33,"1",77,"13223","23","Consonant String","High",0,-1324.59
"829",33,"1",78,"13201","01","Consonant String","High",1,1143.86
"829",33,"1",80,"13146","46","Consonant String","Low",0,-1178.79
"829",33,"1",81,"12213","13","Pseudo-Word","High",0,-1112.36
"829",33,"1",82,"11205","05","Word","High",1,575.59
"829",33,"1",83,"13120","20","Consonant String","Low",1,599.13
"829",33,"1",84,"11148","48","Word","Low",1,550
"829",33,"1",85,"12245","45","Pseudo-Word","High",0,-668.86
"829",33,"1",86,"12126","26","Pseudo-Word","Low",1,763.07
"831",33,"3",1,"31146","46","Word","Low",1,615.36
"831",33,"3",57,"33207","07","Consonant String","High",1,1112.57
"831",33,"3",68,"33146","46","Consonant String","Low",1,580.81
"831",33,"3",79,"31126","26","Word","Low",1,1170.36
"831",33,"3",90,"32211","11","Pseudo-Word","High",0,-1374.62
"831",33,"3",101,"33219","19","Consonant String","High",0,-1491.23
"831",33,"3",112,"31130","30","Word","Low",1,558.14
"831",33,"3",123,"33104","04","Consonant String","Low",1,987.03
"831",33,"3",134,"32235","35","Pseudo-Word","High",0,-1350.61
"831",33,"3",2,"33144","44","Consonant String","Low",0,-653.52
"831",33,"3",13,"33241","41","Consonant String","High",1,706.4
"831",33,"3",24,"33239","39","Consonant String","High",1,1915.32
"831",33,"3",35,"31229","29","Word","High",1,958.6
"831",33,"3",46,"31120","20","Word","Low",1,676.5
"831",33,"3",52,"32229","29","Pseudo-Word","High",0,-1313.07
"831",33,"3",53,"32104","04","Pseudo-Word","Low",1,1127.32
"831",33,"3",54,"33231","31","Consonant String","High",0,-668.88
"831",33,"3",55,"33110","10","Consonant String","Low",0,-566.07
"831",33,"3",56,"32219","19","Pseudo-Word","High",0,-1304.3
"831",33,"3",58,"31225","25","Word","High",1,677.21
"831",33,"3",59,"33106","06","Consonant String","Low",1,1610.79
"831",33,"3",60,"33140","40","Consonant String","Low",1,678.06
"831",33,"3",61,"32122","22","Pseudo-Word","Low",1,1864.64
"831",33,"3",62,"32227","27","Pseudo-Word","High",0,-1036.94
"831",33,"3",63,"33215","15","Consonant String","High",1,816.5
"831",33,"3",64,"33221","21","Consonant String","High",0,-566.71
"831",33,"3",65,"31112","12","Word","Low",1,548.9
"831",33,"3",66,"32126","26","Pseudo-Word","Low",0,-1639.8
"831",33,"3",67,"32217","17","Pseudo-Word","High",1,916.42
"831",33,"3",69,"33126","26","Consonant String","Low",1,805.64
"831",33,"3",70,"31245","45","Word","High",0,-1718.55
"831",33,"3",71,"32231","31","Pseudo-Word","High",1,522.82
"831",33,"3",72,"33205","05","Consonant String","High",1,539.01
"831",33,"3",73,"33142","42","Consonant String","Low",0,-1029.56
"831",33,"3",74,"33211","11","Consonant String","High",0,-489.11
"831",33,"3",75,"32225","25","Pseudo-Word","High",0,-1291.66
"831",33,"3",76,"32233","33","Pseudo-Word","High",0,-854.58
"831",33,"3",77,"33247","47","Consonant String","High",1,474.45
"831",33,"3",78,"32106","06","Pseudo-Word","Low",1,612.65
"831",33,"3",80,"31132","32","Word","Low",1,497.82
"831",33,"3",81,"32243","43","Pseudo-Word","High",1,870.71
"831",33,"3",82,"32237","37","Pseudo-Word","High",1,913.94
"831",33,"3",83,"33124","24","Consonant String","Low",0,-1096.17
"831",33,"3",84,"32124","24","Pseudo-Word","Low",1,881.08
"831",33,"3",85,"31227","27","Word","High",0,-1165.65
"831",33,"3",86,"31243","43","Word","High",1,489.88
"831",33,"3",87,"31116","16","Word","Low",1,658.4
"831",33,"3",88,"31124","24","Word","Low",0,-581.28
"831",33,"3",89,"31237","37","Word","High",1,606.82
"831",33,"3",91,"31118","18","Word","Low",1,526.67
"831",33,"3",92,"31207","07","Word","High",1,719.21
"831",33,"3",93,"32130","30","Pseudo-Word","Low",1,1893.46
"831",33,"3",94,"31215","15","Word","High",0,-1061.42
"831",33,"3",95,"33237","37","Consonant String","High",1,1037.67
"831",33,"3",96,"32108","08","Pseudo-Word","Low",1,917.23
"831",33,"3",97,"33122","22","Consonant String","Low",1,1098.46
"831",33,"3",98,"33116","16","Consonant String","Low",0,-981.38
"831",33,"3",99,"31231","31","Word","High",0,-1104.95
"831",33,"3",100,"33243","43","Consonant String","High",1,865.86
"831",33,"3",102,"31209","09","Word","High",1,1377.1
"831",33,"3",103,"31102","02","Word","Low",0,-1359.71
"831",33,"3",104,"33245","45","Consonant String","High",1,996.97
"831",33,"3",105,"32203","03","Pseudo-Word","High",1,836.87
"831",33,"3",106,"31128","28","Word","Low",0,-1013.42
"831",33,"3",107,"31122","22","Word","Low",1,657.66
"831",33,"3",108,"33114","14","Consonant String","Low",1,1296.55
"831",33,"3",109,"33134","34","Consonant String","Low",1,796.46
"831",33,"3",110,"31134","34","Word","Low",0,-1087.36
"831",33,"3",111,"33233","33","Consonant String","High",1,1486.96
"831",33,"3",113,"32201","01","Pseudo-Word","High",0,-845.55
"831",33,"3",114,"32239","39","Pseudo-Word","High",1,1317.46
"831",33,"3",115,"31142","42","Word","Low",1,528.69
"831",33,"3",116,"32142","42","Pseudo-Word","Low",1,1585.57
"831",33,"3",117,"31148","48","Word","Low",1,739.18
"831",33,"3",118,"31201","01","Word","High",1,975.73
"831",33,"3",119,"31235","35","Word","High",0,-779.3
"831",33,"3",120,"31239","39","Word","High",1,962.85
"831",33,"3",121,"33128","28","Consonant String","Low",0,-881.08
"831",33,"3",122,"31213","13","Word","High",1,1371.66
"831",33,"3",124,"33201","01","Consonant String","High",0,-1119.92
"831",33,"3",125,"32223","23","Pseudo-Word","High",1,1564.19
"831",33,"3",126,"31223","23","Word","High",1,604.44
"831",33,"3",127,"32221","21","Pseudo-Word","High",1,951.32
"831",33,"3",128,"33118","18","Consonant String","Low",0,-1537.25
"831",33,"3",129,"33203","03","Consonant String","High",1,945.84
"831",33,"3",130,"33138","38","Consonant String","Low",1,629.73
"831",33,"3",131,"33120","20","Consonant String","Low",1,613.26
"831",33,"3",132,"32247","47","Pseudo-Word","High",1,626.47
"831",33,"3",133,"32136","36","Pseudo-Word","Low",1,752.01
"831",33,"3",135,"32110","10","Pseudo-Word","Low",1,745.87
"831",33,"3",136,"31217","17","Word","High",1,660.76
"831",33,"3",137,"31247","47","Word","High",1,678.97
"831",33,"3",138,"33229","29","Consonant String","High",0,-848.52
"831",33,"3",139,"33148","48","Consonant String","Low",1,623.4
"831",33,"3",140,"32120","20","Pseudo-Word","Low",1,550.6
"831",33,"3",141,"33108","08","Consonant String","Low",1,960.47
"831",33,"3",142,"32209","09","Pseudo-Word","High",1,1072.71
"831",33,"3",143,"33102","02","Consonant String","Low",0,-800.95
"831",33,"3",144,"33136","36","Consonant String","Low",0,-1272.85
"831",33,"3",3,"32134","34","Pseudo-Word","Low",1,694.09
"831",33,"3",4,"32205","05","Pseudo-Word","High",1,858.04
"831",33,"3",5,"32132","32","Pseudo-Word","Low",1,685.19
"831",33,"3",6,"33223","23","Consonant String","High",1,605.74
"831",33,"3",7,"32241","41","Pseudo-Word","High",1,1468.63
"831",33,"3",8,"32144","44","Pseudo-Word","Low",1,1320.91
"831",33,"3",9,"31114","14","Word","Low",1,684.15
"831",33,"3",10,"32146","46","Pseudo-Word","Low",1,927.7
"831",33,"3",11,"31140","40","Word","Low",1,712.25
"831",33,"3",12,"32118","18","Pseudo-Word","Low",1,638.47
"831",33,"3",14,"33217","17","Consonant String","High",0,-2281.06
"831",33,"3",15,"32114","14","Pseudo-Word","Low",1,927.71
"831",33,"3",16,"31136","36","Word","Low",0,-1136.28
"831",33,"3",17,"33235","35","Consonant String","High",1,513.84
"831",33,"3",18,"32213","13","Pseudo-Word","High",1,1007.05
"831",33,"3",19,"31211","11","Word","High",1,502.93
"831",33,"3",20,"32138","38","Pseudo-Word","Low",1,687.79
"831",33,"3",21,"32128","28","Pseudo-Word","Low",0,-567.33
"831",33,"3",22,"31138","38","Word","Low",0,-560.53
"831",33,"3",23,"32148","48","Pseudo-Word","Low",0,-1063.75
"831",33,"3",25,"32215","15","Pseudo-Word","High",1,694.98
"831",33,"3",26,"31104","04","Word","Low",1,924.86
"831",33,"3",27,"33227","27","Consonant String","High",0,-1622.12
"831",33,"3",28,"33132","32","Consonant String","Low",1,675.37
"831",33,"3",29,"31219","19","Word","High",1,612.92
"831",33,"3",30,"32116","16","Pseudo-Word","Low",1,609.12
"831",33,"3",31,"32102","02","Pseudo-Word","Low",0,-1517.36
"831",33,"3",32,"31106","06","Word","Low",1,1199.62
"831",33,"3",33,"33225","25","Consonant String","High",1,893.54
"831",33,"3",34,"31205","05","Word","High",1,1336.44
"831",33,"3",36,"32207","07","Pseudo-Word","High",0,-1109.05
"831",33,"3",37,"31203","03","Word","High",1,571.27
"831",33,"3",38,"32140","40","Pseudo-Word","Low",1,707.47
"831",33,"3",39,"33130","30","Consonant String","Low",0,-910.36
"831",33,"3",40,"32112","12","Pseudo-Word","Low",1,625.58
"831",33,"3",41,"31221","21","Word","High",1,584.12
"831",33,"3",42,"31241","41","Word","High",1,1264.67
"831",33,"3",43,"31233","33","Word","High",1,1027.93
"831",33,"3",44,"33112","12","Consonant String","Low",1,685.49
"831",33,"3",45,"31108","08","Word","Low",1,539.02
"831",33,"3",47,"33209","09","Consonant String","High",1,511.54
"831",33,"3",48,"32245","45","Pseudo-Word","High",0,-599.72
"831",33,"3",49,"31144","44","Word","Low",0,-1487.64
"831",33,"3",50,"31110","10","Word","Low",1,711.23
"831",33,"3",51,"33213","13","Consonant String","High",1,795.44
"832",33,"4",1,"43135","35","Consonant String","Low",0,-1358.54
"832",33,"4",57,"42143","43","Pseudo-Word","Low",0,-1127.47
"832",33,"4",68,"43206","06","Consonant String","High",1,2942.12
"832",33,"4",79,"43240","40","Consonant String","High",0,-2328.18
"832",33,"4",90,"41129","29","Word","Low",0,-1495.85
"832",33,"4",101,"43115","15","Consonant String","Low",0,-2099.82
"832",33,"4",112,"41232","32","Word","High",1,1214.8
"832",33,"4",123,"41113","13","Word","Low",1,729.03
"832",33,"4",134,"43103","03","Consonant String","Low",1,829.58
"832",33,"4",2,"42145","45","Pseudo-Word","Low",1,1487.17
"832",33,"4",13,"41246","46","Word","High",0,-1106.76
"832",33,"4",24,"43220","20","Consonant String","High",0,-1975.71
"832",33,"4",35,"43238","38","Consonant String","High",0,-952.34
"832",33,"4",46,"41218","18","Word","High",1,1325.25
"832",33,"4",52,"42240","40","Pseudo-Word","High",0,-898.84
"832",33,"4",53,"42103","03","Pseudo-Word","Low",1,956.73
"832",33,"4",54,"41226","26","Word","High",1,1051.63
"832",33,"4",55,"43248","48","Consonant String","High",0,-1777.58
"832",33,"4",56,"42208","08","Pseudo-Word","High",1,1111.19
"832",33,"4",58,"41242","42","Word","High",1,1151.43
"832",33,"4",59,"42216","16","Pseudo-Word","High",1,1442.37
"832",33,"4",60,"41127","27","Word","Low",1,1742.32
"832",33,"4",61,"43117","17","Consonant String","Low",1,1380.28
"832",33,"4",62,"42234","34","Pseudo-Word","High",1,923.87
"832",33,"4",63,"43202","02","Consonant String","High",0,-1280.12
"832",33,"4",64,"42111","11","Pseudo-Word","Low",1,1269.71
"832",33,"4",65,"42244","44","Pseudo-Word","High",0,-1445.99
"832",33,"4",66,"42202","02","Pseudo-Word","High",0,-1226.92
"832",33,"4",67,"43242","42","Consonant String","High",1,1266.51
"832",33,"4",69,"43139","39","Consonant String","Low",0,-1018.76
"832",33,"4",70,"41212","12","Word","High",0,-1332.02
"832",33,"4",71,"41208","08","Word","High",1,1777.63
"832",33,"4",72,"43236","36","Consonant String","High",0,-2569.31
"832",33,"4",73,"41220","20","Word","High",1,1353.65
"832",33,"4",74,"43131","31","Consonant String","Low",1,1621.59
"832",33,"4",75,"42117","17","Pseudo-Word","Low",0,-1405.88
"832",33,"4",76,"42123","23","Pseudo-Word","Low",1,1113.82
"832",33,"4",77,"41222","22","Word","High",1,1020.06
"832",33,"4",78,"41135","35","Word","Low",1,867.29
"832",33,"4",80,"41216","16","Word","High",0,-1531.54
"832",33,"4",81,"41107","07","Word","Low",1,896.13
"832",33,"4",82,"41119","19","Word","Low",1,906.03
"832",33,"4",83,"43232","32","Consonant String","High",1,925.92
"832",33,"4",84,"43212","12","Consonant String","High",1,1406.5
"832",33,"4",85,"43145","45","Consonant String","Low",1,2168.48
"832",33,"4",86,"43107","07","Consonant String","Low",1,1565.8
"832",33,"4",87,"42246","46","Pseudo-Word","High",0,-1051.07
"832",33,"4",88,"41228","28","Word","High",1,2027.01
"832",33,"4",89,"41139","39","Word","Low",1,939.31
"832",33,"4",91,"42226","26","Pseudo-Word","High",1,705.86
"832",33,"4",92,"43101","01","Consonant String","Low",0,-2077.79
"832",33,"4",93,"42232","32","Pseudo-Word","High",1,1364.43
"832",33,"4",94,"43141","41","Consonant String","Low",1,2898.76
"832",33,"4",95,"43226","26","Consonant String","High",0,-2007.81
"832",33,"4",96,"43230","30","Consonant String","High",0,-1449.12
"832",33,"4",97,"42242","42","Pseudo-Word","High",0,-2842.12
"832",33,"4",98,"42115","15","Pseudo-Word","Low",1,1256.14
"832",33,"4",99,"42113","13","Pseudo-Word","Low",0,-1525.07
"832",33,"4",100,"41109","09","Word","Low",1,809.34
"832",33,"4",102,"43216","16","Consonant String","High",0,-2241.6
"832",33,"4",103,"43105","05","Consonant String","Low",1,1173.58
"832",33,"4",104,"42119","19","Pseudo-Word","Low",1,1345.84
"832",33,"4",105,"42107","07","Pseudo-Word","Low",1,1504.78
"832",33,"4",106,"43127","27","Consonant String","Low",0,-1773.75
"832",33,"4",107,"43111","11","Consonant String","Low",1,954.01
"832",33,"4",108,"43214","14","Consonant String","High",0,-3355.01
"832",33,"4",109,"42105","05","Pseudo-Word","Low",1,832.04
"832",33,"4",110,"41214","14","Word","High",1,1189.6
"832",33,"4",111,"43109","09","Consonant String","Low",0,-2075.23
"832",33,"4",113,"43218","18","Consonant String","High",0,-1576.88
"832",33,"4",114,"41133","33","Word","Low",1,970.48
"832",33,"4",115,"43113","13","Consonant String","Low",0,-2400.77
"832",33,"4",116,"42214","14","Pseudo-Word","High",1,1072.66
"832",33,"4",117,"41125","25","Word","Low",1,891.9
"832",33,"4",118,"42109","09","Pseudo-Word","Low",1,1045.8
"832",33,"4",119,"41210","10","Word","High",1,767.69
"832",33,"4",120,"41147","47","Word","Low",1,2580.97
"832",33,"4",121,"43123","23","Consonant String","Low",1,885.62
"832",33,"4",122,"42204","04","Pseudo-Word","High",1,882.18
"832",33,"4",124,"41206","06","Word","High",0,-1869.78
"832",33,"4",125,"43244","44","Consonant String","High",1,1807.09
"832",33,"4",126,"42147","47","Pseudo-Word","Low",1,1255.05
"832",33,"4",127,"42141","41","Pseudo-Word","Low",1,1396.98
"832",33,"4",128,"41143","43","Word","Low",0,-797.9
"832",33,"4",129,"42230","30","Pseudo-Word","High",0,-1545.85
"832",33,"4",130,"43210","10","Consonant String","High",1,2425.8
"832",33,"4",131,"41103","03","Word","Low",1,887.44
"832",33,"4",132,"42206","06","Pseudo-Word","High",0,-845
"832",33,"4",133,"42121","21","Pseudo-Word","Low",1,1695.25
"832",33,"4",135,"43143","43","Consonant String","Low",1,1433.22
"832",33,"4",136,"42224","24","Pseudo-Word","High",0,-2422.86
"832",33,"4",137,"42238","38","Pseudo-Word","High",1,1350.19
"832",33,"4",138,"43222","22","Consonant String","High",0,-1563.14
"832",33,"4",139,"42212","12","Pseudo-Word","High",1,924.41
"832",33,"4",140,"43119","19","Consonant String","Low",0,-2250.67
"832",33,"4",141,"43125","25","Consonant String","Low",1,1633.67
"832",33,"4",142,"41123","23","Word","Low",1,897.28
"832",33,"4",143,"42101","01","Pseudo-Word","Low",0,-1754.2
"832",33,"4",144,"42127","27","Pseudo-Word","Low",1,1144.15
"832",33,"4",3,"43208","08","Consonant String","High",1,1453.08
"832",33,"4",4,"43228","28","Consonant String","High",0,-1876.04
"832",33,"4",5,"43129","29","Consonant String","Low",0,-2022.7
"832",33,"4",6,"41145","45","Word","Low",1,1070
"832",33,"4",7,"42220","20","Pseudo-Word","High",1,1485.26
"832",33,"4",8,"41101","01","Word","Low",1,1287.86
"832",33,"4",9,"42129","29","Pseudo-Word","Low",1,3039.52
"832",33,"4",10,"42131","31","Pseudo-Word","Low",1,2983.28
"832",33,"4",11,"41224","24","Word","High",1,624.95
"832",33,"4",12,"42125","25","Pseudo-Word","Low",0,-2554.23
"832",33,"4",14,"41230","30","Word","High",1,2317.26
"832",33,"4",15,"41111","11","Word","Low",1,865.57
"832",33,"4",16,"41234","34","Word","High",1,915.8
"832",33,"4",17,"43246","46","Consonant String","High",1,2451.07
"832",33,"4",18,"41121","21","Word","Low",1,834.06
"832",33,"4",19,"42139","39","Pseudo-Word","Low",1,1576.64
"832",33,"4",20,"42236","36","Pseudo-Word","High",0,-3837.34
"832",33,"4",21,"42210","10","Pseudo-Word","High",1,3854.19
"832",33,"4",22,"41115","15","Word","Low",1,1782.27
"832",33,"4",23,"42222","22","Pseudo-Word","High",0,-2637.96
"832",33,"4",25,"41238","38","Word","High",1,1116.62
"832",33,"4",26,"42137","37","Pseudo-Word","Low",1,1282.87
"832",33,"4",27,"41141","41","Word","Low",1,1198.46
"832",33,"4",28,"41240","40","Word","High",1,773.38
"832",33,"4",29,"41137","37","Word","Low",0,-1608.63
"832",33,"4",30,"43224","24","Consonant String","High",1,2494.62
"832",33,"4",31,"42218","18","Pseudo-Word","High",0,-1298.61
"832",33,"4",32,"41236","36","Word","High",1,1238.53
"832",33,"4",33,"41248","48","Word","High",1,827.11
"832",33,"4",34,"43147","47","Consonant String","Low",1,884.67
"832",33,"4",36,"43204","04","Consonant String","High",1,2834.3
"832",33,"4",37,"43234","34","Consonant String","High",1,765.97
"832",33,"4",38,"42135","35","Pseudo-Word","Low",1,1919.22
"832",33,"4",39,"41204","04","Word","High",1,1675.54
"832",33,"4",40,"41244","44","Word","High",1,647.13
"832",33,"4",41,"43137","37","Consonant String","Low",1,958
"832",33,"4",42,"43133","33","Consonant String","Low",1,1760.27
"832",33,"4",43,"42248","48","Pseudo-Word","High",1,679.54
"832",33,"4",44,"41202","02","Word","High",1,1202.1
"832",33,"4",45,"41131","31","Word","Low",1,757.01
"832",33,"4",47,"41105","05","Word","Low",1,1125.89
"832",33,"4",48,"42133","33","Pseudo-Word","Low",1,767.47
"832",33,"4",49,"41117","17","Word","Low",1,780.68
"832",33,"4",50,"43121","21","Consonant String","Low",1,1554.25
"832",33,"4",51,"42228","28","Pseudo-Word","High",1,945.19
"833",83,"1",1,"13207","07","Consonant String","High",1,639.45
"833",83,"1",57,"12138","38","Pseudo-Word","Low",1,681
"833",83,"1",68,"11221","21","Word","High",1,778.55
"833",83,"1",79,"13213","13","Consonant String","High",1,519.09
"833",83,"1",90,"12142","42","Pseudo-Word","Low",1,491.29
"833",83,"1",101,"11118","18","Word","Low",1,601.16
"833",83,"1",112,"12207","07","Pseudo-Word","High",1,619.02
"833",83,"1",123,"12108","08","Pseudo-Word","Low",1,617.24
"833",83,"1",134,"12134","34","Pseudo-Word","Low",1,640.44
"833",83,"1",2,"12205","05","Pseudo-Word","High",1,488.98
"833",83,"1",13,"13211","11","Consonant String","High",0,-649.52
"833",83,"1",24,"13144","44","Consonant String","Low",0,-469.38
"833",83,"1",35,"11241","41","Word","High",1,680.58
"833",83,"1",46,"13245","45","Consonant String","High",1,784.13
"833",83,"1",52,"11116","16","Word","Low",0,-572.67
"833",83,"1",53,"13122","22","Consonant String","Low",1,477.87
"833",83,"1",54,"13112","12","Consonant String","Low",0,-539.4
"833",83,"1",55,"13231","31","Consonant String","High",1,717.94
"833",83,"1",56,"12116","16","Pseudo-Word","Low",1,508.15
"833",83,"1",58,"11205","05","Word","High",1,508.01
"833",83,"1",59,"12110","10","Pseudo-Word","Low",1,966.24
"833",83,"1",60,"11201","01","Word","High",1,806.46
"833",83,"1",61,"13233","33","Consonant String","High",1,729.33
"833",83,"1",62,"11235","35","Word","High",1,665.9
"833",83,"1",63,"11217","17","Word","High",1,497.1
"833",83,"1",64,"13108","08","Consonant String","Low",0,-590.97
"833",83,"1",65,"11134","34","Word","Low",1,496.5
"833",83,"1",66,"12243","43","Pseudo-Word","High",1,653.38
"833",83,"1",67,"11239","39","Word","High",1,647.24
"833",83,"1",69,"13136","36","Consonant String","Low",1,454.11
"833",83,"1",70,"12132","32","Pseudo-Word","Low",0,-371.97
"833",83,"1",71,"11138","38","Word","Low",0,-422.15
"833",83,"1",72,"12112","12","Pseudo-Word","Low",1,694.35
"833",83,"1",73,"13217","17","Consonant String","High",1,534.22
"833",83,"1",74,"11148","48","Word","Low",1,421.75
"833",83,"1",75,"11126","26","Word","Low",1,472.94
"833",83,"1",76,"13134","34","Consonant String","Low",1,601.14
"833",83,"1",77,"12106","06","Pseudo-Word","Low",1,492.01
"833",83,"1",78,"11237","37","Word","High",1,694.87
"833",83,"1",80,"11227","27","Word","High",1,559.75
"833",83,"1",81,"13130","30","Consonant String","Low",0,-439.95
"833",83,"1",82,"12239","39","Pseudo-Word","High",1,539.47
"833",83,"1",83,"12223","23","Pseudo-Word","High",0,-457
"833",83,"1",84,"11122","22","Word","Low",1,543.87
"833",83,"1",85,"11106","06","Word","Low",1,462.72
"833",83,"1",86,"13243","43","Consonant String","High",1,677.93
"833",83,"1",87,"12241","41","Pseudo-Word","High",0,-498.46
"833",83,"1",88,"11132","32","Word","Low",0,-416.32
"833",83,"1",89,"12148","48","Pseudo-Word","Low",1,508.51
"833",83,"1",91,"12247","47","Pseudo-Word","High",1,698.39
"833",83,"1",92,"11247","47","Word","High",0,-701.26
"833",83,"1",93,"11209","09","Word","High",0,-614.14
"833",83,"1",94,"13106","06","Consonant String","Low",1,410.34
"833",83,"1",95,"12229","29","Pseudo-Word","High",0,-456.53
"833",83,"1",96,"11203","03","Word","High",1,423.39
"833",83,"1",97,"13237","37","Consonant String","High",1,511.57
"833",83,"1",98,"12146","46","Pseudo-Word","Low",0,-422.76
"833",83,"1",99,"12235","35","Pseudo-Word","High",1,740.97
"833",83,"1",100,"13128","28","Consonant String","Low",0,-531.52
"833",83,"1",102,"12140","40","Pseudo-Word","Low",0,-493.04
"833",83,"1",103,"12209","09","Pseudo-Word","High",0,-614.91
"833",83,"1",104,"13132","32","Consonant String","Low",1,457.11
"833",83,"1",105,"12225","25","Pseudo-Word","High",1,508.97
"833",83,"1",106,"11215","15","Word","High",1,473.16
"833",83,"1",107,"11114","14","Word","Low",1,556.36
"833",83,"1",108,"11136","36","Word","Low",1,585.22
"833",83,"1",109,"12221","21","Pseudo-Word","High",1,474.76
"833",83,"1",110,"12120","20","Pseudo-Word","Low",1,468.95
"833",83,"1",111,"11223","23","Word","High",1,453.14
"833",83,"1",113,"13221","21","Consonant String","High",1,568.01
"833",83,"1",114,"12217","17","Pseudo-Word","High",1,609.21
"833",83,"1",115,"12122","22","Pseudo-Word","Low",1,546.41
"833",83,"1",116,"13241","41","Consonant String","High",0,-371.19
"833",83,"1",117,"11120","20","Word","Low",1,455.38
"833",83,"1",118,"13247","47","Consonant String","High",0,-386.23
"833",83,"1",119,"13201","01","Consonant String","High",0,-528.76
"833",83,"1",120,"11108","08","Word","Low",1,444.29
"833",83,"1",121,"13215","15","Consonant String","High",1,502.15
"833",83,"1",122,"11130","30","Word","Low",0,-571.01
"833",83,"1",124,"13239","39","Consonant String","High",0,-653.22
"833",83,"1",125,"11219","19","Word","High",0,-1036.1
"833",83,"1",126,"13110","10","Consonant String","Low",1,638.67
"833",83,"1",127,"12124","24","Pseudo-Word","Low",1,865.22
"833",83,"1",128,"11225","25","Word","High",1,618.44
"833",83,"1",129,"12118","18","Pseudo-Word","Low",1,1126.67
"833",83,"1",130,"11142","42","Word","Low",1,527.24
"833",83,"1",131,"12233","33","Pseudo-Word","High",1,513.76
"833",83,"1",132,"13138","38","Consonant String","Low",1,503.96
"833",83,"1",133,"12215","15","Pseudo-Word","High",0,-730.83
"833",83,"1",135,"13102","02","Consonant String","Low",1,585.38
"833",83,"1",136,"12237","37","Pseudo-Word","High",0,-1035.93
"833",83,"1",137,"11124","24","Word","Low",1,484.49
"833",83,"1",138,"11213","13","Word","High",1,622.02
"833",83,"1",139,"13229","29","Consonant String","High",0,-455.22
"833",83,"1",140,"13140","40","Consonant String","Low",1,387.75
"833",83,"1",141,"13104","04","Consonant String","Low",1,441.6
"833",83,"1",142,"13142","42","Consonant String","Low",1,504.45
"833",83,"1",143,"12245","45","Pseudo-Word","High",1,660.32
"833",83,"1",144,"12128","28","Pseudo-Word","Low",0,-784.55
"833",83,"1",3,"12231","31","Pseudo-Word","High",1,715.1
"833",83,"1",4,"13116","16","Consonant String","Low",0,-583.3
"833",83,"1",5,"11243","43","Word","High",1,536.84
"833",83,"1",6,"12211","11","Pseudo-Word","High",1,620.38
"833",83,"1",7,"13126","26","Consonant String","Low",1,455.57
"833",83,"1",8,"12126","26","Pseudo-Word","Low",1,544.43
"833",83,"1",9,"13148","48","Consonant String","Low",1,585.3
"833",83,"1",10,"11140","40","Word","Low",1,1062.86
"833",83,"1",11,"11233","33","Word","High",1,624.09
"833",83,"1",12,"13120","20","Consonant String","Low",1,758.3
"833",83,"1",14,"12203","03","Pseudo-Word","High",0,-479.52
"833",83,"1",15,"13114","14","Consonant String","Low",0,-385.03
"833",83,"1",16,"12102","02","Pseudo-Word","Low",0,-661.57
"833",83,"1",17,"11128","28","Word","Low",1,882.79
"833",83,"1",18,"11102","02","Word","Low",1,615.34
"833",83,"1",19,"13146","46","Consonant String","Low",1,508.54
"833",83,"1",20,"12130","30","Pseudo-Word","Low",1,844.42
"833",83,"1",21,"11211","11","Word","High",1,515.3
"833",83,"1",22,"11207","07","Word","High",1,515.49
"833",83,"1",23,"12213","13","Pseudo-Word","High",1,618.7
"833",83,"1",25,"11229","29","Word","High",1,1015.92
"833",83,"1",26,"11104","04","Word","Low",1,716.15
"833",83,"1",27,"12201","01","Pseudo-Word","High",1,847.37
"833",83,"1",28,"12136","36","Pseudo-Word","Low",1,502.26
"833",83,"1",29,"12114","14","Pseudo-Word","Low",1,489.11
"833",83,"1",30,"13118","18","Consonant String","Low",0,-565.65
"833",83,"1",31,"12144","44","Pseudo-Word","Low",1,594.84
"833",83,"1",32,"13235","35","Consonant String","High",1,463.72
"833",83,"1",33,"11144","44","Word","Low",1,510.91
"833",83,"1",34,"11245","45","Word","High",1,557.11
"833",83,"1",36,"12104","04","Pseudo-Word","Low",0,-788.99
"833",83,"1",37,"13205","05","Consonant String","High",0,-497.53
"833",83,"1",38,"11146","46","Word","Low",1,747.4
"833",83,"1",39,"11112","12","Word","Low",1,509.28
"833",83,"1",40,"13223","23","Consonant String","High",1,499.47
"833",83,"1",41,"13219","19","Consonant String","High",0,-480.33
"833",83,"1",42,"11231","31","Word","High",1,593.87
"833",83,"1",43,"13124","24","Consonant String","Low",1,459.73
"833",83,"1",44,"13227","27","Consonant String","High",1,685.93
"833",83,"1",45,"12219","19","Pseudo-Word","High",1,662.48
"833",83,"1",47,"13225","25","Consonant String","High",1,495.68
"833",83,"1",48,"13203","03","Consonant String","High",0,-564.54
"833",83,"1",49,"12227","27","Pseudo-Word","High",1,520.75
"833",83,"1",50,"13209","09","Consonant String","High",1,444.94
"833",83,"1",51,"11110","10","Word","Low",0,-432.8
"834",67,"2",1,"22224","24","Pseudo-Word","High",1,1153.21
"834",67,"2",57,"23232","32","Consonant String","High",1,732.78
"834",67,"2",68,"23127","27","Consonant String","Low",0,-548.99
"834",67,"2",79,"22103","03","Pseudo-Word","Low",1,1462.57
"834",67,"2",90,"22248","48","Pseudo-Word","High",1,763.48
"834",67,"2",101,"23141","41","Consonant String","Low",1,903.37
"834",67,"2",112,"22123","23","Pseudo-Word","Low",1,837.93
"834",67,"2",123,"23236","36","Consonant String","High",1,821.16
"834",67,"2",134,"23103","03","Consonant String","Low",1,578.04
"834",67,"2",2,"22244","44","Pseudo-Word","High",0,-961.26
"834",67,"2",13,"23143","43","Consonant String","Low",1,587.16
"834",67,"2",24,"22135","35","Pseudo-Word","Low",1,744.35
"834",67,"2",35,"22208","08","Pseudo-Word","High",1,665.91
"834",67,"2",46,"21101","01","Word","Low",1,1110.8
"834",67,"2",52,"23117","17","Consonant String","Low",0,-614.7
"834",67,"2",53,"23121","21","Consonant String","Low",1,552.56
"834",67,"2",54,"22141","41","Pseudo-Word","Low",1,1982.16
"834",67,"2",55,"22119","19","Pseudo-Word","Low",1,504.44
"834",67,"2",56,"22125","25","Pseudo-Word","Low",1,928.98
"834",67,"2",58,"21210","10","Word","High",1,539.2
"834",67,"2",59,"22238","38","Pseudo-Word","High",0,-1099.42
"834",67,"2",60,"22216","16","Pseudo-Word","High",1,773.98
"834",67,"2",61,"21137","37","Word","Low",1,520.86
"834",67,"2",62,"23224","24","Consonant String","High",1,581.73
"834",67,"2",63,"21218","18","Word","High",1,606.92
"834",67,"2",64,"23240","40","Consonant String","High",1,686.46
"834",67,"2",65,"22246","46","Pseudo-Word","High",0,-558.68
"834",67,"2",66,"21133","33","Word","Low",1,572.21
"834",67,"2",67,"22107","07","Pseudo-Word","Low",1,430.06
"834",67,"2",69,"23115","15","Consonant String","Low",1,555.26
"834",67,"2",70,"21236","36","Word","High",1,602.8
"834",67,"2",71,"23208","08","Consonant String","High",1,559.32
"834",67,"2",72,"21129","29","Word","Low",1,653.2
"834",67,"2",73,"21220","20","Word","High",1,345.72
"834",67,"2",74,"21103","03","Word","Low",1,501.25
"834",67,"2",75,"22127","27","Pseudo-Word","Low",1,2105.84
"834",67,"2",76,"22115","15","Pseudo-Word","Low",1,481.45
"834",67,"2",77,"21119","19","Word","Low",1,825.66
"834",67,"2",78,"23109","09","Consonant String","Low",1,603.87
"834",67,"2",80,"21212","12","Word","High",1,437.4
"834",67,"2",81,"21109","09","Word","Low",1,428.59
"834",67,"2",82,"23206","06","Consonant String","High",0,-801.79
"834",67,"2",83,"22143","43","Pseudo-Word","Low",1,552.33
"834",67,"2",84,"21145","45","Word","Low",1,1376.91
"834",67,"2",85,"22234","34","Pseudo-Word","High",1,690.14
"834",67,"2",86,"21117","17","Word","Low",1,389.34
"834",67,"2",87,"23107","07","Consonant String","Low",0,-658.54
"834",67,"2",88,"23212","12","Consonant String","High",1,796.09
"834",67,"2",89,"22202","02","Pseudo-Word","High",1,624.64
"834",67,"2",91,"22133","33","Pseudo-Word","Low",1,1596.56
"834",67,"2",92,"21147","47","Word","Low",1,1342.18
"834",67,"2",93,"22145","45","Pseudo-Word","Low",1,1075.77
"834",67,"2",94,"23226","26","Consonant String","High",0,-1679.05
"834",67,"2",95,"21123","23","Word","Low",1,629.3
"834",67,"2",96,"22212","12","Pseudo-Word","High",1,523.5
"834",67,"2",97,"21127","27","Word","Low",1,597.37
"834",67,"2",98,"23242","42","Consonant String","High",0,-665.92
"834",67,"2",99,"22242","42","Pseudo-Word","High",1,564.79
"834",67,"2",100,"22117","17","Pseudo-Word","Low",1,473.63
"834",67,"2",102,"22111","11","Pseudo-Word","Low",0,-600.51
"834",67,"2",103,"23210","10","Consonant String","High",1,433.04
"834",67,"2",104,"23214","14","Consonant String","High",0,-467.23
"834",67,"2",105,"22222","22","Pseudo-Word","High",0,-827.1
"834",67,"2",106,"23131","31","Consonant String","Low",0,-576.31
"834",67,"2",107,"23244","44","Consonant String","High",1,498.5
"834",67,"2",108,"21111","11","Word","Low",1,386.03
"834",67,"2",109,"21228","28","Word","High",1,517.22
"834",67,"2",110,"22240","40","Pseudo-Word","High",1,808.1
"834",67,"2",111,"22228","28","Pseudo-Word","High",1,846.65
"834",67,"2",113,"21214","14","Word","High",1,487.2
"834",67,"2",114,"21238","38","Word","High",1,627.4
"834",67,"2",115,"22129","29","Pseudo-Word","Low",1,531.6
"834",67,"2",116,"23137","37","Consonant String","Low",1,543.12
"834",67,"2",117,"22236","36","Pseudo-Word","High",1,1351.7
"834",67,"2",118,"23113","13","Consonant String","Low",1,798.27
"834",67,"2",119,"21216","16","Word","High",1,486.82
"834",67,"2",120,"21135","35","Word","Low",1,510.01
"834",67,"2",121,"22101","01","Pseudo-Word","Low",1,503.87
"834",67,"2",122,"23230","30","Consonant String","High",1,574.4
"834",67,"2",124,"23147","47","Consonant String","Low",1,562.27
"834",67,"2",125,"22220","20","Pseudo-Word","High",1,708.14
"834",67,"2",126,"21143","43","Word","Low",1,540.68
"834",67,"2",127,"21121","21","Word","Low",1,722.88
"834",67,"2",128,"21244","44","Word","High",1,551.75
"834",67,"2",129,"22131","31","Pseudo-Word","Low",0,-888.3
"834",67,"2",130,"22210","10","Pseudo-Word","High",1,776.53
"834",67,"2",131,"22105","05","Pseudo-Word","Low",1,771.75
"834",67,"2",132,"23218","18","Consonant String","High",1,739.63
"834",67,"2",133,"23111","11","Consonant String","Low",1,885.86
"834",67,"2",135,"22218","18","Pseudo-Word","High",0,-1299.1
"834",67,"2",136,"21246","46","Word","High",1,496.67
"834",67,"2",137,"23119","19","Consonant String","Low",1,569.2
"834",67,"2",138,"21105","05","Word","Low",1,439.06
"834",67,"2",139,"23238","38","Consonant String","High",1,494.25
"834",67,"2",140,"22226","26","Pseudo-Word","High",0,-628.78
"834",67,"2",141,"23202","02","Consonant String","High",0,-541.98
"834",67,"2",142,"23101","01","Consonant String","Low",1,432.51
"834",67,"2",143,"21226","26","Word","High",1,586.71
"834",67,"2",144,"22113","13","Pseudo-Word","Low",1,679.91
"834",67,"2",3,"21224","24","Word","High",1,602.12
"834",67,"2",4,"22214","14","Pseudo-Word","High",1,878.67
"834",67,"2",5,"23135","35","Consonant String","Low",0,-602.88
"834",67,"2",6,"22109","09","Pseudo-Word","Low",1,629.42
"834",67,"2",7,"21232","32","Word","High",1,1133.66
"834",67,"2",8,"22137","37","Pseudo-Word","Low",1,575.88
"834",67,"2",9,"21240","40","Word","High",1,509.1
"834",67,"2",10,"22147","47","Pseudo-Word","Low",1,2049.02
"834",67,"2",11,"23105","05","Consonant String","Low",1,827.63
"834",67,"2",12,"21141","41","Word","Low",1,499.84
"834",67,"2",14,"23129","29","Consonant String","Low",1,642.37
"834",67,"2",15,"23125","25","Consonant String","Low",1,680.92
"834",67,"2",16,"21131","31","Word","Low",1,555.12
"834",67,"2",17,"21113","13","Word","Low",1,576.65
"834",67,"2",18,"23222","22","Consonant String","High",0,-533.86
"834",67,"2",19,"22139","39","Pseudo-Word","Low",1,508.05
"834",67,"2",20,"23228","28","Consonant String","High",0,-523.91
"834",67,"2",21,"22230","30","Pseudo-Word","High",1,587.78
"834",67,"2",22,"21242","42","Word","High",1,498.97
"834",67,"2",23,"23248","48","Consonant String","High",0,-583.5
"834",67,"2",25,"21125","25","Word","Low",1,470.7
"834",67,"2",26,"21115","15","Word","Low",1,486.55
"834",67,"2",27,"23139","39","Consonant String","Low",1,503.74
"834",67,"2",28,"23145","45","Consonant String","Low",1,748.3
"834",67,"2",29,"21107","07","Word","Low",1,506.83
"834",67,"2",30,"22204","04","Pseudo-Word","High",0,-1881.42
"834",67,"2",31,"21222","22","Word","High",1,641.68
"834",67,"2",32,"22121","21","Pseudo-Word","Low",1,644.23
"834",67,"2",33,"21248","48","Word","High",1,690.77
"834",67,"2",34,"23204","04","Consonant String","High",1,584.97
"834",67,"2",36,"23246","46","Consonant String","High",1,517.18
"834",67,"2",37,"22206","06","Pseudo-Word","High",1,934.06
"834",67,"2",38,"21202","02","Word","High",1,690.28
"834",67,"2",39,"23216","16","Consonant String","High",0,-584.48
"834",67,"2",40,"21204","04","Word","High",1,543.69
"834",67,"2",41,"21230","30","Word","High",1,584.21
"834",67,"2",42,"23133","33","Consonant String","Low",0,-373.4
"834",67,"2",43,"21208","08","Word","High",1,596.27
"834",67,"2",44,"21206","06","Word","High",1,645.8
"834",67,"2",45,"22232","32","Pseudo-Word","High",1,536.34
"834",67,"2",47,"23234","34","Consonant String","High",0,-406.54
"834",67,"2",48,"21234","34","Word","High",1,523.05
"834",67,"2",49,"23123","23","Consonant String","Low",1,774.92
"834",67,"2",50,"23220","20","Consonant String","High",0,-403.13
"834",67,"2",51,"21139","39","Word","Low",1,495.65
"835",50,"3",1,"32221","21","Pseudo-Word","High",0,-1698.53
"835",50,"3",57,"33223","23","Consonant String","High",1,1485.82
"835",50,"3",68,"33231","31","Consonant String","High",0,-2421.82
"835",50,"3",79,"32241","41","Pseudo-Word","High",0,-2143.51
"835",50,"3",90,"31146","46","Word","Low",1,1743.84
"835",50,"3",101,"33233","33","Consonant String","High",0,-2948.2
"835",50,"3",112,"32134","34","Pseudo-Word","Low",1,1998.59
"835",50,"3",123,"31223","23","Word","High",0,-2457.93
"835",50,"3",134,"33132","32","Consonant String","Low",1,1574.6
"835",50,"3",2,"33219","19","Consonant String","High",0,-1207.21
"835",50,"3",13,"33211","11","Consonant String","High",1,1608.49
"835",50,"3",24,"31207","07","Word","High",1,1431.78
"835",50,"3",35,"31120","20","Word","Low",0,-2159.75
"835",50,"3",46,"32126","26","Pseudo-Word","Low",1,1405.39
"835",50,"3",52,"33229","29","Consonant String","High",1,1326.67
"835",50,"3",53,"32128","28","Pseudo-Word","Low",0,-1922.63
"835",50,"3",54,"33221","21","Consonant String","High",1,1604.27
"835",50,"3",55,"31217","17","Word","High",0,-1566.58
"835",50,"3",56,"33217","17","Consonant String","High",0,-1932.2
"835",50,"3",58,"31247","47","Word","High",0,-1307.16
"835",50,"3",59,"33128","28","Consonant String","Low",1,1976.47
"835",50,"3",60,"33243","43","Consonant String","High",1,2045.47
"835",50,"3",61,"33116","16","Consonant String","Low",0,-1443.77
"835",50,"3",62,"31213","13","Word","High",1,1936.08
"835",50,"3",63,"32245","45","Pseudo-Word","High",1,1265.04
"835",50,"3",64,"31203","03","Word","High",0,-1772.67
"835",50,"3",65,"32102","02","Pseudo-Word","Low",0,-2546.34
"835",50,"3",66,"31144","44","Word","Low",0,-1292.67
"835",50,"3",67,"32219","19","Pseudo-Word","High",0,-1662.94
"835",50,"3",69,"31106","06","Word","Low",1,1673.58
"835",50,"3",70,"31229","29","Word","High",0,-2066.24
"835",50,"3",71,"32211","11","Pseudo-Word","High",0,-1119.87
"835",50,"3",72,"33140","40","Consonant String","Low",0,-1289.45
"835",50,"3",73,"32110","10","Pseudo-Word","Low",0,-1621.41
"835",50,"3",74,"31102","02","Word","Low",1,1648.04
"835",50,"3",75,"31237","37","Word","High",1,2685.38
"835",50,"3",76,"33126","26","Consonant String","Low",0,-1342.37
"835",50,"3",77,"31219","19","Word","High",1,1509.65
"835",50,"3",78,"32136","36","Pseudo-Word","Low",1,2560.33
"835",50,"3",80,"33215","15","Consonant String","High",1,1529.99
"835",50,"3",81,"33142","42","Consonant String","Low",1,1162.93
"835",50,"3",82,"31209","09","Word","High",0,-2289.58
"835",50,"3",83,"31132","32","Word","Low",1,1367.55
"835",50,"3",84,"32223","23","Pseudo-Word","High",1,1054.15
"835",50,"3",85,"33247","47","Consonant String","High",1,1995.43
"835",50,"3",86,"32132","32","Pseudo-Word","Low",1,1339.74
"835",50,"3",87,"33207","07","Consonant String","High",0,-1962.69
"835",50,"3",88,"31104","04","Word","Low",0,-1106.33
"835",50,"3",89,"32205","05","Pseudo-Word","High",1,2479.63
"835",50,"3",91,"33203","03","Consonant String","High",0,-1084.61
"835",50,"3",92,"33201","01","Consonant String","High",0,-1033.52
"835",50,"3",93,"33102","02","Consonant String","Low",1,1078.43
"835",50,"3",94,"33118","18","Consonant String","Low",1,1043.34
"835",50,"3",95,"32235","35","Pseudo-Word","High",1,957.58
"835",50,"3",96,"32140","40","Pseudo-Word","Low",1,1577.84
"835",50,"3",97,"33245","45","Consonant String","High",0,-1793.8
"835",50,"3",98,"33209","09","Consonant String","High",0,-859.07
"835",50,"3",99,"33138","38","Consonant String","Low",0,-1219.65
"835",50,"3",100,"32207","07","Pseudo-Word","High",0,-1066.23
"835",50,"3",102,"31235","35","Word","High",1,1507.83
"835",50,"3",103,"32239","39","Pseudo-Word","High",1,1053.43
"835",50,"3",104,"31134","34","Word","Low",0,-1513.7
"835",50,"3",105,"31233","33","Word","High",1,1612.32
"835",50,"3",106,"31108","08","Word","Low",1,1772.95
"835",50,"3",107,"32114","14","Pseudo-Word","Low",1,1078.58
"835",50,"3",108,"31225","25","Word","High",0,-2025.53
"835",50,"3",109,"33227","27","Consonant String","High",1,1846.52
"835",50,"3",110,"32209","09","Pseudo-Word","High",0,-921.79
"835",50,"3",111,"33146","46","Consonant String","Low",0,-1043.36
"835",50,"3",113,"33104","04","Consonant String","Low",0,-1430.62
"835",50,"3",114,"33136","36","Consonant String","Low",1,838.54
"835",50,"3",115,"33110","10","Consonant String","Low",1,892.43
"835",50,"3",116,"32203","03","Pseudo-Word","High",0,-755.2
"835",50,"3",117,"32104","04","Pseudo-Word","Low",0,-779.42
"835",50,"3",118,"31136","36","Word","Low",1,824.31
"835",50,"3",119,"31211","11","Word","High",1,923.86
"835",50,"3",120,"32142","42","Pseudo-Word","Low",0,-797.41
"835",50,"3",121,"32122","22","Pseudo-Word","Low",1,641.63
"835",50,"3",122,"31241","41","Word","High",0,-2389.92
"835",50,"3",124,"32215","15","Pseudo-Word","High",0,-2156.95
"835",50,"3",125,"32233","33","Pseudo-Word","High",1,879.23
"835",50,"3",126,"31124","24","Word","Low",0,-838.12
"835",50,"3",127,"31221","21","Word","High",0,-1715.04
"835",50,"3",128,"31122","22","Word","Low",1,998.65
"835",50,"3",129,"32146","46","Pseudo-Word","Low",0,-1410.9
"835",50,"3",130,"33148","48","Consonant String","Low",1,1733.54
"835",50,"3",131,"32217","17","Pseudo-Word","High",0,-2182.53
"835",50,"3",132,"31201","01","Word","High",0,-1002.49
"835",50,"3",133,"31112","12","Word","Low",1,666.71
"835",50,"3",135,"32120","20","Pseudo-Word","Low",0,-760.26
"835",50,"3",136,"31142","42","Word","Low",0,-1401.83
"835",50,"3",137,"33120","20","Consonant String","Low",0,-863.08
"835",50,"3",138,"33114","14","Consonant String","Low",1,583.63
"835",50,"3",139,"33106","06","Consonant String","Low",1,1704.55
"835",50,"3",140,"33237","37","Consonant String","High",0,-650.8
"835",50,"3",141,"31140","40","Word","Low",1,1025.02
"835",50,"3",142,"31110","10","Word","Low",1,1426.62
"835",50,"3",143,"32124","24","Pseudo-Word","Low",0,-927.53
"835",50,"3",144,"32148","48","Pseudo-Word","Low",1,1069.44
"835",50,"3",3,"33134","34","Consonant String","Low",1,943.01
"835",50,"3",4,"32106","06","Pseudo-Word","Low",1,870.24
"835",50,"3",5,"31126","26","Word","Low",0,-1508.83
"835",50,"3",6,"32243","43","Pseudo-Word","High",1,1007.42
"835",50,"3",7,"31245","45","Word","High",1,923.66
"835",50,"3",8,"31243","43","Word","High",0,-1274.23
"835",50,"3",9,"33122","22","Consonant String","Low",1,917.81
"835",50,"3",10,"32108","08","Pseudo-Word","Low",1,1210.39
"835",50,"3",11,"33108","08","Consonant String","Low",1,777.97
"835",50,"3",12,"31118","18","Word","Low",1,1551.89
"835",50,"3",14,"33213","13","Consonant String","High",1,955.15
"835",50,"3",15,"32225","25","Pseudo-Word","High",0,-2191.43
"835",50,"3",16,"33144","44","Consonant String","Low",1,1778.77
"835",50,"3",17,"32237","37","Pseudo-Word","High",0,-1648.74
"835",50,"3",18,"33112","12","Consonant String","Low",1,1347.03
"835",50,"3",19,"31231","31","Word","High",1,742.26
"835",50,"3",20,"32138","38","Pseudo-Word","Low",0,-1936.54
"835",50,"3",21,"33235","35","Consonant String","High",1,742.47
"835",50,"3",22,"32130","30","Pseudo-Word","Low",1,962.69
"835",50,"3",23,"33130","30","Consonant String","Low",1,1176.28
"835",50,"3",25,"32116","16","Pseudo-Word","Low",1,1793.23
"835",50,"3",26,"32144","44","Pseudo-Word","Low",1,910.51
"835",50,"3",27,"32112","12","Pseudo-Word","Low",1,646.06
"835",50,"3",28,"32247","47","Pseudo-Word","High",1,772.26
"835",50,"3",29,"31138","38","Word","Low",1,943.82
"835",50,"3",30,"31114","14","Word","Low",1,1117.05
"835",50,"3",31,"31227","27","Word","High",0,-1626.66
"835",50,"3",32,"31239","39","Word","High",1,631.59
"835",50,"3",33,"33124","24","Consonant String","Low",0,-689.45
"835",50,"3",34,"33241","41","Consonant String","High",0,-1421.37
"835",50,"3",36,"33239","39","Consonant String","High",1,1351.97
"835",50,"3",37,"31215","15","Word","High",0,-1205.24
"835",50,"3",38,"33205","05","Consonant String","High",1,1915.53
"835",50,"3",39,"32213","13","Pseudo-Word","High",0,-1216.14
"835",50,"3",40,"31148","48","Word","Low",1,1640.76
"835",50,"3",41,"32227","27","Pseudo-Word","High",0,-2118.75
"835",50,"3",42,"32229","29","Pseudo-Word","High",1,1737.41
"835",50,"3",43,"32118","18","Pseudo-Word","Low",0,-1496.37
"835",50,"3",44,"31130","30","Word","Low",0,-1228.64
"835",50,"3",45,"31205","05","Word","High",0,-1092.56
"835",50,"3",47,"31116","16","Word","Low",1,1436.83
"835",50,"3",48,"31128","28","Word","Low",1,1331.76
"835",50,"3",49,"32201","01","Pseudo-Word","High",0,-2597.76
"835",50,"3",50,"33225","25","Consonant String","High",1,891.07
"835",50,"3",51,"32231","31","Pseudo-Word","High",0,-1564.99
"836",50,"4",1,"41145","45","Word","Low",0,-927.63
"836",50,"4",57,"43246","46","Consonant String","High",1,747.52
"836",50,"4",68,"41127","27","Word","Low",1,888.74
"836",50,"4",79,"43137","37","Consonant String","Low",0,-767.63
"836",50,"4",90,"43113","13","Consonant String","Low",0,-1160.2
"836",50,"4",101,"43125","25","Consonant String","Low",1,1188.8
"836",50,"4",112,"42131","31","Pseudo-Word","Low",1,1159.72
"836",50,"4",123,"43103","03","Consonant String","Low",1,584.28
"836",50,"4",134,"41216","16","Word","High",0,-663.15
"836",50,"4",2,"43230","30","Consonant String","High",0,-800.69
"836",50,"4",13,"43202","02","Consonant String","High",1,835.92
"836",50,"4",24,"41246","46","Word","High",1,825.81
"836",50,"4",35,"41133","33","Word","Low",1,1039.71
"836",50,"4",46,"43228","28","Consonant String","High",1,979.61
"836",50,"4",52,"41226","26","Word","High",1,939.53
"836",50,"4",53,"42208","08","Pseudo-Word","High",1,878.42
"836",50,"4",54,"42236","36","Pseudo-Word","High",1,1020.32
"836",50,"4",55,"43226","26","Consonant String","High",0,-1169.9
"836",50,"4",56,"42206","06","Pseudo-Word","High",0,-632.46
"836",50,"4",58,"43117","17","Consonant String","Low",1,677.34
"836",50,"4",59,"42133","33","Pseudo-Word","Low",1,589.21
"836",50,"4",60,"43119","19","Consonant String","Low",1,1018.1
"836",50,"4",61,"43111","11","Consonant String","Low",1,1033.68
"836",50,"4",62,"43121","21","Consonant String","Low",1,1082.59
"836",50,"4",63,"41214","14","Word","High",0,-638.48
"836",50,"4",64,"43242","42","Consonant String","High",1,553.35
"836",50,"4",65,"41202","02","Word","High",0,-1241.58
"836",50,"4",66,"42230","30","Pseudo-Word","High",0,-903.82
"836",50,"4",67,"43101","01","Consonant String","Low",0,-815.06
"836",50,"4",69,"43222","22","Consonant String","High",1,915.62
"836",50,"4",70,"41119","19","Word","Low",1,1061.2
"836",50,"4",71,"42103","03","Pseudo-Word","Low",0,-871.76
"836",50,"4",72,"42214","14","Pseudo-Word","High",1,1089.33
"836",50,"4",73,"43129","29","Consonant String","Low",0,-947.24
"836",50,"4",74,"41123","23","Word","Low",1,658.47
"836",50,"4",75,"41204","04","Word","High",1,936.68
"836",50,"4",76,"43135","35","Consonant String","Low",1,901.57
"836",50,"4",77,"42212","12","Pseudo-Word","High",1,692.8
"836",50,"4",78,"41135","35","Word","Low",1,693.02
"836",50,"4",80,"42129","29","Pseudo-Word","Low",1,1411.26
"836",50,"4",81,"43105","05","Consonant String","Low",1,941.85
"836",50,"4",82,"43123","23","Consonant String","Low",1,617.07
"836",50,"4",83,"42244","44","Pseudo-Word","High",1,583.61
"836",50,"4",84,"43234","34","Consonant String","High",0,-648.48
"836",50,"4",85,"42137","37","Pseudo-Word","Low",1,1032.7
"836",50,"4",86,"42113","13","Pseudo-Word","Low",0,-1140.61
"836",50,"4",87,"43212","12","Consonant String","High",1,720.51
"836",50,"4",88,"42238","38","Pseudo-Word","High",1,1013.08
"836",50,"4",89,"43220","20","Consonant String","High",1,709.64
"836",50,"4",91,"41220","20","Word","High",1,754.19
"836",50,"4",92,"42117","17","Pseudo-Word","Low",1,1150.41
"836",50,"4",93,"41238","38","Word","High",1,592.65
"836",50,"4",94,"41125","25","Word","Low",1,670.85
"836",50,"4",95,"41121","21","Word","Low",1,680.39
"836",50,"4",96,"43206","06","Consonant String","High",1,1019.29
"836",50,"4",97,"42216","16","Pseudo-Word","High",1,780.85
"836",50,"4",98,"41248","48","Word","High",1,522.73
"836",50,"4",99,"43147","47","Consonant String","Low",0,-549.25
"836",50,"4",100,"43244","44","Consonant String","High",1,823.46
"836",50,"4",102,"42248","48","Pseudo-Word","High",0,-1435.04
"836",50,"4",103,"42101","01","Pseudo-Word","Low",0,-1275.98
"836",50,"4",104,"41131","31","Word","Low",1,798.89
"836",50,"4",105,"41141","41","Word","Low",1,760.12
"836",50,"4",106,"41222","22","Word","High",1,1230.69
"836",50,"4",107,"41109","09","Word","Low",1,790.6
"836",50,"4",108,"41208","08","Word","High",1,847.49
"836",50,"4",109,"42202","02","Pseudo-Word","High",1,1052.72
"836",50,"4",110,"42125","25","Pseudo-Word","Low",1,676.95
"836",50,"4",111,"43248","48","Consonant String","High",0,-1054.84
"836",50,"4",113,"42242","42","Pseudo-Word","High",1,712.07
"836",50,"4",114,"43218","18","Consonant String","High",1,884.63
"836",50,"4",115,"42107","07","Pseudo-Word","Low",1,731.52
"836",50,"4",116,"41228","28","Word","High",1,633.41
"836",50,"4",117,"41115","15","Word","Low",1,852.27
"836",50,"4",118,"43107","07","Consonant String","Low",1,659.5
"836",50,"4",119,"42143","43","Pseudo-Word","Low",1,617.03
"836",50,"4",120,"43143","43","Consonant String","Low",0,-534.57
"836",50,"4",121,"41236","36","Word","High",1,1010.45
"836",50,"4",122,"41111","11","Word","Low",1,551.01
"836",50,"4",124,"42210","10","Pseudo-Word","High",1,984.22
"836",50,"4",125,"41242","42","Word","High",1,559.1
"836",50,"4",126,"43236","36","Consonant String","High",0,-564.64
"836",50,"4",127,"42141","41","Pseudo-Word","Low",1,747.19
"836",50,"4",128,"43216","16","Consonant String","High",0,-1205.41
"836",50,"4",129,"41230","30","Word","High",1,611.66
"836",50,"4",130,"42232","32","Pseudo-Word","High",1,783.19
"836",50,"4",131,"41234","34","Word","High",1,630.08
"836",50,"4",132,"41129","29","Word","Low",1,522.94
"836",50,"4",133,"42224","24","Pseudo-Word","High",1,728.48
"836",50,"4",135,"43139","39","Consonant String","Low",1,812.36
"836",50,"4",136,"42105","05","Pseudo-Word","Low",1,736.91
"836",50,"4",137,"42246","46","Pseudo-Word","High",1,499.79
"836",50,"4",138,"42222","22","Pseudo-Word","High",1,716.99
"836",50,"4",139,"42135","35","Pseudo-Word","Low",1,550.53
"836",50,"4",140,"41107","07","Word","Low",1,1051.75
"836",50,"4",141,"41210","10","Word","High",0,-647.97
"836",50,"4",142,"42127","27","Pseudo-Word","Low",0,-1152.2
"836",50,"4",143,"43238","38","Consonant String","High",1,865.45
"836",50,"4",144,"43208","08","Consonant String","High",1,1088.02
"836",50,"4",3,"42123","23","Pseudo-Word","Low",1,654.91
"836",50,"4",4,"41206","06","Word","High",1,1701.15
"836",50,"4",5,"42226","26","Pseudo-Word","High",1,805.43
"836",50,"4",6,"43224","24","Consonant String","High",1,838.65
"836",50,"4",7,"43115","15","Consonant String","Low",1,1220.56
"836",50,"4",8,"41224","24","Word","High",1,1003.15
"836",50,"4",9,"42145","45","Pseudo-Word","Low",1,937.38
"836",50,"4",10,"43133","33","Consonant String","Low",0,-646.27
"836",50,"4",11,"42119","19","Pseudo-Word","Low",1,774.49
"836",50,"4",12,"43210","10","Consonant String","High",1,774.04
"836",50,"4",14,"42109","09","Pseudo-Word","Low",1,822.58
"836",50,"4",15,"42220","20","Pseudo-Word","High",1,1058.15
"836",50,"4",16,"42147","47","Pseudo-Word","Low",1,1780.42
"836",50,"4",17,"41143","43","Word","Low",1,785.36
"836",50,"4",18,"41139","39","Word","Low",1,872.26
"836",50,"4",19,"41101","01","Word","Low",1,1204.83
"836",50,"4",20,"41212","12","Word","High",1,811.08
"836",50,"4",21,"42115","15","Pseudo-Word","Low",0,-1158.65
"836",50,"4",22,"43204","04","Consonant String","High",1,632.88
"836",50,"4",23,"42121","21","Pseudo-Word","Low",1,691.76
"836",50,"4",25,"41103","03","Word","Low",1,539.96
"836",50,"4",26,"41147","47","Word","Low",1,668.83
"836",50,"4",27,"41105","05","Word","Low",1,760.37
"836",50,"4",28,"43240","40","Consonant String","High",1,477.91
"836",50,"4",29,"41240","40","Word","High",1,683.78
"836",50,"4",30,"42111","11","Pseudo-Word","Low",1,941.67
"836",50,"4",31,"43214","14","Consonant String","High",1,742.89
"836",50,"4",32,"42204","04","Pseudo-Word","High",1,747.1
"836",50,"4",33,"42240","40","Pseudo-Word","High",1,608.32
"836",50,"4",34,"42228","28","Pseudo-Word","High",1,1610.56
"836",50,"4",36,"43127","27","Consonant String","Low",0,-560.15
"836",50,"4",37,"43232","32","Consonant String","High",1,703.68
"836",50,"4",38,"43141","41","Consonant String","Low",0,-1187.92
"836",50,"4",39,"41117","17","Word","Low",1,1940.87
"836",50,"4",40,"43145","45","Consonant String","Low",0,-818.82
"836",50,"4",41,"41218","18","Word","High",1,798.38
"836",50,"4",42,"41113","13","Word","Low",1,769.59
"836",50,"4",43,"41137","37","Word","Low",1,713.15
"836",50,"4",44,"42139","39","Pseudo-Word","Low",1,579.69
"836",50,"4",45,"42218","18","Pseudo-Word","High",1,714.56
"836",50,"4",47,"43109","09","Consonant String","Low",1,866.12
"836",50,"4",48,"41244","44","Word","High",1,894.67
"836",50,"4",49,"41232","32","Word","High",1,894.9
"836",50,"4",50,"42234","34","Pseudo-Word","High",1,819.14
"836",50,"4",51,"43131","31","Consonant String","Low",0,-1070.7
"837",50,"1",1,"11128","28","Word","Low",1,1036.87
"837",50,"1",57,"12241","41","Pseudo-Word","High",1,787.77
"837",50,"1",68,"11134","34","Word","Low",1,994.66
"837",50,"1",79,"11201","01","Word","High",1,675.89
"837",50,"1",90,"12227","27","Pseudo-Word","High",0,-1560.8
"837",50,"1",101,"13108","08","Consonant String","Low",0,-1171.42
"837",50,"1",112,"13211","11","Consonant String","High",1,2458.05
"837",50,"1",123,"13148","48","Consonant String","Low",1,1479.73
"837",50,"1",134,"12144","44","Pseudo-Word","Low",1,691.65
"837",50,"1",2,"13118","18","Consonant String","Low",0,-1441.89
"837",50,"1",13,"12130","30","Pseudo-Word","Low",0,-1717.2
"837",50,"1",24,"11140","40","Word","Low",1,557.78
"837",50,"1",35,"11219","19","Word","High",1,639.32
"837",50,"1",46,"12219","19","Pseudo-Word","High",0,-1796.23
"837",50,"1",52,"12132","32","Pseudo-Word","Low",1,812.51
"837",50,"1",53,"11225","25","Word","High",1,1335.09
"837",50,"1",54,"13227","27","Consonant String","High",0,-1369.03
"837",50,"1",55,"13112","12","Consonant String","Low",1,1704.65
"837",50,"1",56,"11110","10","Word","Low",1,1311.94
"837",50,"1",58,"13245","45","Consonant String","High",1,1012.53
"837",50,"1",59,"12217","17","Pseudo-Word","High",0,-1527.13
"837",50,"1",60,"11102","02","Word","Low",1,736.06
"837",50,"1",61,"11112","12","Word","Low",1,550.93
"837",50,"1",62,"13106","06","Consonant String","Low",0,-774.13
"837",50,"1",63,"12209","09","Pseudo-Word","High",1,798.68
"837",50,"1",64,"11233","33","Word","High",1,715.91
"837",50,"1",65,"12211","11","Pseudo-Word","High",1,932.45
"837",50,"1",66,"11229","29","Word","High",1,713.35
"837",50,"1",67,"11104","04","Word","Low",1,815.9
"837",50,"1",69,"13213","13","Consonant String","High",0,-1665.5
"837",50,"1",70,"11237","37","Word","High",1,748.09
"837",50,"1",71,"12203","03","Pseudo-Word","High",1,1962.36
"837",50,"1",72,"12108","08","Pseudo-Word","Low",1,1893.02
"837",50,"1",73,"13237","37","Consonant String","High",1,919.31
"837",50,"1",74,"13241","41","Consonant String","High",0,-980.87
"837",50,"1",75,"11245","45","Word","High",0,-1528.8
"837",50,"1",76,"13130","30","Consonant String","Low",1,585.73
"837",50,"1",77,"13140","40","Consonant String","Low",0,-996.6
"837",50,"1",78,"11215","15","Word","High",0,-911.85
"837",50,"1",80,"13122","22","Consonant String","Low",1,891.4
"837",50,"1",81,"11207","07","Word","High",1,643.62
"837",50,"1",82,"13203","03","Consonant String","High",0,-901.85
"837",50,"1",83,"13223","23","Consonant String","High",0,-2259.13
"837",50,"1",84,"11205","05","Word","High",1,639.76
"837",50,"1",85,"12225","25","Pseudo-Word","High",1,1266.65
"837",50,"1",86,"13110","10","Consonant String","Low",0,-1585.27
"837",50,"1",87,"12126","26","Pseudo-Word","Low",1,1139.21
"837",50,"1",88,"13205","05","Consonant String","High",1,1758.15
"837",50,"1",89,"13102","02","Consonant String","Low",1,1498.46
"837",50,"1",91,"13124","24","Consonant String","Low",1,1342.74
"837",50,"1",92,"11108","08","Word","Low",1,1176.01
"837",50,"1",93,"11114","14","Word","Low",1,1770.93
"837",50,"1",94,"12114","14","Pseudo-Word","Low",1,1400.57
"837",50,"1",95,"12102","02","Pseudo-Word","Low",0,-1126.84
"837",50,"1",96,"12207","07","Pseudo-Word","High",1,1250.76
"837",50,"1",97,"12233","33","Pseudo-Word","High",1,1091.02
"837",50,"1",98,"13229","29","Consonant String","High",1,1093.93
"837",50,"1",99,"11239","39","Word","High",0,-1191.19
"837",50,"1",100,"11120","20","Word","Low",1,543.42
"837",50,"1",102,"13243","43","Consonant String","High",1,719.63
"837",50,"1",103,"11126","26","Word","Low",1,732.17
"837",50,"1",104,"11203","03","Word","High",1,1501.1
"837",50,"1",105,"11116","16","Word","Low",0,-1048.37
"837",50,"1",106,"12223","23","Pseudo-Word","High",1,935.6
"837",50,"1",107,"11213","13","Word","High",1,1702.54
"837",50,"1",108,"13221","21","Consonant String","High",0,-742.8
"837",50,"1",109,"13126","26","Consonant String","Low",1,1539.05
"837",50,"1",110,"12146","46","Pseudo-Word","Low",0,-1216
"837",50,"1",111,"11243","43","Word","High",1,1925.62
"837",50,"1",113,"13136","36","Consonant String","Low",1,1796.61
"837",50,"1",114,"13142","42","Consonant String","Low",0,-1152.9
"837",50,"1",115,"12110","10","Pseudo-Word","Low",1,891.15
"837",50,"1",116,"11241","41","Word","High",1,650.08
"837",50,"1",117,"11130","30","Word","Low",1,664.28
"837",50,"1",118,"12205","05","Pseudo-Word","High",1,636.83
"837",50,"1",119,"12215","15","Pseudo-Word","High",1,739.7
"837",50,"1",120,"13235","35","Consonant String","High",1,696.58
"837",50,"1",121,"12122","22","Pseudo-Word","Low",1,602.79
"837",50,"1",122,"12148","48","Pseudo-Word","Low",1,512.99
"837",50,"1",124,"11122","22","Word","Low",1,557.51
"837",50,"1",125,"11247","47","Word","High",1,581.72
"837",50,"1",126,"12221","21","Pseudo-Word","High",1,695.59
"837",50,"1",127,"12124","24","Pseudo-Word","Low",0,-800.81
"837",50,"1",128,"11142","42","Word","Low",1,620.01
"837",50,"1",129,"12106","06","Pseudo-Word","Low",0,-592.55
"837",50,"1",130,"11136","36","Word","Low",1,608.75
"837",50,"1",131,"12247","47","Pseudo-Word","High",1,1156.31
"837",50,"1",132,"12245","45","Pseudo-Word","High",0,-560.54
"837",50,"1",133,"11144","44","Word","Low",1,588.07
"837",50,"1",135,"11118","18","Word","Low",1,618.94
"837",50,"1",136,"13215","15","Consonant String","High",0,-826.48
"837",50,"1",137,"13225","25","Consonant String","High",0,-531.36
"837",50,"1",138,"12235","35","Pseudo-Word","High",1,617.23
"837",50,"1",139,"13146","46","Consonant String","Low",0,-717.77
"837",50,"1",140,"13217","17","Consonant String","High",0,-933.32
"837",50,"1",141,"12104","04","Pseudo-Word","Low",1,902.23
"837",50,"1",142,"13132","32","Consonant String","Low",0,-469.44
"837",50,"1",143,"12231","31","Pseudo-Word","High",1,640.96
"837",50,"1",144,"11138","38","Word","Low",1,584.84
"837",50,"1",3,"11231","31","Word","High",1,746.71
"837",50,"1",4,"12142","42","Pseudo-Word","Low",1,649.92
"837",50,"1",5,"12229","29","Pseudo-Word","High",0,-601.12
"837",50,"1",6,"12116","16","Pseudo-Word","Low",1,624.33
"837",50,"1",7,"12201","01","Pseudo-Word","High",0,-775.87
"837",50,"1",8,"11124","24","Word","Low",1,630.75
"837",50,"1",9,"12138","38","Pseudo-Word","Low",1,968.63
"837",50,"1",10,"11132","32","Word","Low",1,649.19
"837",50,"1",11,"12120","20","Pseudo-Word","Low",1,549.39
"837",50,"1",12,"13201","01","Consonant String","High",0,-702.6
"837",50,"1",14,"11146","46","Word","Low",1,513.8
"837",50,"1",15,"11221","21","Word","High",1,609.33
"837",50,"1",16,"12213","13","Pseudo-Word","High",1,886.88
"837",50,"1",17,"11217","17","Word","High",0,-764.77
"837",50,"1",18,"12134","34","Pseudo-Word","Low",0,-591.31
"837",50,"1",19,"12136","36","Pseudo-Word","Low",1,650.52
"837",50,"1",20,"13114","14","Consonant String","Low",1,756.73
"837",50,"1",21,"13219","19","Consonant String","High",0,-527.93
"837",50,"1",22,"12128","28","Pseudo-Word","Low",0,-1192.82
"837",50,"1",23,"13207","07","Consonant String","High",1,1318.08
"837",50,"1",25,"12118","18","Pseudo-Word","Low",0,-1225.68
"837",50,"1",26,"12239","39","Pseudo-Word","High",0,-625.61
"837",50,"1",27,"13144","44","Consonant String","Low",1,584.46
"837",50,"1",28,"13134","34","Consonant String","Low",1,582.32
"837",50,"1",29,"11235","35","Word","High",1,625.19
"837",50,"1",30,"12112","12","Pseudo-Word","Low",1,593.06
"837",50,"1",31,"13138","38","Consonant String","Low",1,614.27
"837",50,"1",32,"12237","37","Pseudo-Word","High",1,861.81
"837",50,"1",33,"11223","23","Word","High",1,686.37
"837",50,"1",34,"11209","09","Word","High",1,708.24
"837",50,"1",36,"13209","09","Consonant String","High",0,-1244.48
"837",50,"1",37,"13116","16","Consonant String","Low",1,1044.74
"837",50,"1",38,"11148","48","Word","Low",1,673.96
"837",50,"1",39,"13231","31","Consonant String","High",0,-561.5
"837",50,"1",40,"11227","27","Word","High",1,602.03
"837",50,"1",41,"12243","43","Pseudo-Word","High",1,739.24
"837",50,"1",42,"13104","04","Consonant String","Low",1,1452.15
"837",50,"1",43,"13128","28","Consonant String","Low",0,-1067.43
"837",50,"1",44,"11106","06","Word","Low",1,597.98
"837",50,"1",45,"13233","33","Consonant String","High",1,634.19
"837",50,"1",47,"11211","11","Word","High",1,702.05
"837",50,"1",48,"12140","40","Pseudo-Word","Low",1,658.27
"837",50,"1",49,"13120","20","Consonant String","Low",1,1621.51
"837",50,"1",50,"13239","39","Consonant String","High",1,1496.14
"837",50,"1",51,"13247","47","Consonant String","High",0,-1265.41
"838",67,"2",1,"21248","48","Word","High",1,1302.73
"838",67,"2",57,"23117","17","Consonant String","Low",1,1984.37
"838",67,"2",68,"23234","34","Consonant String","High",1,1038.66
"838",67,"2",79,"23145","45","Consonant String","Low",1,1310.91
"838",67,"2",90,"22204","04","Pseudo-Word","High",1,2039.88
"838",67,"2",101,"21137","37","Word","Low",1,798.17
"838",67,"2",112,"21141","41","Word","Low",1,953.74
"838",67,"2",123,"21214","14","Word","High",1,943.29
"838",67,"2",134,"21240","40","Word","High",1,683.85
"838",67,"2",2,"22137","37","Pseudo-Word","Low",1,845.07
"838",67,"2",13,"21228","28","Word","High",1,810.65
"838",67,"2",24,"22214","14","Pseudo-Word","High",1,1472.56
"838",67,"2",35,"23208","08","Consonant String","High",0,-1079.5
"838",67,"2",46,"23222","22","Consonant String","High",1,1008.74
"838",67,"2",52,"22242","42","Pseudo-Word","High",1,676.64
"838",67,"2",53,"21222","22","Word","High",1,742.86
"838",67,"2",54,"22107","07","Pseudo-Word","Low",0,-2079.47
"838",67,"2",55,"23214","14","Consonant String","High",0,-1231.78
"838",67,"2",56,"21123","23","Word","Low",1,759.02
"838",67,"2",58,"22216","16","Pseudo-Word","High",1,1655.94
"838",67,"2",59,"21117","17","Word","Low",1,650.54
"838",67,"2",60,"22111","11","Pseudo-Word","Low",0,-1255.11
"838",67,"2",61,"23220","20","Consonant String","High",1,679.68
"838",67,"2",62,"22224","24","Pseudo-Word","High",1,882.9
"838",67,"2",63,"21232","32","Word","High",0,-1005.14
"838",67,"2",64,"21145","45","Word","Low",1,785.71
"838",67,"2",65,"21234","34","Word","High",1,664.91
"838",67,"2",66,"21103","03","Word","Low",1,540.78
"838",67,"2",67,"23143","43","Consonant String","Low",1,748.99
"838",67,"2",69,"23230","30","Consonant String","High",1,1484.58
"838",67,"2",70,"22246","46","Pseudo-Word","High",1,1404.86
"838",67,"2",71,"22244","44","Pseudo-Word","High",1,1387.47
"838",67,"2",72,"22103","03","Pseudo-Word","Low",0,-1061.74
"838",67,"2",73,"23141","41","Consonant String","Low",0,-693.63
"838",67,"2",74,"23115","15","Consonant String","Low",0,-1556.22
"838",67,"2",75,"21202","02","Word","High",1,1001.8
"838",67,"2",76,"23109","09","Consonant String","Low",1,775.38
"838",67,"2",77,"21206","06","Word","High",1,1224.62
"838",67,"2",78,"23103","03","Consonant String","Low",1,728.53
"838",67,"2",80,"21230","30","Word","High",1,2506.82
"838",67,"2",81,"23107","07","Consonant String","Low",0,-1298.49
"838",67,"2",82,"22143","43","Pseudo-Word","Low",1,654.07
"838",67,"2",83,"23131","31","Consonant String","Low",0,-707.61
"838",67,"2",84,"23135","35","Consonant String","Low",0,-710.16
"838",67,"2",85,"22135","35","Pseudo-Word","Low",1,583.03
"838",67,"2",86,"21135","35","Word","Low",1,586.24
"838",67,"2",87,"23236","36","Consonant String","High",0,-684.44
"838",67,"2",88,"21226","26","Word","High",1,913.66
"838",67,"2",89,"23206","06","Consonant String","High",0,-1299.59
"838",67,"2",91,"21125","25","Word","Low",1,651.16
"838",67,"2",92,"22238","38","Pseudo-Word","High",0,-793.7
"838",67,"2",93,"23127","27","Consonant String","Low",0,-990.27
"838",67,"2",94,"21147","47","Word","Low",1,686.49
"838",67,"2",95,"22206","06","Pseudo-Word","High",1,1450.74
"838",67,"2",96,"23123","23","Consonant String","Low",1,822.33
"838",67,"2",97,"23204","04","Consonant String","High",0,-1401.25
"838",67,"2",98,"22121","21","Pseudo-Word","Low",1,708.83
"838",67,"2",99,"23113","13","Consonant String","Low",0,-1101.73
"838",67,"2",100,"23218","18","Consonant String","High",1,1051.31
"838",67,"2",102,"23133","33","Consonant String","Low",1,775.88
"838",67,"2",103,"22123","23","Pseudo-Word","Low",1,856.1
"838",67,"2",104,"21210","10","Word","High",1,1101.67
"838",67,"2",105,"21129","29","Word","Low",1,619.24
"838",67,"2",106,"21246","46","Word","High",1,838.12
"838",67,"2",107,"22133","33","Pseudo-Word","Low",1,631.33
"838",67,"2",108,"22212","12","Pseudo-Word","High",1,719.55
"838",67,"2",109,"23232","32","Consonant String","High",0,-660.42
"838",67,"2",110,"23137","37","Consonant String","Low",1,497.3
"838",67,"2",111,"22147","47","Pseudo-Word","Low",1,684.84
"838",67,"2",113,"21208","08","Word","High",1,699.05
"838",67,"2",114,"21101","01","Word","Low",1,996.6
"838",67,"2",115,"23111","11","Consonant String","Low",0,-681.17
"838",67,"2",116,"23224","24","Consonant String","High",0,-686.05
"838",67,"2",117,"23202","02","Consonant String","High",1,875.27
"838",67,"2",118,"21238","38","Word","High",1,1624.53
"838",67,"2",119,"22228","28","Pseudo-Word","High",0,-1361.49
"838",67,"2",120,"22234","34","Pseudo-Word","High",1,1074.41
"838",67,"2",121,"23121","21","Consonant String","Low",0,-754.32
"838",67,"2",122,"21131","31","Word","Low",1,2282.94
"838",67,"2",124,"23125","25","Consonant String","Low",0,-529.23
"838",67,"2",125,"22210","10","Pseudo-Word","High",1,1938.47
"838",67,"2",126,"21218","18","Word","High",1,651.76
"838",67,"2",127,"23248","48","Consonant String","High",1,585.3
"838",67,"2",128,"23101","01","Consonant String","Low",1,1128.52
"838",67,"2",129,"21224","24","Word","High",1,514.75
"838",67,"2",130,"23129","29","Consonant String","Low",1,567.61
"838",67,"2",131,"22248","48","Pseudo-Word","High",1,922.5
"838",67,"2",132,"22129","29","Pseudo-Word","Low",0,-1653.43
"838",67,"2",133,"21113","13","Word","Low",1,869.03
"838",67,"2",135,"22218","18","Pseudo-Word","High",1,734.92
"838",67,"2",136,"22208","08","Pseudo-Word","High",1,964.18
"838",67,"2",137,"22220","20","Pseudo-Word","High",1,566.03
"838",67,"2",138,"21115","15","Word","Low",1,524.9
"838",67,"2",139,"22119","19","Pseudo-Word","Low",1,721.77
"838",67,"2",140,"22131","31","Pseudo-Word","Low",1,1079.67
"838",67,"2",141,"22232","32","Pseudo-Word","High",1,696.9
"838",67,"2",142,"22125","25","Pseudo-Word","Low",1,1404.48
"838",67,"2",143,"21143","43","Word","Low",1,775.06
"838",67,"2",144,"21119","19","Word","Low",1,492.94
"838",67,"2",3,"21133","33","Word","Low",1,485.47
"838",67,"2",4,"23212","12","Consonant String","High",1,829.67
"838",67,"2",5,"22109","09","Pseudo-Word","Low",1,590.88
"838",67,"2",6,"22113","13","Pseudo-Word","Low",1,1662.13
"838",67,"2",7,"21127","27","Word","Low",1,541.05
"838",67,"2",8,"21111","11","Word","Low",1,492.26
"838",67,"2",9,"23105","05","Consonant String","Low",0,-937.8
"838",67,"2",10,"22117","17","Pseudo-Word","Low",1,540.01
"838",67,"2",11,"22236","36","Pseudo-Word","High",1,1097.24
"838",67,"2",12,"22230","30","Pseudo-Word","High",1,1065.81
"838",67,"2",14,"21216","16","Word","High",1,614.72
"838",67,"2",15,"22145","45","Pseudo-Word","Low",0,-1308.62
"838",67,"2",16,"23210","10","Consonant String","High",0,-850.2
"838",67,"2",17,"21105","05","Word","Low",1,543.75
"838",67,"2",18,"22139","39","Pseudo-Word","Low",1,600.28
"838",67,"2",19,"21220","20","Word","High",1,471.82
"838",67,"2",20,"23242","42","Consonant String","High",1,678.68
"838",67,"2",21,"21212","12","Word","High",1,841.9
"838",67,"2",22,"22240","40","Pseudo-Word","High",1,735.45
"838",67,"2",23,"21109","09","Word","Low",1,464.66
"838",67,"2",25,"21121","21","Word","Low",1,625.53
"838",67,"2",26,"23246","46","Consonant String","High",1,528.72
"838",67,"2",27,"21139","39","Word","Low",1,638.93
"838",67,"2",28,"21107","07","Word","Low",1,477.12
"838",67,"2",29,"22202","02","Pseudo-Word","High",1,1233.35
"838",67,"2",30,"23139","39","Consonant String","Low",1,803.6
"838",67,"2",31,"21236","36","Word","High",1,1028.16
"838",67,"2",32,"22226","26","Pseudo-Word","High",1,681.39
"838",67,"2",33,"22105","05","Pseudo-Word","Low",1,546.6
"838",67,"2",34,"22127","27","Pseudo-Word","Low",1,521.13
"838",67,"2",36,"23216","16","Consonant String","High",1,585.99
"838",67,"2",37,"23244","44","Consonant String","High",0,-1138.22
"838",67,"2",38,"21244","44","Word","High",1,567.44
"838",67,"2",39,"23226","26","Consonant String","High",1,1465.35
"838",67,"2",40,"21204","04","Word","High",1,703.27
"838",67,"2",41,"22141","41","Pseudo-Word","Low",1,537.82
"838",67,"2",42,"23228","28","Consonant String","High",1,807.02
"838",67,"2",43,"23238","38","Consonant String","High",1,1078.58
"838",67,"2",44,"22115","15","Pseudo-Word","Low",1,716.82
"838",67,"2",45,"23240","40","Consonant String","High",1,628.7
"838",67,"2",47,"23147","47","Consonant String","Low",1,1226.92
"838",67,"2",48,"22101","01","Pseudo-Word","Low",1,728.17
"838",67,"2",49,"22222","22","Pseudo-Word","High",1,1410.41
"838",67,"2",50,"21242","42","Word","High",1,568.33
"838",67,"2",51,"23119","19","Consonant String","Low",1,611.19
"839",67,"3",1,"33108","08","Consonant String","Low",1,1532.89
"839",67,"3",57,"33207","07","Consonant String","High",1,1539.17
"839",67,"3",68,"31146","46","Word","Low",1,479.42
"839",67,"3",79,"32215","15","Pseudo-Word","High",0,-946.63
"839",67,"3",90,"31247","47","Word","High",1,435.18
"839",67,"3",101,"32138","38","Pseudo-Word","Low",1,862.39
"839",67,"3",112,"33114","14","Consonant String","Low",1,823.29
"839",67,"3",123,"32122","22","Pseudo-Word","Low",1,478.17
"839",67,"3",134,"32142","42","Pseudo-Word","Low",1,486.35
"839",67,"3",2,"31124","24","Word","Low",1,537.54
"839",67,"3",13,"32209","09","Pseudo-Word","High",1,600.75
"839",67,"3",24,"32114","14","Pseudo-Word","Low",1,1545.32
"839",67,"3",35,"31102","02","Word","Low",1,927.92
"839",67,"3",46,"33225","25","Consonant String","High",1,900.16
"839",67,"3",52,"32247","47","Pseudo-Word","High",1,584.72
"839",67,"3",53,"31245","45","Word","High",1,527.91
"839",67,"3",54,"31235","35","Word","High",1,747.11
"839",67,"3",55,"32205","05","Pseudo-Word","High",1,680.67
"839",67,"3",56,"31241","41","Word","High",1,439.86
"839",67,"3",58,"31142","42","Word","Low",1,414.06
"839",67,"3",59,"33245","45","Consonant String","High",1,402.91
"839",67,"3",60,"32235","35","Pseudo-Word","High",1,596.43
"839",67,"3",61,"31122","22","Word","Low",1,876.97
"839",67,"3",62,"33102","02","Consonant String","Low",1,640.2
"839",67,"3",63,"33205","05","Consonant String","High",0,-1618.44
"839",67,"3",64,"33221","21","Consonant String","High",1,720.37
"839",67,"3",65,"31144","44","Word","Low",1,446.25
"839",67,"3",66,"31104","04","Word","Low",1,675.78
"839",67,"3",67,"32140","40","Pseudo-Word","Low",1,519.99
"839",67,"3",69,"33112","12","Consonant String","Low",1,485.86
"839",67,"3",70,"32243","43","Pseudo-Word","High",1,475.04
"839",67,"3",71,"33116","16","Consonant String","Low",1,744.91
"839",67,"3",72,"31140","40","Word","Low",1,414.44
"839",67,"3",73,"33120","20","Consonant String","Low",1,1248.32
"839",67,"3",74,"31126","26","Word","Low",1,379.89
"839",67,"3",75,"31118","18","Word","Low",1,438.08
"839",67,"3",76,"32203","03","Pseudo-Word","High",1,1324.29
"839",67,"3",77,"31138","38","Word","Low",1,416.2
"839",67,"3",78,"31128","28","Word","Low",0,-370.05
"839",67,"3",80,"33132","32","Consonant String","Low",0,-1046.92
"839",67,"3",81,"32130","30","Pseudo-Word","Low",1,550.48
"839",67,"3",82,"31112","12","Word","Low",1,481.02
"839",67,"3",83,"32217","17","Pseudo-Word","High",0,-917.22
"839",67,"3",84,"33148","48","Consonant String","Low",0,-1573.15
"839",67,"3",85,"33134","34","Consonant String","Low",1,611.07
"839",67,"3",86,"33223","23","Consonant String","High",1,792.96
"839",67,"3",87,"33231","31","Consonant String","High",1,722.51
"839",67,"3",88,"31239","39","Word","High",0,-551.38
"839",67,"3",89,"32102","02","Pseudo-Word","Low",1,813.92
"839",67,"3",91,"33213","13","Consonant String","High",1,705.8
"839",67,"3",92,"33203","03","Consonant String","High",1,908.36
"839",67,"3",93,"31219","19","Word","High",1,492.91
"839",67,"3",94,"32213","13","Pseudo-Word","High",1,790.45
"839",67,"3",95,"33104","04","Consonant String","Low",1,792.67
"839",67,"3",96,"31201","01","Word","High",1,590.22
"839",67,"3",97,"31134","34","Word","Low",1,495.41
"839",67,"3",98,"32227","27","Pseudo-Word","High",1,684.96
"839",67,"3",99,"32128","28","Pseudo-Word","Low",1,1166.18
"839",67,"3",100,"33106","06","Consonant String","Low",0,-887.09
"839",67,"3",102,"32108","08","Pseudo-Word","Low",1,769.33
"839",67,"3",103,"33237","37","Consonant String","High",1,943.21
"839",67,"3",104,"32233","33","Pseudo-Word","High",1,439.76
"839",67,"3",105,"31229","29","Word","High",1,473.95
"839",67,"3",106,"31148","48","Word","Low",1,412.8
"839",67,"3",107,"33209","09","Consonant String","High",1,692.66
"839",67,"3",108,"32237","37","Pseudo-Word","High",1,918.22
"839",67,"3",109,"32239","39","Pseudo-Word","High",1,622.11
"839",67,"3",110,"31213","13","Word","High",1,459.98
"839",67,"3",111,"33239","39","Consonant String","High",1,639.85
"839",67,"3",113,"33118","18","Consonant String","Low",0,-717.05
"839",67,"3",114,"33247","47","Consonant String","High",1,1123.95
"839",67,"3",115,"31108","08","Word","Low",1,502.84
"839",67,"3",116,"32201","01","Pseudo-Word","High",1,632.61
"839",67,"3",117,"31203","03","Word","High",1,584.82
"839",67,"3",118,"33241","41","Consonant String","High",0,-647.02
"839",67,"3",119,"33229","29","Consonant String","High",1,449.56
"839",67,"3",120,"32136","36","Pseudo-Word","Low",1,547.08
"839",67,"3",121,"33146","46","Consonant String","Low",0,-662.61
"839",67,"3",122,"33217","17","Consonant String","High",0,-780.5
"839",67,"3",124,"32221","21","Pseudo-Word","High",0,-719.71
"839",67,"3",125,"31207","07","Word","High",1,635.58
"839",67,"3",126,"33140","40","Consonant String","Low",0,-1084.81
"839",67,"3",127,"33130","30","Consonant String","Low",0,-777.05
"839",67,"3",128,"33211","11","Consonant String","High",1,807.28
"839",67,"3",129,"31114","14","Word","Low",1,569.82
"839",67,"3",130,"33227","27","Consonant String","High",0,-1020.7
"839",67,"3",131,"32219","19","Pseudo-Word","High",1,490.59
"839",67,"3",132,"33219","19","Consonant String","High",0,-811.8
"839",67,"3",133,"32116","16","Pseudo-Word","Low",1,510.67
"839",67,"3",135,"33136","36","Consonant String","Low",0,-1402.58
"839",67,"3",136,"32229","29","Pseudo-Word","High",1,672.16
"839",67,"3",137,"31209","09","Word","High",1,487.02
"839",67,"3",138,"32132","32","Pseudo-Word","Low",1,961.24
"839",67,"3",139,"33142","42","Consonant String","Low",0,-745.13
"839",67,"3",140,"31215","15","Word","High",1,474.67
"839",67,"3",141,"32207","07","Pseudo-Word","High",1,782.54
"839",67,"3",142,"32134","34","Pseudo-Word","Low",0,-1241.78
"839",67,"3",143,"32146","46","Pseudo-Word","Low",1,557.35
"839",67,"3",144,"33144","44","Consonant String","Low",1,1247.92
"839",67,"3",3,"31233","33","Word","High",0,-495.48
"839",67,"3",4,"32112","12","Pseudo-Word","Low",1,518
"839",67,"3",5,"31136","36","Word","Low",1,643.87
"839",67,"3",6,"32126","26","Pseudo-Word","Low",1,660.42
"839",67,"3",7,"32245","45","Pseudo-Word","High",1,683.29
"839",67,"3",8,"31227","27","Word","High",1,642.5
"839",67,"3",9,"32225","25","Pseudo-Word","High",0,-813.05
"839",67,"3",10,"33215","15","Consonant String","High",0,-1229.97
"839",67,"3",11,"32106","06","Pseudo-Word","Low",1,1009.22
"839",67,"3",12,"31116","16","Word","Low",1,700.11
"839",67,"3",14,"31223","23","Word","High",1,703.67
"839",67,"3",15,"31132","32","Word","Low",0,-1434.24
"839",67,"3",16,"33128","28","Consonant String","Low",0,-1856.53
"839",67,"3",17,"32241","41","Pseudo-Word","High",1,524.14
"839",67,"3",18,"31225","25","Word","High",0,-444.99
"839",67,"3",19,"32148","48","Pseudo-Word","Low",0,-2800.62
"839",67,"3",20,"31130","30","Word","Low",1,435.26
"839",67,"3",21,"33110","10","Consonant String","Low",1,820.47
"839",67,"3",22,"32110","10","Pseudo-Word","Low",1,514.35
"839",67,"3",23,"33243","43","Consonant String","High",1,603.21
"839",67,"3",25,"31120","20","Word","Low",1,437.75
"839",67,"3",26,"33126","26","Consonant String","Low",1,471.94
"839",67,"3",27,"31205","05","Word","High",1,886.81
"839",67,"3",28,"33201","01","Consonant String","High",1,791.03
"839",67,"3",29,"33233","33","Consonant String","High",1,507.25
"839",67,"3",30,"32211","11","Pseudo-Word","High",1,642.77
"839",67,"3",31,"32124","24","Pseudo-Word","Low",1,445.31
"839",67,"3",32,"31243","43","Word","High",1,467.84
"839",67,"3",33,"32104","04","Pseudo-Word","Low",1,789.7
"839",67,"3",34,"31211","11","Word","High",1,618.92
"839",67,"3",36,"31221","21","Word","High",1,516.78
"839",67,"3",37,"31217","17","Word","High",1,491.65
"839",67,"3",38,"32223","23","Pseudo-Word","High",1,1390.21
"839",67,"3",39,"32118","18","Pseudo-Word","Low",0,-1613.5
"839",67,"3",40,"33138","38","Consonant String","Low",1,1710.47
"839",67,"3",41,"32120","20","Pseudo-Word","Low",1,425.39
"839",67,"3",42,"32144","44","Pseudo-Word","Low",1,530.58
"839",67,"3",43,"31237","37","Word","High",1,492.77
"839",67,"3",44,"31110","10","Word","Low",1,578.31
"839",67,"3",45,"33235","35","Consonant String","High",1,1218.54
"839",67,"3",47,"31231","31","Word","High",1,560.43
"839",67,"3",48,"32231","31","Pseudo-Word","High",1,609.31
"839",67,"3",49,"33122","22","Consonant String","Low",1,577.18
"839",67,"3",50,"31106","06","Word","Low",1,562.38
"839",67,"3",51,"33124","24","Consonant String","Low",1,628.24
"840",67,"4",1,"41111","11","Word","Low",0,-671.87
"840",67,"4",57,"41133","33","Word","Low",1,488.75
"840",67,"4",68,"43127","27","Consonant String","Low",1,501.94
"840",67,"4",79,"42145","45","Pseudo-Word","Low",1,603.46
"840",67,"4",90,"43129","29","Consonant String","Low",1,574
"840",67,"4",101,"41145","45","Word","Low",1,603.2
"840",67,"4",112,"42109","09","Pseudo-Word","Low",1,811.76
"840",67,"4",123,"43204","04","Consonant String","High",1,1137.65
"840",67,"4",134,"41228","28","Word","High",1,489.88
"840",67,"4",2,"41210","10","Word","High",1,598.08
"840",67,"4",13,"42137","37","Pseudo-Word","Low",1,544.61
"840",67,"4",24,"42133","33","Pseudo-Word","Low",1,506.15
"840",67,"4",35,"42228","28","Pseudo-Word","High",1,518.67
"840",67,"4",46,"41246","46","Word","High",1,504.53
"840",67,"4",52,"41222","22","Word","High",1,634.06
"840",67,"4",53,"41242","42","Word","High",1,521.27
"840",67,"4",54,"42127","27","Pseudo-Word","Low",1,559.13
"840",67,"4",55,"42226","26","Pseudo-Word","High",1,470.99
"840",67,"4",56,"43101","01","Consonant String","Low",1,1628.9
"840",67,"4",58,"41101","01","Word","Low",1,1058.17
"840",67,"4",59,"43210","10","Consonant String","High",0,-763.75
"840",67,"4",60,"41248","48","Word","High",1,423.62
"840",67,"4",61,"43123","23","Consonant String","Low",1,594.47
"840",67,"4",62,"42246","46","Pseudo-Word","High",1,437
"840",67,"4",63,"42244","44","Pseudo-Word","High",1,486.2
"840",67,"4",64,"42208","08","Pseudo-Word","High",1,491.39
"840",67,"4",65,"43232","32","Consonant String","High",1,437.91
"840",67,"4",66,"43208","08","Consonant String","High",0,-677.11
"840",67,"4",67,"42111","11","Pseudo-Word","Low",1,627.31
"840",67,"4",69,"41204","04","Word","High",1,555.52
"840",67,"4",70,"43240","40","Consonant String","High",1,610.05
"840",67,"4",71,"42139","39","Pseudo-Word","Low",1,431.92
"840",67,"4",72,"42218","18","Pseudo-Word","High",1,731.11
"840",67,"4",73,"43115","15","Consonant String","Low",0,-492.33
"840",67,"4",74,"42147","47","Pseudo-Word","Low",1,429.84
"840",67,"4",75,"43137","37","Consonant String","Low",1,424.03
"840",67,"4",76,"43218","18","Consonant String","High",0,-619.9
"840",67,"4",77,"41103","03","Word","Low",1,630.76
"840",67,"4",78,"43216","16","Consonant String","High",0,-427.97
"840",67,"4",80,"43212","12","Consonant String","High",0,-432.13
"840",67,"4",81,"43109","09","Consonant String","Low",0,-552.33
"840",67,"4",82,"42236","36","Pseudo-Word","High",1,528.87
"840",67,"4",83,"42242","42","Pseudo-Word","High",1,360.06
"840",67,"4",84,"42220","20","Pseudo-Word","High",1,425.92
"840",67,"4",85,"43242","42","Consonant String","High",0,-736.11
"840",67,"4",86,"41236","36","Word","High",1,378.31
"840",67,"4",87,"42131","31","Pseudo-Word","Low",1,409.5
"840",67,"4",88,"43121","21","Consonant String","Low",0,-872.37
"840",67,"4",89,"43125","25","Consonant String","Low",1,494.25
"840",67,"4",91,"41234","34","Word","High",1,440.77
"840",67,"4",92,"43105","05","Consonant String","Low",0,-411.96
"840",67,"4",93,"43224","24","Consonant String","High",1,647.82
"840",67,"4",94,"43202","02","Consonant String","High",0,-506.36
"840",67,"4",95,"43248","48","Consonant String","High",1,401.88
"840",67,"4",96,"41238","38","Word","High",1,561.4
"840",67,"4",97,"41129","29","Word","Low",1,371.26
"840",67,"4",98,"43230","30","Consonant String","High",1,491.11
"840",67,"4",99,"41143","43","Word","Low",1,408.64
"840",67,"4",100,"41113","13","Word","Low",1,696.17
"840",67,"4",102,"41105","05","Word","Low",0,-526.7
"840",67,"4",103,"41127","27","Word","Low",1,422.9
"840",67,"4",104,"43111","11","Consonant String","Low",1,611.76
"840",67,"4",105,"41244","44","Word","High",1,531.63
"840",67,"4",106,"42119","19","Pseudo-Word","Low",1,467.82
"840",67,"4",107,"42101","01","Pseudo-Word","Low",0,-778.69
"840",67,"4",108,"42212","12","Pseudo-Word","High",1,768.91
"840",67,"4",109,"41139","39","Word","Low",1,529.78
"840",67,"4",110,"41230","30","Word","High",1,734.99
"840",67,"4",111,"42143","43","Pseudo-Word","Low",1,1041.22
"840",67,"4",113,"43141","41","Consonant String","Low",0,-882.79
"840",67,"4",114,"41240","40","Word","High",1,614.01
"840",67,"4",115,"43222","22","Consonant String","High",1,763.88
"840",67,"4",116,"41226","26","Word","High",1,582.44
"840",67,"4",117,"43117","17","Consonant String","Low",1,478.64
"840",67,"4",118,"42232","32","Pseudo-Word","High",1,404.83
"840",67,"4",119,"42202","02","Pseudo-Word","High",1,767.37
"840",67,"4",120,"42248","48","Pseudo-Word","High",1,886.25
"840",67,"4",121,"41206","06","Word","High",1,555.47
"840",67,"4",122,"43244","44","Consonant String","High",1,492
"840",67,"4",124,"43145","45","Consonant String","Low",1,499.52
"840",67,"4",125,"42123","23","Pseudo-Word","Low",1,390.05
"840",67,"4",126,"42141","41","Pseudo-Word","Low",0,-715.24
"840",67,"4",127,"43214","14","Consonant String","High",1,480.11
"840",67,"4",128,"42210","10","Pseudo-Word","High",1,778.32
"840",67,"4",129,"41220","20","Word","High",1,650.53
"840",67,"4",130,"43107","07","Consonant String","Low",1,577.07
"840",67,"4",131,"42222","22","Pseudo-Word","High",1,801.28
"840",67,"4",132,"43133","33","Consonant String","Low",0,-494.83
"840",67,"4",133,"43119","19","Consonant String","Low",0,-496.35
"840",67,"4",135,"43234","34","Consonant String","High",1,699.89
"840",67,"4",136,"41135","35","Word","Low",1,716.44
"840",67,"4",137,"42121","21","Pseudo-Word","Low",1,485.31
"840",67,"4",138,"42230","30","Pseudo-Word","High",1,714.52
"840",67,"4",139,"41224","24","Word","High",1,573.38
"840",67,"4",140,"41117","17","Word","Low",1,556.25
"840",67,"4",141,"41216","16","Word","High",1,437.78
"840",67,"4",142,"41119","19","Word","Low",1,454.96
"840",67,"4",143,"43246","46","Consonant String","High",0,-468.48
"840",67,"4",144,"41137","37","Word","Low",1,570.35
"840",67,"4",3,"41218","18","Word","High",1,413.2
"840",67,"4",4,"43103","03","Consonant String","Low",1,581.07
"840",67,"4",5,"41125","25","Word","Low",1,571.27
"840",67,"4",6,"41107","07","Word","Low",1,478.13
"840",67,"4",7,"42216","16","Pseudo-Word","High",1,518.33
"840",67,"4",8,"41212","12","Word","High",1,541.19
"840",67,"4",9,"41115","15","Word","Low",1,634.77
"840",67,"4",10,"42103","03","Pseudo-Word","Low",1,451.92
"840",67,"4",11,"42115","15","Pseudo-Word","Low",1,446.44
"840",67,"4",12,"43135","35","Consonant String","Low",1,847.98
"840",67,"4",14,"42129","29","Pseudo-Word","Low",1,849.54
"840",67,"4",15,"43228","28","Consonant String","High",1,878.11
"840",67,"4",16,"41147","47","Word","Low",1,677.33
"840",67,"4",17,"42214","14","Pseudo-Word","High",1,478.53
"840",67,"4",18,"42105","05","Pseudo-Word","Low",1,427.72
"840",67,"4",19,"43139","39","Consonant String","Low",1,803.92
"840",67,"4",20,"42240","40","Pseudo-Word","High",1,765.47
"840",67,"4",21,"43206","06","Consonant String","High",1,463.35
"840",67,"4",22,"42125","25","Pseudo-Word","Low",1,896.23
"840",67,"4",23,"43131","31","Consonant String","Low",0,-613.78
"840",67,"4",25,"41202","02","Word","High",1,758.65
"840",67,"4",26,"42234","34","Pseudo-Word","High",1,417.19
"840",67,"4",27,"43236","36","Consonant String","High",1,736.06
"840",67,"4",28,"42206","06","Pseudo-Word","High",1,603.27
"840",67,"4",29,"42117","17","Pseudo-Word","Low",1,489.8
"840",67,"4",30,"43143","43","Consonant String","Low",0,-497.99
"840",67,"4",31,"43226","26","Consonant String","High",1,621.52
"840",67,"4",32,"42238","38","Pseudo-Word","High",1,946.4
"840",67,"4",33,"41123","23","Word","Low",1,361.95
"840",67,"4",34,"41109","09","Word","Low",1,756.81
"840",67,"4",36,"42224","24","Pseudo-Word","High",1,649.36
"840",67,"4",37,"41232","32","Word","High",1,669.91
"840",67,"4",38,"42107","07","Pseudo-Word","Low",1,650.78
"840",67,"4",39,"41121","21","Word","Low",1,398.3
"840",67,"4",40,"42113","13","Pseudo-Word","Low",0,-867.85
"840",67,"4",41,"41141","41","Word","Low",1,641.73
"840",67,"4",42,"41131","31","Word","Low",1,571.27
"840",67,"4",43,"42135","35","Pseudo-Word","Low",1,568.14
"840",67,"4",44,"41214","14","Word","High",0,-755.01
"840",67,"4",45,"42204","04","Pseudo-Word","High",1,619.56
"840",67,"4",47,"43147","47","Consonant String","Low",1,477.42
"840",67,"4",48,"43113","13","Consonant String","Low",0,-414.62
"840",67,"4",49,"43220","20","Consonant String","High",1,783.48
"840",67,"4",50,"41208","08","Word","High",1,546.7
"840",67,"4",51,"43238","38","Consonant String","High",1,624.22
"841",50,"1",1,"12229","29","Pseudo-Word","High",0,-651.9
"841",50,"1",57,"13239","39","Consonant String","High",1,856.1
"841",50,"1",68,"11122","22","Word","Low",1,696.33
"841",50,"1",79,"13213","13","Consonant String","High",0,-773.55
"841",50,"1",90,"12136","36","Pseudo-Word","Low",1,1232.12
"841",50,"1",101,"13120","20","Consonant String","Low",1,733.02
"841",50,"1",112,"12201","01","Pseudo-Word","High",1,753.9
"841",50,"1",123,"12142","42","Pseudo-Word","Low",1,673.11
"841",50,"1",134,"12120","20","Pseudo-Word","Low",1,599.65
"841",50,"1",2,"11231","31","Word","High",1,763.86
"841",50,"1",13,"13128","28","Consonant String","Low",0,-1187.43
"841",50,"1",24,"11130","30","Word","Low",1,780.34
"841",50,"1",35,"11132","32","Word","Low",1,786.22
"841",50,"1",46,"13132","32","Consonant String","Low",0,-1008.12
"841",50,"1",52,"11203","03","Word","High",1,853.35
"841",50,"1",53,"13201","01","Consonant String","High",0,-845.58
"841",50,"1",54,"11233","33","Word","High",0,-1178.82
"841",50,"1",55,"13217","17","Consonant String","High",0,-787.72
"841",50,"1",56,"11108","08","Word","Low",1,620.6
"841",50,"1",58,"11201","01","Word","High",1,793.14
"841",50,"1",59,"13106","06","Consonant String","Low",0,-1186.37
"841",50,"1",60,"11126","26","Word","Low",1,747.29
"841",50,"1",61,"11211","11","Word","High",1,733.5
"841",50,"1",62,"11241","41","Word","High",1,733.38
"841",50,"1",63,"12221","21","Pseudo-Word","High",0,-1357.28
"841",50,"1",64,"12148","48","Pseudo-Word","Low",0,-1263.56
"841",50,"1",65,"12116","16","Pseudo-Word","Low",1,954.14
"841",50,"1",66,"11106","06","Word","Low",1,717.37
"841",50,"1",67,"12104","04","Pseudo-Word","Low",1,1198.93
"841",50,"1",69,"12239","39","Pseudo-Word","High",1,651.18
"841",50,"1",70,"11229","29","Word","High",1,631.38
"841",50,"1",71,"12215","15","Pseudo-Word","High",0,-1031.26
"841",50,"1",72,"12134","34","Pseudo-Word","Low",1,744.16
"841",50,"1",73,"13241","41","Consonant String","High",0,-692.38
"841",50,"1",74,"11245","45","Word","High",1,637.6
"841",50,"1",75,"11209","09","Word","High",1,737.46
"841",50,"1",76,"12106","06","Pseudo-Word","Low",1,707.34
"841",50,"1",77,"13205","05","Consonant String","High",0,-814.55
"841",50,"1",78,"12118","18","Pseudo-Word","Low",1,617.1
"841",50,"1",80,"13136","36","Consonant String","Low",1,785.65
"841",50,"1",81,"12138","38","Pseudo-Word","Low",1,572.52
"841",50,"1",82,"11243","43","Word","High",1,668.06
"841",50,"1",83,"12146","46","Pseudo-Word","Low",0,-638.6
"841",50,"1",84,"12102","02","Pseudo-Word","Low",1,752.46
"841",50,"1",85,"13116","16","Consonant String","Low",0,-513.68
"841",50,"1",86,"13227","27","Consonant String","High",0,-768.22
"841",50,"1",87,"12132","32","Pseudo-Word","Low",1,694.76
"841",50,"1",88,"11128","28","Word","Low",1,609.97
"841",50,"1",89,"13102","02","Consonant String","Low",1,670.5
"841",50,"1",91,"12207","07","Pseudo-Word","High",0,-668.05
"841",50,"1",92,"12144","44","Pseudo-Word","Low",1,608.59
"841",50,"1",93,"13138","38","Consonant String","Low",0,-676.79
"841",50,"1",94,"13247","47","Consonant String","High",0,-739.67
"841",50,"1",95,"13223","23","Consonant String","High",0,-691.55
"841",50,"1",96,"11219","19","Word","High",1,633.75
"841",50,"1",97,"12209","09","Pseudo-Word","High",0,-808.63
"841",50,"1",98,"12233","33","Pseudo-Word","High",1,843.86
"841",50,"1",99,"12223","23","Pseudo-Word","High",1,722.06
"841",50,"1",100,"11124","24","Word","Low",1,560.61
"841",50,"1",102,"13144","44","Consonant String","Low",1,754.16
"841",50,"1",103,"13122","22","Consonant String","Low",1,560.36
"841",50,"1",104,"13233","33","Consonant String","High",1,536.89
"841",50,"1",105,"13207","07","Consonant String","High",1,984.77
"841",50,"1",106,"11134","34","Word","Low",1,708.67
"841",50,"1",107,"13104","04","Consonant String","Low",1,841.89
"841",50,"1",108,"13108","08","Consonant String","Low",0,-638.1
"841",50,"1",109,"13219","19","Consonant String","High",0,-1268
"841",50,"1",110,"11205","05","Word","High",1,514.56
"841",50,"1",111,"12227","27","Pseudo-Word","High",1,1159.12
"841",50,"1",113,"12245","45","Pseudo-Word","High",1,1196.71
"841",50,"1",114,"11215","15","Word","High",1,793.95
"841",50,"1",115,"11247","47","Word","High",1,490.16
"841",50,"1",116,"12211","11","Pseudo-Word","High",1,693.29
"841",50,"1",117,"12203","03","Pseudo-Word","High",0,-809.51
"841",50,"1",118,"11237","37","Word","High",1,660.06
"841",50,"1",119,"11142","42","Word","Low",1,578.6
"841",50,"1",120,"13148","48","Consonant String","Low",1,1029.48
"841",50,"1",121,"13211","11","Consonant String","High",1,620.37
"841",50,"1",122,"11207","07","Word","High",1,764.92
"841",50,"1",124,"13124","24","Consonant String","Low",0,-550.46
"841",50,"1",125,"11116","16","Word","Low",1,737.67
"841",50,"1",126,"12124","24","Pseudo-Word","Low",0,-969.55
"841",50,"1",127,"12225","25","Pseudo-Word","High",1,520.11
"841",50,"1",128,"11223","23","Word","High",1,1126.65
"841",50,"1",129,"12241","41","Pseudo-Word","High",1,526.55
"841",50,"1",130,"12128","28","Pseudo-Word","Low",1,777.43
"841",50,"1",131,"13146","46","Consonant String","Low",0,-708.3
"841",50,"1",132,"13112","12","Consonant String","Low",0,-436.51
"841",50,"1",133,"12110","10","Pseudo-Word","Low",1,744.37
"841",50,"1",135,"11112","12","Word","Low",1,525.58
"841",50,"1",136,"12130","30","Pseudo-Word","Low",1,634.44
"841",50,"1",137,"11140","40","Word","Low",1,450.31
"841",50,"1",138,"13142","42","Consonant String","Low",1,822.5
"841",50,"1",139,"11148","48","Word","Low",1,546.05
"841",50,"1",140,"13237","37","Consonant String","High",0,-512.25
"841",50,"1",141,"13235","35","Consonant String","High",1,531.77
"841",50,"1",142,"11120","20","Word","Low",1,601.64
"841",50,"1",143,"11144","44","Word","Low",1,615.84
"841",50,"1",144,"13245","45","Consonant String","High",0,-809.39
"841",50,"1",3,"11104","04","Word","Low",1,965.95
"841",50,"1",4,"11221","21","Word","High",1,699.5
"841",50,"1",5,"12114","14","Pseudo-Word","Low",1,610.71
"841",50,"1",6,"11138","38","Word","Low",1,569.25
"841",50,"1",7,"11146","46","Word","Low",1,575.78
"841",50,"1",8,"12237","37","Pseudo-Word","High",1,746.65
"841",50,"1",9,"12108","08","Pseudo-Word","Low",1,702.86
"841",50,"1",10,"13126","26","Consonant String","Low",1,898.09
"841",50,"1",11,"12231","31","Pseudo-Word","High",1,506.3
"841",50,"1",12,"13221","21","Consonant String","High",0,-602.49
"841",50,"1",14,"12217","17","Pseudo-Word","High",0,-573.7
"841",50,"1",15,"13215","15","Consonant String","High",1,781.24
"841",50,"1",16,"13114","14","Consonant String","Low",0,-628.12
"841",50,"1",17,"12235","35","Pseudo-Word","High",1,577.98
"841",50,"1",18,"12247","47","Pseudo-Word","High",1,453.84
"841",50,"1",19,"13134","34","Consonant String","Low",1,434.03
"841",50,"1",20,"13110","10","Consonant String","Low",0,-847.9
"841",50,"1",21,"13229","29","Consonant String","High",0,-594.11
"841",50,"1",22,"13231","31","Consonant String","High",1,418.31
"841",50,"1",23,"11110","10","Word","Low",1,833.84
"841",50,"1",25,"13130","30","Consonant String","Low",1,586.7
"841",50,"1",26,"12243","43","Pseudo-Word","High",1,502.59
"841",50,"1",27,"11239","39","Word","High",1,1181.81
"841",50,"1",28,"11213","13","Word","High",1,647.7
"841",50,"1",29,"12213","13","Pseudo-Word","High",1,638.91
"841",50,"1",30,"12126","26","Pseudo-Word","Low",1,615.77
"841",50,"1",31,"13243","43","Consonant String","High",1,552.31
"841",50,"1",32,"12112","12","Pseudo-Word","Low",1,645.52
"841",50,"1",33,"12219","19","Pseudo-Word","High",1,626.72
"841",50,"1",34,"11217","17","Word","High",1,503.58
"841",50,"1",36,"11227","27","Word","High",1,553.78
"841",50,"1",37,"11136","36","Word","Low",1,519.98
"841",50,"1",38,"13225","25","Consonant String","High",0,-654.5
"841",50,"1",39,"11225","25","Word","High",1,492.7
"841",50,"1",40,"12140","40","Pseudo-Word","Low",1,455.89
"841",50,"1",41,"13118","18","Consonant String","Low",0,-452.08
"841",50,"1",42,"12205","05","Pseudo-Word","High",0,-715.27
"841",50,"1",43,"11118","18","Word","Low",1,534.81
"841",50,"1",44,"13140","40","Consonant String","Low",1,556.67
"841",50,"1",45,"11102","02","Word","Low",1,647.88
"841",50,"1",47,"12122","22","Pseudo-Word","Low",0,-564.08
"841",50,"1",48,"13209","09","Consonant String","High",1,557.61
"841",50,"1",49,"11235","35","Word","High",1,529.81
"841",50,"1",50,"11114","14","Word","Low",0,-497.67
"841",50,"1",51,"13203","03","Consonant String","High",0,-785.88
"842",67,"2",1,"23111","11","Consonant String","Low",0,-1359.42
"842",67,"2",57,"23123","23","Consonant String","Low",1,1325.37
"842",67,"2",68,"22127","27","Pseudo-Word","Low",1,2145.67
"842",67,"2",79,"22244","44","Pseudo-Word","High",1,642.29
"842",67,"2",90,"21208","08","Word","High",1,564.83
"842",67,"2",101,"21234","34","Word","High",1,491.69
"842",67,"2",112,"23129","29","Consonant String","Low",0,-1351.26
"842",67,"2",123,"21121","21","Word","Low",1,517.83
"842",67,"2",134,"23212","12","Consonant String","High",0,-1109.72
"842",67,"2",2,"23232","32","Consonant String","High",0,-1456.66
"842",67,"2",13,"23105","05","Consonant String","Low",0,-824.24
"842",67,"2",24,"21202","02","Word","High",1,809.14
"842",67,"2",35,"23133","33","Consonant String","Low",1,894.03
"842",67,"2",46,"22117","17","Pseudo-Word","Low",1,573.58
"842",67,"2",52,"23101","01","Consonant String","Low",1,1013.46
"842",67,"2",53,"21244","44","Word","High",1,536.35
"842",67,"2",54,"23230","30","Consonant String","High",1,1015.58
"842",67,"2",55,"23246","46","Consonant String","High",0,-1049.48
"842",67,"2",56,"21222","22","Word","High",1,748.05
"842",67,"2",58,"23107","07","Consonant String","Low",1,1833.65
"842",67,"2",59,"21101","01","Word","Low",1,553.91
"842",67,"2",60,"22232","32","Pseudo-Word","High",1,877.46
"842",67,"2",61,"21212","12","Word","High",1,553.67
"842",67,"2",62,"23226","26","Consonant String","High",0,-1371.24
"842",67,"2",63,"21105","05","Word","Low",1,576.15
"842",67,"2",64,"21115","15","Word","Low",1,551.35
"842",67,"2",65,"23147","47","Consonant String","Low",1,855.89
"842",67,"2",66,"21210","10","Word","High",1,573.44
"842",67,"2",67,"22111","11","Pseudo-Word","Low",1,891.32
"842",67,"2",69,"23117","17","Consonant String","Low",1,726.88
"842",67,"2",70,"22119","19","Pseudo-Word","Low",1,540.08
"842",67,"2",71,"23228","28","Consonant String","High",1,855.3
"842",67,"2",72,"23204","04","Consonant String","High",1,489.83
"842",67,"2",73,"21228","28","Word","High",1,581.03
"842",67,"2",74,"22246","46","Pseudo-Word","High",1,631.24
"842",67,"2",75,"21139","39","Word","Low",1,707.45
"842",67,"2",76,"21246","46","Word","High",1,570.98
"842",67,"2",77,"22143","43","Pseudo-Word","Low",1,628.85
"842",67,"2",78,"22234","34","Pseudo-Word","High",1,638.07
"842",67,"2",80,"22208","08","Pseudo-Word","High",1,1446.3
"842",67,"2",81,"21141","41","Word","Low",1,546.89
"842",67,"2",82,"21107","07","Word","Low",1,549.42
"842",67,"2",83,"23127","27","Consonant String","Low",1,532.94
"842",67,"2",84,"22248","48","Pseudo-Word","High",1,711.15
"842",67,"2",85,"21145","45","Word","Low",1,580.03
"842",67,"2",86,"21230","30","Word","High",1,754.23
"842",67,"2",87,"23115","15","Consonant String","Low",1,695.78
"842",67,"2",88,"22238","38","Pseudo-Word","High",1,580.32
"842",67,"2",89,"21123","23","Word","Low",1,644.53
"842",67,"2",91,"23222","22","Consonant String","High",0,-906.08
"842",67,"2",92,"23224","24","Consonant String","High",1,660.64
"842",67,"2",93,"21220","20","Word","High",1,584.5
"842",67,"2",94,"23121","21","Consonant String","Low",1,636.71
"842",67,"2",95,"23137","37","Consonant String","Low",0,-754.92
"842",67,"2",96,"21240","40","Word","High",1,486.47
"842",67,"2",97,"23244","44","Consonant String","High",1,788.67
"842",67,"2",98,"23109","09","Consonant String","Low",1,738.88
"842",67,"2",99,"22139","39","Pseudo-Word","Low",1,537.09
"842",67,"2",100,"22133","33","Pseudo-Word","Low",1,611.28
"842",67,"2",102,"21109","09","Word","Low",1,535.16
"842",67,"2",103,"23216","16","Consonant String","High",1,933.37
"842",67,"2",104,"23236","36","Consonant String","High",1,715.59
"842",67,"2",105,"23208","08","Consonant String","High",1,561.46
"842",67,"2",106,"23242","42","Consonant String","High",0,-945.35
"842",67,"2",107,"21242","42","Word","High",1,563.91
"842",67,"2",108,"21214","14","Word","High",1,517.78
"842",67,"2",109,"23143","43","Consonant String","Low",1,604.63
"842",67,"2",110,"22218","18","Pseudo-Word","High",1,636.17
"842",67,"2",111,"21248","48","Word","High",1,490.37
"842",67,"2",113,"23125","25","Consonant String","Low",1,1136.58
"842",67,"2",114,"22107","07","Pseudo-Word","Low",1,534.81
"842",67,"2",115,"22123","23","Pseudo-Word","Low",0,-903.7
"842",67,"2",116,"22145","45","Pseudo-Word","Low",1,669.86
"842",67,"2",117,"21147","47","Word","Low",1,595.73
"842",67,"2",118,"22121","21","Pseudo-Word","Low",1,522.26
"842",67,"2",119,"21232","32","Word","High",1,611.12
"842",67,"2",120,"21206","06","Word","High",1,510
"842",67,"2",121,"22240","40","Pseudo-Word","High",1,523.85
"842",67,"2",122,"21137","37","Word","Low",1,584.72
"842",67,"2",124,"22214","14","Pseudo-Word","High",1,505.92
"842",67,"2",125,"21135","35","Word","Low",1,592.46
"842",67,"2",126,"22228","28","Pseudo-Word","High",1,554.98
"842",67,"2",127,"22216","16","Pseudo-Word","High",1,540.52
"842",67,"2",128,"22137","37","Pseudo-Word","Low",1,501.71
"842",67,"2",129,"22103","03","Pseudo-Word","Low",1,554.25
"842",67,"2",130,"23145","45","Consonant String","Low",1,619.77
"842",67,"2",131,"21113","13","Word","Low",1,516.64
"842",67,"2",132,"22125","25","Pseudo-Word","Low",1,567.51
"842",67,"2",133,"23139","39","Consonant String","Low",1,908.38
"842",67,"2",135,"21238","38","Word","High",1,587.93
"842",67,"2",136,"23135","35","Consonant String","Low",1,521.13
"842",67,"2",137,"22220","20","Pseudo-Word","High",1,535.99
"842",67,"2",138,"21119","19","Word","Low",1,558.2
"842",67,"2",139,"22242","42","Pseudo-Word","High",1,489.73
"842",67,"2",140,"22210","10","Pseudo-Word","High",1,564.91
"842",67,"2",141,"23210","10","Consonant String","High",1,651.79
"842",67,"2",142,"23248","48","Consonant String","High",1,481.32
"842",67,"2",143,"21226","26","Word","High",1,604.52
"842",67,"2",144,"22236","36","Pseudo-Word","High",1,632.05
"842",67,"2",3,"21218","18","Word","High",1,577.26
"842",67,"2",4,"23214","14","Consonant String","High",1,1002.48
"842",67,"2",5,"21117","17","Word","Low",1,613.04
"842",67,"2",6,"22101","01","Pseudo-Word","Low",1,1069.92
"842",67,"2",7,"23113","13","Consonant String","Low",1,608.83
"842",67,"2",8,"22113","13","Pseudo-Word","Low",1,545.69
"842",67,"2",9,"22105","05","Pseudo-Word","Low",1,874.24
"842",67,"2",10,"21216","16","Word","High",1,750.13
"842",67,"2",11,"22147","47","Pseudo-Word","Low",1,554.7
"842",67,"2",12,"21236","36","Word","High",1,635.2
"842",67,"2",14,"23240","40","Consonant String","High",1,837.42
"842",67,"2",15,"22224","24","Pseudo-Word","High",1,608.64
"842",67,"2",16,"23103","03","Consonant String","Low",1,718.18
"842",67,"2",17,"21111","11","Word","Low",1,639.05
"842",67,"2",18,"23238","38","Consonant String","High",1,663.26
"842",67,"2",19,"22226","26","Pseudo-Word","High",1,790.14
"842",67,"2",20,"22109","09","Pseudo-Word","Low",1,517.35
"842",67,"2",21,"21131","31","Word","Low",1,521.22
"842",67,"2",22,"21127","27","Word","Low",1,542.07
"842",67,"2",23,"21129","29","Word","Low",1,540.61
"842",67,"2",25,"21204","04","Word","High",1,494.81
"842",67,"2",26,"22222","22","Pseudo-Word","High",1,828.35
"842",67,"2",27,"22131","31","Pseudo-Word","Low",1,693.56
"842",67,"2",28,"23218","18","Consonant String","High",1,827.11
"842",67,"2",29,"23220","20","Consonant String","High",1,929.34
"842",67,"2",30,"21143","43","Word","Low",1,609.56
"842",67,"2",31,"22206","06","Pseudo-Word","High",0,-743.44
"842",67,"2",32,"22135","35","Pseudo-Word","Low",1,567.98
"842",67,"2",33,"23202","02","Consonant String","High",1,614.85
"842",67,"2",34,"22204","04","Pseudo-Word","High",1,569.72
"842",67,"2",36,"23131","31","Consonant String","Low",1,581.58
"842",67,"2",37,"23206","06","Consonant String","High",1,764.8
"842",67,"2",38,"21103","03","Word","Low",1,575.67
"842",67,"2",39,"22129","29","Pseudo-Word","Low",1,537.87
"842",67,"2",40,"21224","24","Word","High",1,505.07
"842",67,"2",41,"22212","12","Pseudo-Word","High",1,573.6
"842",67,"2",42,"22230","30","Pseudo-Word","High",1,652.81
"842",67,"2",43,"23234","34","Consonant String","High",1,780.35
"842",67,"2",44,"22202","02","Pseudo-Word","High",1,686.56
"842",67,"2",45,"21125","25","Word","Low",1,502.77
"842",67,"2",47,"22141","41","Pseudo-Word","Low",1,636.3
"842",67,"2",48,"23141","41","Consonant String","Low",1,1080.52
"842",67,"2",49,"22115","15","Pseudo-Word","Low",1,672.75
"842",67,"2",50,"23119","19","Consonant String","Low",1,950.65
"842",67,"2",51,"21133","33","Word","Low",1,519.2
"843",33,"3",1,"32142","42","Pseudo-Word","Low",1,1451.25
"843",33,"3",57,"31144","44","Word","Low",1,1204.18
"843",33,"3",68,"33104","04","Consonant String","Low",0,-1634.11
"843",33,"3",79,"32235","35","Pseudo-Word","High",1,1582.75
"843",33,"3",90,"33118","18","Consonant String","Low",0,-2159.4
"843",33,"3",101,"33227","27","Consonant String","High",0,-1705.73
"843",33,"3",112,"31201","01","Word","High",0,-1551.69
"843",33,"3",123,"31239","39","Word","High",1,1098.63
"843",33,"3",134,"31138","38","Word","Low",1,1622.56
"843",33,"3",2,"33110","10","Consonant String","Low",0,-1858.88
"843",33,"3",13,"32112","12","Pseudo-Word","Low",1,935.15
"843",33,"3",24,"33203","03","Consonant String","High",0,-1567.74
"843",33,"3",35,"32140","40","Pseudo-Word","Low",1,1110.01
"843",33,"3",46,"31120","20","Word","Low",1,3481.36
"843",33,"3",52,"32211","11","Pseudo-Word","High",0,-2562.13
"843",33,"3",53,"31205","05","Word","High",1,2259.5
"843",33,"3",54,"33126","26","Consonant String","Low",1,1598.83
"843",33,"3",55,"33213","13","Consonant String","High",0,-1619.8
"843",33,"3",56,"33120","20","Consonant String","Low",0,-1981.11
"843",33,"3",58,"33211","11","Consonant String","High",1,802.72
"843",33,"3",59,"33106","06","Consonant String","Low",0,-1581.64
"843",33,"3",60,"33140","40","Consonant String","Low",0,-1167.25
"843",33,"3",61,"32213","13","Pseudo-Word","High",0,-1183.5
"843",33,"3",62,"32203","03","Pseudo-Word","High",1,1538.11
"843",33,"3",63,"32118","18","Pseudo-Word","Low",0,-971.7
"843",33,"3",64,"32124","24","Pseudo-Word","Low",0,-842.94
"843",33,"3",65,"33122","22","Consonant String","Low",1,1931.86
"843",33,"3",66,"31229","29","Word","High",1,1214.5
"843",33,"3",67,"32247","47","Pseudo-Word","High",1,1015.74
"843",33,"3",69,"33102","02","Consonant String","Low",1,2135.03
"843",33,"3",70,"33128","28","Consonant String","Low",1,1168.67
"843",33,"3",71,"32144","44","Pseudo-Word","Low",1,1197.93
"843",33,"3",72,"32120","20","Pseudo-Word","Low",1,1434.86
"843",33,"3",73,"33237","37","Consonant String","High",1,1088.46
"843",33,"3",74,"31146","46","Word","Low",1,1279.04
"843",33,"3",75,"32227","27","Pseudo-Word","High",0,-1098.62
"843",33,"3",76,"32229","29","Pseudo-Word","High",1,1490.56
"843",33,"3",77,"31114","14","Word","Low",1,1041.16
"843",33,"3",78,"32130","30","Pseudo-Word","Low",1,1102.07
"843",33,"3",80,"33138","38","Consonant String","Low",0,-1039.97
"843",33,"3",81,"33124","24","Consonant String","Low",0,-1829.59
"843",33,"3",82,"31140","40","Word","Low",0,-1697.24
"843",33,"3",83,"33132","32","Consonant String","Low",1,1430.19
"843",33,"3",84,"33205","05","Consonant String","High",1,948.78
"843",33,"3",85,"31116","16","Word","Low",0,-939.68
"843",33,"3",86,"32132","32","Pseudo-Word","Low",1,1252.26
"843",33,"3",87,"33130","30","Consonant String","Low",1,1157.19
"843",33,"3",88,"31148","48","Word","Low",0,-877.09
"843",33,"3",89,"31247","47","Word","High",1,775.65
"843",33,"3",91,"32102","02","Pseudo-Word","Low",1,912.2
"843",33,"3",92,"31215","15","Word","High",0,-833.43
"843",33,"3",93,"32207","07","Pseudo-Word","High",1,1289
"843",33,"3",94,"32241","41","Pseudo-Word","High",1,1169.59
"843",33,"3",95,"32128","28","Pseudo-Word","Low",1,1807.87
"843",33,"3",96,"33148","48","Consonant String","Low",1,1267.49
"843",33,"3",97,"32225","25","Pseudo-Word","High",1,801.72
"843",33,"3",98,"33243","43","Consonant String","High",0,-1208.62
"843",33,"3",99,"33134","34","Consonant String","Low",1,1331.55
"843",33,"3",100,"32219","19","Pseudo-Word","High",0,-980.15
"843",33,"3",102,"32136","36","Pseudo-Word","Low",1,1021.71
"843",33,"3",103,"32148","48","Pseudo-Word","Low",1,1147.96
"843",33,"3",104,"33201","01","Consonant String","High",0,-1545.89
"843",33,"3",105,"32126","26","Pseudo-Word","Low",0,-1552.86
"843",33,"3",106,"33233","33","Consonant String","High",1,780.8
"843",33,"3",107,"32215","15","Pseudo-Word","High",1,1372.36
"843",33,"3",108,"31211","11","Word","High",1,1048.62
"843",33,"3",109,"33225","25","Consonant String","High",1,793.52
"843",33,"3",110,"33114","14","Consonant String","Low",1,1334.42
"843",33,"3",111,"31122","22","Word","Low",1,1289.02
"843",33,"3",113,"33217","17","Consonant String","High",0,-833.61
"843",33,"3",114,"32106","06","Pseudo-Word","Low",1,841.16
"843",33,"3",115,"33229","29","Consonant String","High",1,822.05
"843",33,"3",116,"31128","28","Word","Low",1,990.59
"843",33,"3",117,"33241","41","Consonant String","High",1,813.15
"843",33,"3",118,"32201","01","Pseudo-Word","High",0,-1466.39
"843",33,"3",119,"31243","43","Word","High",0,-634.64
"843",33,"3",120,"33235","35","Consonant String","High",1,771.19
"843",33,"3",121,"32245","45","Pseudo-Word","High",0,-815.41
"843",33,"3",122,"31112","12","Word","Low",0,-674.62
"843",33,"3",124,"31209","09","Word","High",0,-1268.85
"843",33,"3",125,"31203","03","Word","High",1,1314.11
"843",33,"3",126,"32110","10","Pseudo-Word","Low",0,-872.36
"843",33,"3",127,"33112","12","Consonant String","Low",0,-1131.61
"843",33,"3",128,"33247","47","Consonant String","High",0,-887.17
"843",33,"3",129,"31134","34","Word","Low",1,1018.73
"843",33,"3",130,"32233","33","Pseudo-Word","High",0,-909.97
"843",33,"3",131,"32209","09","Pseudo-Word","High",0,-624.18
"843",33,"3",132,"33239","39","Consonant String","High",1,751.39
"843",33,"3",133,"31227","27","Word","High",1,655.26
"843",33,"3",135,"33223","23","Consonant String","High",0,-873.15
"843",33,"3",136,"31132","32","Word","Low",1,951.37
"843",33,"3",137,"32104","04","Pseudo-Word","Low",1,1527.3
"843",33,"3",138,"31142","42","Word","Low",1,1017.89
"843",33,"3",139,"33144","44","Consonant String","Low",0,-1432.15
"843",33,"3",140,"32223","23","Pseudo-Word","High",1,965.75
"843",33,"3",141,"33221","21","Consonant String","High",1,738.96
"843",33,"3",142,"32237","37","Pseudo-Word","High",1,855.52
"843",33,"3",143,"33207","07","Consonant String","High",1,1007.41
"843",33,"3",144,"31221","21","Word","High",1,813.31
"843",33,"3",3,"33146","46","Consonant String","Low",1,1235.54
"843",33,"3",4,"33108","08","Consonant String","Low",1,833.12
"843",33,"3",5,"31118","18","Word","Low",1,1388.7
"843",33,"3",6,"31219","19","Word","High",0,-1195.3
"843",33,"3",7,"32122","22","Pseudo-Word","Low",1,1058.21
"843",33,"3",8,"32243","43","Pseudo-Word","High",0,-1271.14
"843",33,"3",9,"31126","26","Word","Low",1,688.37
"843",33,"3",10,"31104","04","Word","Low",0,-1414.95
"843",33,"3",11,"31213","13","Word","High",1,1251.21
"843",33,"3",12,"33209","09","Consonant String","High",0,-1018.13
"843",33,"3",14,"33215","15","Consonant String","High",0,-1117.38
"843",33,"3",15,"32146","46","Pseudo-Word","Low",0,-1005.62
"843",33,"3",16,"33219","19","Consonant String","High",0,-688.51
"843",33,"3",17,"31110","10","Word","Low",1,771.05
"843",33,"3",18,"31233","33","Word","High",0,-1480.29
"843",33,"3",19,"32239","39","Pseudo-Word","High",0,-1309.9
"843",33,"3",20,"33231","31","Consonant String","High",1,1000.16
"843",33,"3",21,"32138","38","Pseudo-Word","Low",1,1668.09
"843",33,"3",22,"31106","06","Word","Low",1,1433.38
"843",33,"3",23,"32116","16","Pseudo-Word","Low",0,-2166
"843",33,"3",25,"31136","36","Word","Low",0,-999.31
"843",33,"3",26,"31124","24","Word","Low",0,-1350.23
"843",33,"3",27,"31217","17","Word","High",1,1108.16
"843",33,"3",28,"33116","16","Consonant String","Low",1,1103.08
"843",33,"3",29,"32205","05","Pseudo-Word","High",0,-1111.99
"843",33,"3",30,"31225","25","Word","High",1,1106.23
"843",33,"3",31,"33142","42","Consonant String","Low",0,-967.15
"843",33,"3",32,"32114","14","Pseudo-Word","Low",0,-963.38
"843",33,"3",33,"31207","07","Word","High",1,1519.63
"843",33,"3",34,"32134","34","Pseudo-Word","Low",1,1020.9
"843",33,"3",36,"31223","23","Word","High",0,-972.14
"843",33,"3",37,"31130","30","Word","Low",0,-847.37
"843",33,"3",38,"32221","21","Pseudo-Word","High",1,936.26
"843",33,"3",39,"33245","45","Consonant String","High",1,829.82
"843",33,"3",40,"31237","37","Word","High",1,1155.38
"843",33,"3",41,"33136","36","Consonant String","Low",1,688.29
"843",33,"3",42,"32217","17","Pseudo-Word","High",0,-1062.84
"843",33,"3",43,"31235","35","Word","High",0,-1075.09
"843",33,"3",44,"31102","02","Word","Low",1,1384.67
"843",33,"3",45,"31231","31","Word","High",1,1192.27
"843",33,"3",47,"31108","08","Word","Low",1,1467.2
"843",33,"3",48,"31245","45","Word","High",1,1737.5
"843",33,"3",49,"31241","41","Word","High",0,-1227.12
"843",33,"3",50,"32108","08","Pseudo-Word","Low",1,967.7
"843",33,"3",51,"32231","31","Pseudo-Word","High",1,2151.99
"844",33,"4",1,"43216","16","Consonant String","High",0,-1618.86
"844",33,"4",57,"43244","44","Consonant String","High",0,-984.13
"844",33,"4",68,"43248","48","Consonant String","High",1,729.69
"844",33,"4",79,"41218","18","Word","High",0,-886.24
"844",33,"4",90,"43214","14","Consonant String","High",0,-825.79
"844",33,"4",101,"42238","38","Pseudo-Word","High",1,1136.37
"844",33,"4",112,"41129","29","Word","Low",0,-931.93
"844",33,"4",123,"41103","03","Word","Low",0,-1049.5
"844",33,"4",134,"43210","10","Consonant String","High",1,1741.44
"844",33,"4",2,"42119","19","Pseudo-Word","Low",0,-1407.42
"844",33,"4",13,"43143","43","Consonant String","Low",1,1190.33
"844",33,"4",24,"42105","05","Pseudo-Word","Low",0,-958.9
"844",33,"4",35,"43240","40","Consonant String","High",1,1856.18
"844",33,"4",46,"43115","15","Consonant String","Low",1,1361.14
"844",33,"4",52,"42137","37","Pseudo-Word","Low",1,751.38
"844",33,"4",53,"43230","30","Consonant String","High",1,733.26
"844",33,"4",54,"42220","20","Pseudo-Word","High",0,-963.81
"844",33,"4",55,"42246","46","Pseudo-Word","High",1,1383.07
"844",33,"4",56,"41137","37","Word","Low",1,794.64
"844",33,"4",58,"42107","07","Pseudo-Word","Low",0,-1781.57
"844",33,"4",59,"43222","22","Consonant String","High",0,-1126.19
"844",33,"4",60,"43133","33","Consonant String","Low",1,1521.79
"844",33,"4",61,"43117","17","Consonant String","Low",0,-1876.09
"844",33,"4",62,"42204","04","Pseudo-Word","High",1,1495.72
"844",33,"4",63,"41143","43","Word","Low",1,1516.68
"844",33,"4",64,"42214","14","Pseudo-Word","High",0,-959.94
"844",33,"4",65,"41141","41","Word","Low",0,-1920.21
"844",33,"4",66,"43212","12","Consonant String","High",0,-1721.52
"844",33,"4",67,"41232","32","Word","High",1,797.79
"844",33,"4",69,"43105","05","Consonant String","Low",0,-766.67
"844",33,"4",70,"41115","15","Word","Low",0,-1073.9
"844",33,"4",71,"43107","07","Consonant String","Low",1,946.14
"844",33,"4",72,"43226","26","Consonant String","High",1,878.02
"844",33,"4",73,"41242","42","Word","High",1,1829.63
"844",33,"4",74,"43113","13","Consonant String","Low",0,-1110.24
"844",33,"4",75,"43246","46","Consonant String","High",1,1826.51
"844",33,"4",76,"41246","46","Word","High",0,-1000.13
"844",33,"4",77,"42226","26","Pseudo-Word","High",1,1711.07
"844",33,"4",78,"42224","24","Pseudo-Word","High",1,1076.35
"844",33,"4",80,"41109","09","Word","Low",1,1634.94
"844",33,"4",81,"42206","06","Pseudo-Word","High",0,-2340.6
"844",33,"4",82,"43238","38","Consonant String","High",0,-862.23
"844",33,"4",83,"42242","42","Pseudo-Word","High",1,1300.48
"844",33,"4",84,"41121","21","Word","Low",0,-1244.41
"844",33,"4",85,"42244","44","Pseudo-Word","High",1,1103.33
"844",33,"4",86,"43139","39","Consonant String","Low",1,1102.24
"844",33,"4",87,"41107","07","Word","Low",0,-801.14
"844",33,"4",88,"42125","25","Pseudo-Word","Low",1,831.03
"844",33,"4",89,"42218","18","Pseudo-Word","High",0,-961.58
"844",33,"4",91,"42113","13","Pseudo-Word","Low",1,1582.83
"844",33,"4",92,"41216","16","Word","High",0,-1411.46
"844",33,"4",93,"42101","01","Pseudo-Word","Low",0,-1449.73
"844",33,"4",94,"43224","24","Consonant String","High",1,2101.7
"844",33,"4",95,"43228","28","Consonant String","High",1,1067.66
"844",33,"4",96,"41113","13","Word","Low",0,-1344.92
"844",33,"4",97,"42115","15","Pseudo-Word","Low",1,2223.89
"844",33,"4",98,"41236","36","Word","High",1,717.18
"844",33,"4",99,"43145","45","Consonant String","Low",0,-2190.45
"844",33,"4",100,"41222","22","Word","High",0,-1012.08
"844",33,"4",102,"43220","20","Consonant String","High",0,-1036.32
"844",33,"4",103,"42147","47","Pseudo-Word","Low",1,896.89
"844",33,"4",104,"42248","48","Pseudo-Word","High",1,971.79
"844",33,"4",105,"41210","10","Word","High",0,-1327.03
"844",33,"4",106,"41123","23","Word","Low",1,2130.66
"844",33,"4",107,"41111","11","Word","Low",0,-1610.32
"844",33,"4",108,"41238","38","Word","High",1,823.58
"844",33,"4",109,"41228","28","Word","High",1,2312.87
"844",33,"4",110,"43131","31","Consonant String","Low",0,-2516.23
"844",33,"4",111,"42210","10","Pseudo-Word","High",0,-1702.57
"844",33,"4",113,"43123","23","Consonant String","Low",0,-1225.53
"844",33,"4",114,"42222","22","Pseudo-Word","High",0,-1136.11
"844",33,"4",115,"42232","32","Pseudo-Word","High",1,1016.68
"844",33,"4",116,"42216","16","Pseudo-Word","High",0,-727.63
"844",33,"4",117,"41234","34","Word","High",0,-1227.2
"844",33,"4",118,"43129","29","Consonant String","Low",1,749.77
"844",33,"4",119,"43135","35","Consonant String","Low",1,818.66
"844",33,"4",120,"41226","26","Word","High",1,1874.91
"844",33,"4",121,"43137","37","Consonant String","Low",0,-993.2
"844",33,"4",122,"41105","05","Word","Low",1,1285.11
"844",33,"4",124,"42131","31","Pseudo-Word","Low",1,1020.7
"844",33,"4",125,"42141","41","Pseudo-Word","Low",1,1251.94
"844",33,"4",126,"43141","41","Consonant String","Low",0,-729.84
"844",33,"4",127,"41127","27","Word","Low",1,2441.46
"844",33,"4",128,"43236","36","Consonant String","High",1,1457.45
"844",33,"4",129,"42234","34","Pseudo-Word","High",1,1143.4
"844",33,"4",130,"41208","08","Word","High",1,1379.32
"844",33,"4",131,"41133","33","Word","Low",1,781.89
"844",33,"4",132,"43234","34","Consonant String","High",1,658.45
"844",33,"4",133,"41204","04","Word","High",0,-969.33
"844",33,"4",135,"43204","04","Consonant String","High",0,-740.54
"844",33,"4",136,"41248","48","Word","High",1,1836.13
"844",33,"4",137,"43206","06","Consonant String","High",0,-2070.8
"844",33,"4",138,"41119","19","Word","Low",1,663.07
"844",33,"4",139,"43242","42","Consonant String","High",0,-1710.32
"844",33,"4",140,"41131","31","Word","Low",1,628.58
"844",33,"4",141,"43218","18","Consonant String","High",0,-904.13
"844",33,"4",142,"42143","43","Pseudo-Word","Low",0,-3797.13
"844",33,"4",143,"43208","08","Consonant String","High",0,-682.17
"844",33,"4",144,"41139","39","Word","Low",0,-971.72
"844",33,"4",3,"41224","24","Word","High",0,-1165.97
"844",33,"4",4,"42139","39","Pseudo-Word","Low",0,-852.2
"844",33,"4",5,"41214","14","Word","High",1,1886.13
"844",33,"4",6,"41145","45","Word","Low",0,-1894.79
"844",33,"4",7,"43119","19","Consonant String","Low",1,2154.79
"844",33,"4",8,"42103","03","Pseudo-Word","Low",1,825.74
"844",33,"4",9,"42111","11","Pseudo-Word","Low",1,1676.31
"844",33,"4",10,"42212","12","Pseudo-Word","High",1,838.93
"844",33,"4",11,"43121","21","Consonant String","Low",1,1703.52
"844",33,"4",12,"42129","29","Pseudo-Word","Low",0,-653.45
"844",33,"4",14,"42230","30","Pseudo-Word","High",1,1045.33
"844",33,"4",15,"42117","17","Pseudo-Word","Low",1,810.22
"844",33,"4",16,"43125","25","Consonant String","Low",1,929.45
"844",33,"4",17,"42123","23","Pseudo-Word","Low",0,-1271
"844",33,"4",18,"41230","30","Word","High",0,-1017.26
"844",33,"4",19,"43147","47","Consonant String","Low",1,1088.5
"844",33,"4",20,"41125","25","Word","Low",0,-833.09
"844",33,"4",21,"42121","21","Pseudo-Word","Low",1,2331.7
"844",33,"4",22,"41212","12","Word","High",1,818.33
"844",33,"4",23,"43111","11","Consonant String","Low",1,838.55
"844",33,"4",25,"42109","09","Pseudo-Word","Low",1,892.1
"844",33,"4",26,"43232","32","Consonant String","High",0,-994
"844",33,"4",27,"43103","03","Consonant String","Low",1,1075.91
"844",33,"4",28,"41101","01","Word","Low",1,1889.51
"844",33,"4",29,"42127","27","Pseudo-Word","Low",0,-1146.14
"844",33,"4",30,"42236","36","Pseudo-Word","High",0,-775.04
"844",33,"4",31,"43109","09","Consonant String","Low",1,750.25
"844",33,"4",32,"41244","44","Word","High",1,2451.2
"844",33,"4",33,"43202","02","Consonant String","High",0,-1231.18
"844",33,"4",34,"41206","06","Word","High",1,1581.8
"844",33,"4",36,"41240","40","Word","High",0,-1420.41
"844",33,"4",37,"43127","27","Consonant String","Low",0,-902.66
"844",33,"4",38,"42135","35","Pseudo-Word","Low",1,1778.6
"844",33,"4",39,"43101","01","Consonant String","Low",1,1072.21
"844",33,"4",40,"42202","02","Pseudo-Word","High",0,-1205.45
"844",33,"4",41,"41135","35","Word","Low",0,-3512.47
"844",33,"4",42,"42133","33","Pseudo-Word","Low",0,-1192.85
"844",33,"4",43,"41147","47","Word","Low",0,-1811.8
"844",33,"4",44,"42145","45","Pseudo-Word","Low",1,1945.12
"844",33,"4",45,"41202","02","Word","High",0,-1573.1
"844",33,"4",47,"41117","17","Word","Low",1,1299.37
"844",33,"4",48,"42240","40","Pseudo-Word","High",0,-870.29
"844",33,"4",49,"42208","08","Pseudo-Word","High",1,888.51
"844",33,"4",50,"42228","28","Pseudo-Word","High",1,1841.11
"844",33,"4",51,"41220","20","Word","High",0,-2175.77
"845",33,"1",1,"13241","41","Consonant String","High",1,697.77
"845",33,"1",57,"13144","44","Consonant String","Low",1,840.65
"845",33,"1",68,"12241","41","Pseudo-Word","High",0,-537.2
"845",33,"1",79,"11136","36","Word","Low",1,1073.73
"845",33,"1",90,"12223","23","Pseudo-Word","High",1,756.96
"845",33,"1",101,"12207","07","Pseudo-Word","High",1,970.87
"845",33,"1",112,"13213","13","Consonant String","High",0,-728.1
"845",33,"1",123,"11221","21","Word","High",1,616.64
"845",33,"1",134,"12112","12","Pseudo-Word","Low",1,1051.85
"845",33,"1",2,"12140","40","Pseudo-Word","Low",0,-1202.77
"845",33,"1",13,"12233","33","Pseudo-Word","High",1,922.68
"845",33,"1",24,"13134","34","Consonant String","Low",0,-903.91
"845",33,"1",35,"11148","48","Word","Low",1,602.8
"845",33,"1",46,"12132","32","Pseudo-Word","Low",0,-789.67
"845",33,"1",52,"13239","39","Consonant String","High",1,1392.24
"845",33,"1",53,"12229","29","Pseudo-Word","High",0,-1278.18
"845",33,"1",54,"13211","11","Consonant String","High",1,1174.78
"845",33,"1",55,"11245","45","Word","High",1,725.02
"845",33,"1",56,"13102","02","Consonant String","Low",1,808.23
"845",33,"1",58,"12211","11","Pseudo-Word","High",1,1033.12
"845",33,"1",59,"12217","17","Pseudo-Word","High",1,739.69
"845",33,"1",60,"11110","10","Word","Low",0,-1071.25
"845",33,"1",61,"11114","14","Word","Low",0,-781.48
"845",33,"1",62,"11134","34","Word","Low",1,738.02
"845",33,"1",63,"12209","09","Pseudo-Word","High",0,-1023.58
"845",33,"1",64,"11229","29","Word","High",0,-575.81
"845",33,"1",65,"13116","16","Consonant String","Low",0,-851.36
"845",33,"1",66,"12142","42","Pseudo-Word","Low",0,-880.25
"845",33,"1",67,"11215","15","Word","High",0,-645.8
"845",33,"1",69,"11120","20","Word","Low",1,579.68
"845",33,"1",70,"11138","38","Word","Low",1,879.2
"845",33,"1",71,"11225","25","Word","High",1,609.76
"845",33,"1",72,"13112","12","Consonant String","Low",1,987.97
"845",33,"1",73,"12104","04","Pseudo-Word","Low",0,-662.53
"845",33,"1",74,"11142","42","Word","Low",0,-1418.77
"845",33,"1",75,"13140","40","Consonant String","Low",1,1174.03
"845",33,"1",76,"12245","45","Pseudo-Word","High",0,-1273.29
"845",33,"1",77,"13223","23","Consonant String","High",1,891.54
"845",33,"1",78,"11213","13","Word","High",1,767.43
"845",33,"1",80,"11233","33","Word","High",1,616.64
"845",33,"1",81,"12203","03","Pseudo-Word","High",1,633.84
"845",33,"1",82,"13124","24","Consonant String","Low",0,-788.39
"845",33,"1",83,"11132","32","Word","Low",0,-585.94
"845",33,"1",84,"12118","18","Pseudo-Word","Low",1,557.46
"845",33,"1",85,"13138","38","Consonant String","Low",0,-606.33
"845",33,"1",86,"13227","27","Consonant String","High",1,587.19
"845",33,"1",87,"11104","04","Word","Low",0,-1098.74
"845",33,"1",88,"12138","38","Pseudo-Word","Low",0,-1267.66
"845",33,"1",89,"11102","02","Word","Low",0,-1055.92
"845",33,"1",91,"11231","31","Word","High",1,670.81
"845",33,"1",92,"11106","06","Word","Low",1,674.01
"845",33,"1",93,"12136","36","Pseudo-Word","Low",1,653.22
"845",33,"1",94,"11144","44","Word","Low",0,-549.1
"845",33,"1",95,"11203","03","Word","High",1,561.95
"845",33,"1",96,"11124","24","Word","Low",1,536.14
"845",33,"1",97,"11247","47","Word","High",0,-505.68
"845",33,"1",98,"11217","17","Word","High",1,929.55
"845",33,"1",99,"13128","28","Consonant String","Low",1,838.11
"845",33,"1",100,"13120","20","Consonant String","Low",1,692.67
"845",33,"1",102,"11223","23","Word","High",1,612.54
"845",33,"1",103,"11130","30","Word","Low",1,712.75
"845",33,"1",104,"11209","09","Word","High",1,1258.97
"845",33,"1",105,"13201","01","Consonant String","High",0,-1109.23
"845",33,"1",106,"12126","26","Pseudo-Word","Low",1,1079.48
"845",33,"1",107,"12110","10","Pseudo-Word","Low",0,-803.05
"845",33,"1",108,"13136","36","Consonant String","Low",1,1191.95
"845",33,"1",109,"13146","46","Consonant String","Low",0,-688.85
"845",33,"1",110,"12124","24","Pseudo-Word","Low",1,867.4
"845",33,"1",111,"12235","35","Pseudo-Word","High",0,-842.63
"845",33,"1",113,"12227","27","Pseudo-Word","High",1,706.51
"845",33,"1",114,"11128","28","Word","Low",1,742.38
"845",33,"1",115,"11241","41","Word","High",0,-906.28
"845",33,"1",116,"13118","18","Consonant String","Low",1,1355.81
"845",33,"1",117,"13122","22","Consonant String","Low",1,822.74
"845",33,"1",118,"13209","09","Consonant String","High",1,991.96
"845",33,"1",119,"13203","03","Consonant String","High",0,-919.87
"845",33,"1",120,"13235","35","Consonant String","High",0,-794.1
"845",33,"1",121,"12108","08","Pseudo-Word","Low",1,706.97
"845",33,"1",122,"12239","39","Pseudo-Word","High",1,827.85
"845",33,"1",124,"13142","42","Consonant String","Low",0,-664.4
"845",33,"1",125,"13225","25","Consonant String","High",0,-857.61
"845",33,"1",126,"12122","22","Pseudo-Word","Low",1,782.5
"845",33,"1",127,"13247","47","Consonant String","High",1,1282.07
"845",33,"1",128,"13104","04","Consonant String","Low",1,609.64
"845",33,"1",129,"12201","01","Pseudo-Word","High",0,-1222.88
"845",33,"1",130,"13207","07","Consonant String","High",1,831.11
"845",33,"1",131,"11219","19","Word","High",1,604.66
"845",33,"1",132,"11237","37","Word","High",1,647.52
"845",33,"1",133,"13231","31","Consonant String","High",1,892.4
"845",33,"1",135,"13130","30","Consonant String","Low",0,-634.3
"845",33,"1",136,"11243","43","Word","High",1,978.85
"845",33,"1",137,"11207","07","Word","High",1,911.4
"845",33,"1",138,"11116","16","Word","Low",1,602.64
"845",33,"1",139,"12225","25","Pseudo-Word","High",1,673.49
"845",33,"1",140,"13126","26","Consonant String","Low",1,665.71
"845",33,"1",141,"11235","35","Word","High",1,802.91
"845",33,"1",142,"12215","15","Pseudo-Word","High",0,-1050.81
"845",33,"1",143,"12247","47","Pseudo-Word","High",0,-703.7
"845",33,"1",144,"12148","48","Pseudo-Word","Low",1,798.59
"845",33,"1",3,"13217","17","Consonant String","High",1,705.47
"845",33,"1",4,"12134","34","Pseudo-Word","Low",1,582.34
"845",33,"1",5,"12106","06","Pseudo-Word","Low",1,576.87
"845",33,"1",6,"13237","37","Consonant String","High",1,683.4
"845",33,"1",7,"12243","43","Pseudo-Word","High",0,-1431.98
"845",33,"1",8,"12114","14","Pseudo-Word","Low",1,732.54
"845",33,"1",9,"12102","02","Pseudo-Word","Low",1,1142.12
"845",33,"1",10,"13245","45","Consonant String","High",1,858.03
"845",33,"1",11,"11126","26","Word","Low",1,690.24
"845",33,"1",12,"13205","05","Consonant String","High",1,1074.81
"845",33,"1",14,"13132","32","Consonant String","Low",0,-957.04
"845",33,"1",15,"13243","43","Consonant String","High",1,733.93
"845",33,"1",16,"12116","16","Pseudo-Word","Low",1,575.47
"845",33,"1",17,"12128","28","Pseudo-Word","Low",0,-1285.03
"845",33,"1",18,"12144","44","Pseudo-Word","Low",1,853.61
"845",33,"1",19,"13106","06","Consonant String","Low",1,1108.52
"845",33,"1",20,"11140","40","Word","Low",1,563.41
"845",33,"1",21,"11108","08","Word","Low",1,583.61
"845",33,"1",22,"13221","21","Consonant String","High",1,1109.16
"845",33,"1",23,"11118","18","Word","Low",1,654.4
"845",33,"1",25,"13110","10","Consonant String","Low",0,-685.26
"845",33,"1",26,"12231","31","Pseudo-Word","High",1,641.81
"845",33,"1",27,"11146","46","Word","Low",0,-719.67
"845",33,"1",28,"13233","33","Consonant String","High",0,-1284.91
"845",33,"1",29,"13148","48","Consonant String","Low",1,812.49
"845",33,"1",30,"12205","05","Pseudo-Word","High",1,592.71
"845",33,"1",31,"13114","14","Consonant String","Low",1,746.58
"845",33,"1",32,"12219","19","Pseudo-Word","High",0,-909.46
"845",33,"1",33,"11211","11","Word","High",1,777.69
"845",33,"1",34,"11112","12","Word","Low",1,604.24
"845",33,"1",36,"12120","20","Pseudo-Word","Low",1,585.09
"845",33,"1",37,"11201","01","Word","High",1,2197.69
"845",33,"1",38,"11227","27","Word","High",1,675.66
"845",33,"1",39,"12146","46","Pseudo-Word","Low",1,1270.21
"845",33,"1",40,"12221","21","Pseudo-Word","High",1,1006.47
"845",33,"1",41,"13108","08","Consonant String","Low",1,1380.39
"845",33,"1",42,"11122","22","Word","Low",1,943.98
"845",33,"1",43,"13215","15","Consonant String","High",1,1288.89
"845",33,"1",44,"12237","37","Pseudo-Word","High",1,563.47
"845",33,"1",45,"12213","13","Pseudo-Word","High",1,905.67
"845",33,"1",47,"13219","19","Consonant String","High",1,1558.6
"845",33,"1",48,"12130","30","Pseudo-Word","Low",1,647.51
"845",33,"1",49,"11205","05","Word","High",1,669.4
"845",33,"1",50,"11239","39","Word","High",1,691.6
"845",33,"1",51,"13229","29","Consonant String","High",0,-1218.5
"846",50,"2",1,"23127","27","Consonant String","Low",0,-820.65
"846",50,"2",57,"21232","32","Word","High",0,-542.19
"846",50,"2",68,"23226","26","Consonant String","High",1,752.41
"846",50,"2",79,"21111","11","Word","Low",1,596.6
"846",50,"2",90,"23220","20","Consonant String","High",0,-673.82
"846",50,"2",101,"23137","37","Consonant String","Low",0,-798.69
"846",50,"2",112,"23139","39","Consonant String","Low",1,1069.92
"846",50,"2",123,"21143","43","Word","Low",0,-776.5
"846",50,"2",134,"21147","47","Word","Low",0,-886.39
"846",50,"2",2,"23212","12","Consonant String","High",0,-735.27
"846",50,"2",13,"22119","19","Pseudo-Word","Low",0,-780.16
"846",50,"2",24,"21224","24","Word","High",0,-1263.06
"846",50,"2",35,"23216","16","Consonant String","High",0,-851.65
"846",50,"2",46,"21127","27","Word","Low",0,-841.87
"846",50,"2",52,"23210","10","Consonant String","High",1,964.1
"846",50,"2",53,"23218","18","Consonant String","High",0,-874.66
"846",50,"2",54,"22208","08","Pseudo-Word","High",1,743.22
"846",50,"2",55,"21222","22","Word","High",0,-721.44
"846",50,"2",56,"23131","31","Consonant String","Low",0,-776.98
"846",50,"2",58,"21137","37","Word","Low",0,-951.87
"846",50,"2",59,"23248","48","Consonant String","High",0,-827.11
"846",50,"2",60,"21234","34","Word","High",0,-1100
"846",50,"2",61,"23246","46","Consonant String","High",0,-613.24
"846",50,"2",62,"23125","25","Consonant String","Low",1,734.79
"846",50,"2",63,"22125","25","Pseudo-Word","Low",1,702.66
"846",50,"2",64,"23119","19","Consonant String","Low",1,773.87
"846",50,"2",65,"23234","34","Consonant String","High",0,-667.75
"846",50,"2",66,"22115","15","Pseudo-Word","Low",1,954.3
"846",50,"2",67,"21125","25","Word","Low",0,-752.53
"846",50,"2",69,"22123","23","Pseudo-Word","Low",0,-742.75
"846",50,"2",70,"22133","33","Pseudo-Word","Low",0,-885.98
"846",50,"2",71,"23103","03","Consonant String","Low",1,481.85
"846",50,"2",72,"22234","34","Pseudo-Word","High",0,-537.72
"846",50,"2",73,"22113","13","Pseudo-Word","Low",0,-899.59
"846",50,"2",74,"22111","11","Pseudo-Word","Low",1,666.81
"846",50,"2",75,"23113","13","Consonant String","Low",1,494.34
"846",50,"2",76,"22103","03","Pseudo-Word","Low",0,-654.55
"846",50,"2",77,"22246","46","Pseudo-Word","High",0,-491.75
"846",50,"2",78,"22135","35","Pseudo-Word","Low",1,605.94
"846",50,"2",80,"22202","02","Pseudo-Word","High",1,724.15
"846",50,"2",81,"23147","47","Consonant String","Low",1,994.71
"846",50,"2",82,"23109","09","Consonant String","Low",1,777.94
"846",50,"2",83,"23145","45","Consonant String","Low",1,713.82
"846",50,"2",84,"22228","28","Pseudo-Word","High",0,-622.36
"846",50,"2",85,"21139","39","Word","Low",1,590.89
"846",50,"2",86,"21202","02","Word","High",1,554.76
"846",50,"2",87,"22206","06","Pseudo-Word","High",0,-993.98
"846",50,"2",88,"22214","14","Pseudo-Word","High",1,762.2
"846",50,"2",89,"22131","31","Pseudo-Word","Low",0,-1426.78
"846",50,"2",91,"23240","40","Consonant String","High",0,-969.7
"846",50,"2",92,"23238","38","Consonant String","High",0,-853.27
"846",50,"2",93,"21103","03","Word","Low",1,682.5
"846",50,"2",94,"22220","20","Pseudo-Word","High",1,780.37
"846",50,"2",95,"21129","29","Word","Low",1,1016.27
"846",50,"2",96,"22101","01","Pseudo-Word","Low",1,1975.87
"846",50,"2",97,"21220","20","Word","High",0,-547.82
"846",50,"2",98,"22139","39","Pseudo-Word","Low",1,825.03
"846",50,"2",99,"22222","22","Pseudo-Word","High",0,-956.59
"846",50,"2",100,"22224","24","Pseudo-Word","High",1,1248.84
"846",50,"2",102,"23133","33","Consonant String","Low",1,951.09
"846",50,"2",103,"22226","26","Pseudo-Word","High",0,-1026.33
"846",50,"2",104,"21226","26","Word","High",1,750.22
"846",50,"2",105,"22216","16","Pseudo-Word","High",0,-979.46
"846",50,"2",106,"21145","45","Word","Low",0,-1801.39
"846",50,"2",107,"21115","15","Word","Low",0,-1229.68
"846",50,"2",108,"21204","04","Word","High",0,-953.6
"846",50,"2",109,"21113","13","Word","Low",0,-1371.86
"846",50,"2",110,"23232","32","Consonant String","High",1,1196.45
"846",50,"2",111,"22204","04","Pseudo-Word","High",1,738.7
"846",50,"2",113,"21133","33","Word","Low",1,1311.6
"846",50,"2",114,"23204","04","Consonant String","High",1,804.18
"846",50,"2",115,"21216","16","Word","High",0,-632.4
"846",50,"2",116,"23101","01","Consonant String","Low",0,-765.18
"846",50,"2",117,"22230","30","Pseudo-Word","High",1,712.73
"846",50,"2",118,"21109","09","Word","Low",0,-485.27
"846",50,"2",119,"22137","37","Pseudo-Word","Low",1,1186.16
"846",50,"2",120,"22242","42","Pseudo-Word","High",1,834.07
"846",50,"2",121,"22218","18","Pseudo-Word","High",1,1051.96
"846",50,"2",122,"21117","17","Word","Low",1,659.2
"846",50,"2",124,"23228","28","Consonant String","High",0,-555.73
"846",50,"2",125,"21248","48","Word","High",1,681.93
"846",50,"2",126,"21212","12","Word","High",1,995.83
"846",50,"2",127,"23206","06","Consonant String","High",1,705.05
"846",50,"2",128,"22236","36","Pseudo-Word","High",1,677.26
"846",50,"2",129,"22105","05","Pseudo-Word","Low",1,513.13
"846",50,"2",130,"22109","09","Pseudo-Word","Low",1,612.66
"846",50,"2",131,"21105","05","Word","Low",1,785.2
"846",50,"2",132,"23224","24","Consonant String","High",1,947.09
"846",50,"2",133,"21230","30","Word","High",1,653.31
"846",50,"2",135,"23236","36","Consonant String","High",0,-766.53
"846",50,"2",136,"21208","08","Word","High",1,615.07
"846",50,"2",137,"21206","06","Word","High",1,580.61
"846",50,"2",138,"22147","47","Pseudo-Word","Low",1,597.48
"846",50,"2",139,"21246","46","Word","High",1,564.67
"846",50,"2",140,"21218","18","Word","High",1,522.21
"846",50,"2",141,"23242","42","Consonant String","High",0,-790.74
"846",50,"2",142,"22248","48","Pseudo-Word","High",1,631.63
"846",50,"2",143,"23222","22","Consonant String","High",1,701.49
"846",50,"2",144,"23202","02","Consonant String","High",1,663.7
"846",50,"2",3,"22145","45","Pseudo-Word","Low",1,707.25
"846",50,"2",4,"22117","17","Pseudo-Word","Low",1,568.45
"846",50,"2",5,"22121","21","Pseudo-Word","Low",0,-675
"846",50,"2",6,"21242","42","Word","High",1,556.53
"846",50,"2",7,"23115","15","Consonant String","Low",1,485.72
"846",50,"2",8,"23143","43","Consonant String","Low",0,-551.58
"846",50,"2",9,"21236","36","Word","High",1,844.79
"846",50,"2",10,"23111","11","Consonant String","Low",0,-749.01
"846",50,"2",11,"23141","41","Consonant String","Low",0,-701.23
"846",50,"2",12,"22244","44","Pseudo-Word","High",1,734.43
"846",50,"2",14,"22107","07","Pseudo-Word","Low",1,551.31
"846",50,"2",15,"22210","10","Pseudo-Word","High",1,643.51
"846",50,"2",16,"22240","40","Pseudo-Word","High",1,659.71
"846",50,"2",17,"22212","12","Pseudo-Word","High",1,581.26
"846",50,"2",18,"23107","07","Consonant String","Low",1,676.13
"846",50,"2",19,"22143","43","Pseudo-Word","Low",0,-531.01
"846",50,"2",20,"21141","41","Word","Low",1,534.86
"846",50,"2",21,"23105","05","Consonant String","Low",1,753.72
"846",50,"2",22,"21228","28","Word","High",0,-665.95
"846",50,"2",23,"21238","38","Word","High",1,665.48
"846",50,"2",25,"21131","31","Word","Low",1,728.02
"846",50,"2",26,"22141","41","Pseudo-Word","Low",1,677.91
"846",50,"2",27,"23121","21","Consonant String","Low",1,977.79
"846",50,"2",28,"22129","29","Pseudo-Word","Low",0,-1205.71
"846",50,"2",29,"21121","21","Word","Low",1,695.95
"846",50,"2",30,"23208","08","Consonant String","High",1,561.15
"846",50,"2",31,"23230","30","Consonant String","High",0,-524.68
"846",50,"2",32,"21123","23","Word","Low",1,598.21
"846",50,"2",33,"21107","07","Word","Low",1,542.4
"846",50,"2",34,"21214","14","Word","High",1,552.61
"846",50,"2",36,"23214","14","Consonant String","High",1,471.8
"846",50,"2",37,"21210","10","Word","High",1,603.34
"846",50,"2",38,"23135","35","Consonant String","Low",1,686.54
"846",50,"2",39,"21119","19","Word","Low",1,472.39
"846",50,"2",40,"23244","44","Consonant String","High",1,1114.94
"846",50,"2",41,"23117","17","Consonant String","Low",1,521.51
"846",50,"2",42,"21244","44","Word","High",1,633.04
"846",50,"2",43,"21101","01","Word","Low",1,497.91
"846",50,"2",44,"22127","27","Pseudo-Word","Low",1,717.11
"846",50,"2",45,"21240","40","Word","High",0,-681.65
"846",50,"2",47,"22238","38","Pseudo-Word","High",0,-682.53
"846",50,"2",48,"22232","32","Pseudo-Word","High",1,674.4
"846",50,"2",49,"21135","35","Word","Low",1,514.94
"846",50,"2",50,"23129","29","Consonant String","Low",0,-565.46
"846",50,"2",51,"23123","23","Consonant String","Low",1,573.99
"847",50,"3",1,"31241","41","Word","High",1,419
"847",50,"3",57,"33146","46","Consonant String","Low",1,723.53
"847",50,"3",68,"33235","35","Consonant String","High",1,931.08
"847",50,"3",79,"32239","39","Pseudo-Word","High",1,636.98
"847",50,"3",90,"32221","21","Pseudo-Word","High",1,578.85
"847",50,"3",101,"31122","22","Word","Low",1,528.71
"847",50,"3",112,"33233","33","Consonant String","High",0,-1038.58
"847",50,"3",123,"33245","45","Consonant String","High",1,655.49
"847",50,"3",134,"31146","46","Word","Low",1,524.68
"847",50,"3",2,"31229","29","Word","High",1,504.21
"847",50,"3",13,"31128","28","Word","Low",1,451.4
"847",50,"3",24,"31138","38","Word","Low",1,507.6
"847",50,"3",35,"33138","38","Consonant String","Low",0,-678.79
"847",50,"3",46,"33116","16","Consonant String","Low",1,855.67
"847",50,"3",52,"33207","07","Consonant String","High",0,-1089.9
"847",50,"3",53,"31211","11","Word","High",1,594.8
"847",50,"3",54,"32110","10","Pseudo-Word","Low",1,765.01
"847",50,"3",55,"32104","04","Pseudo-Word","Low",1,667.55
"847",50,"3",56,"31201","01","Word","High",0,-1439.13
"847",50,"3",58,"31243","43","Word","High",1,496.03
"847",50,"3",59,"33239","39","Consonant String","High",0,-793.23
"847",50,"3",60,"33122","22","Consonant String","Low",1,670.45
"847",50,"3",61,"31203","03","Word","High",1,545.99
"847",50,"3",62,"33219","19","Consonant String","High",1,704.19
"847",50,"3",63,"31134","34","Word","Low",1,477.39
"847",50,"3",64,"33118","18","Consonant String","Low",1,522.25
"847",50,"3",65,"31148","48","Word","Low",1,470.78
"847",50,"3",66,"31213","13","Word","High",1,527.31
"847",50,"3",67,"32148","48","Pseudo-Word","Low",1,537.17
"847",50,"3",69,"33142","42","Consonant String","Low",1,659.02
"847",50,"3",70,"32116","16","Pseudo-Word","Low",1,487.56
"847",50,"3",71,"32233","33","Pseudo-Word","High",1,656.43
"847",50,"3",72,"33221","21","Consonant String","High",1,711.63
"847",50,"3",73,"33106","06","Consonant String","Low",1,749.18
"847",50,"3",74,"33102","02","Consonant String","Low",1,753.4
"847",50,"3",75,"32225","25","Pseudo-Word","High",0,-973.62
"847",50,"3",76,"33213","13","Consonant String","High",1,628.18
"847",50,"3",77,"33215","15","Consonant String","High",1,1232.08
"847",50,"3",78,"32203","03","Pseudo-Word","High",1,503.97
"847",50,"3",80,"32118","18","Pseudo-Word","Low",1,623.17
"847",50,"3",81,"33126","26","Consonant String","Low",1,721.71
"847",50,"3",82,"31207","07","Word","High",1,426.24
"847",50,"3",83,"31223","23","Word","High",1,496.09
"847",50,"3",84,"33203","03","Consonant String","High",1,538.29
"847",50,"3",85,"31118","18","Word","Low",1,487.16
"847",50,"3",86,"32215","15","Pseudo-Word","High",1,812.03
"847",50,"3",87,"33231","31","Consonant String","High",1,1055.58
"847",50,"3",88,"31217","17","Word","High",1,740.83
"847",50,"3",89,"31239","39","Word","High",1,591.69
"847",50,"3",91,"32124","24","Pseudo-Word","Low",1,547.9
"847",50,"3",92,"31227","27","Word","High",1,730.09
"847",50,"3",93,"31126","26","Word","Low",1,386.97
"847",50,"3",94,"32219","19","Pseudo-Word","High",1,718.82
"847",50,"3",95,"31136","36","Word","Low",1,501.36
"847",50,"3",96,"31114","14","Word","Low",1,440.55
"847",50,"3",97,"31231","31","Word","High",1,446.4
"847",50,"3",98,"32146","46","Pseudo-Word","Low",1,667.59
"847",50,"3",99,"33229","29","Consonant String","High",1,994.15
"847",50,"3",100,"32136","36","Pseudo-Word","Low",1,488.37
"847",50,"3",102,"31221","21","Word","High",1,445.23
"847",50,"3",103,"33110","10","Consonant String","Low",1,892.43
"847",50,"3",104,"32211","11","Pseudo-Word","High",1,738.66
"847",50,"3",105,"32108","08","Pseudo-Word","Low",1,577.53
"847",50,"3",106,"32128","28","Pseudo-Word","Low",1,456.39
"847",50,"3",107,"33134","34","Consonant String","Low",1,513.58
"847",50,"3",108,"32122","22","Pseudo-Word","Low",1,484.11
"847",50,"3",109,"31225","25","Word","High",1,446.96
"847",50,"3",110,"31112","12","Word","Low",1,336.15
"847",50,"3",111,"32201","01","Pseudo-Word","High",1,1340.02
"847",50,"3",113,"32142","42","Pseudo-Word","Low",1,573.93
"847",50,"3",114,"32241","41","Pseudo-Word","High",0,-681.47
"847",50,"3",115,"31106","06","Word","Low",1,508.34
"847",50,"3",116,"33128","28","Consonant String","Low",1,451.81
"847",50,"3",117,"33120","20","Consonant String","Low",1,1024.36
"847",50,"3",118,"31110","10","Word","Low",1,498.91
"847",50,"3",119,"32112","12","Pseudo-Word","Low",1,445.1
"847",50,"3",120,"33209","09","Consonant String","High",1,1234.32
"847",50,"3",121,"31237","37","Word","High",1,430.22
"847",50,"3",122,"33241","41","Consonant String","High",1,1285.11
"847",50,"3",124,"31215","15","Word","High",1,446.01
"847",50,"3",125,"33237","37","Consonant String","High",0,-1006.22
"847",50,"3",126,"32213","13","Pseudo-Word","High",1,508.44
"847",50,"3",127,"33114","14","Consonant String","Low",1,635.63
"847",50,"3",128,"33243","43","Consonant String","High",1,621.5
"847",50,"3",129,"32106","06","Pseudo-Word","Low",1,465.03
"847",50,"3",130,"32132","32","Pseudo-Word","Low",1,574.56
"847",50,"3",131,"32247","47","Pseudo-Word","High",1,673.09
"847",50,"3",132,"32243","43","Pseudo-Word","High",1,719.63
"847",50,"3",133,"31142","42","Word","Low",1,522.18
"847",50,"3",135,"31116","16","Word","Low",1,457.69
"847",50,"3",136,"31132","32","Word","Low",1,404.89
"847",50,"3",137,"31104","04","Word","Low",1,408.06
"847",50,"3",138,"32231","31","Pseudo-Word","High",1,423.25
"847",50,"3",139,"33205","05","Consonant String","High",1,853.77
"847",50,"3",140,"33124","24","Consonant String","Low",0,-545
"847",50,"3",141,"31245","45","Word","High",1,545.19
"847",50,"3",142,"33225","25","Consonant String","High",1,703.4
"847",50,"3",143,"32140","40","Pseudo-Word","Low",1,497.59
"847",50,"3",144,"32102","02","Pseudo-Word","Low",1,633.79
"847",50,"3",3,"31124","24","Word","Low",1,600.66
"847",50,"3",4,"32217","17","Pseudo-Word","High",0,-800.86
"847",50,"3",5,"32130","30","Pseudo-Word","Low",1,544.08
"847",50,"3",6,"32126","26","Pseudo-Word","Low",1,553.29
"847",50,"3",7,"33148","48","Consonant String","Low",1,878.49
"847",50,"3",8,"31130","30","Word","Low",1,457.36
"847",50,"3",9,"32207","07","Pseudo-Word","High",1,527.56
"847",50,"3",10,"32237","37","Pseudo-Word","High",1,463.41
"847",50,"3",11,"31120","20","Word","Low",1,750.95
"847",50,"3",12,"32134","34","Pseudo-Word","Low",1,433.14
"847",50,"3",14,"32235","35","Pseudo-Word","High",1,786.02
"847",50,"3",15,"31247","47","Word","High",1,437.89
"847",50,"3",16,"31102","02","Word","Low",1,789.75
"847",50,"3",17,"33217","17","Consonant String","High",0,-782.63
"847",50,"3",18,"33130","30","Consonant String","Low",1,469.5
"847",50,"3",19,"31108","08","Word","Low",1,497.03
"847",50,"3",20,"33201","01","Consonant String","High",1,811.24
"847",50,"3",21,"33104","04","Consonant String","Low",1,655.78
"847",50,"3",22,"31219","19","Word","High",1,813.99
"847",50,"3",23,"32138","38","Pseudo-Word","Low",1,541.54
"847",50,"3",25,"31140","40","Word","Low",1,610.73
"847",50,"3",26,"32144","44","Pseudo-Word","Low",1,800.28
"847",50,"3",27,"32223","23","Pseudo-Word","High",1,477.49
"847",50,"3",28,"33211","11","Consonant String","High",1,660.35
"847",50,"3",29,"33227","27","Consonant String","High",1,711.89
"847",50,"3",30,"33223","23","Consonant String","High",1,419.43
"847",50,"3",31,"33136","36","Consonant String","Low",1,632.96
"847",50,"3",32,"32227","27","Pseudo-Word","High",1,898.84
"847",50,"3",33,"32114","14","Pseudo-Word","Low",1,422.05
"847",50,"3",34,"31235","35","Word","High",1,540.57
"847",50,"3",36,"32209","09","Pseudo-Word","High",1,409.42
"847",50,"3",37,"31205","05","Word","High",1,724.96
"847",50,"3",38,"32205","05","Pseudo-Word","High",1,537.49
"847",50,"3",39,"33108","08","Consonant String","Low",1,806.36
"847",50,"3",40,"32229","29","Pseudo-Word","High",1,537.58
"847",50,"3",41,"33112","12","Consonant String","Low",1,416.43
"847",50,"3",42,"31209","09","Word","High",1,533.95
"847",50,"3",43,"33140","40","Consonant String","Low",1,777.82
"847",50,"3",44,"32245","45","Pseudo-Word","High",1,936.71
"847",50,"3",45,"33247","47","Consonant String","High",1,1550.64
"847",50,"3",47,"33132","32","Consonant String","Low",1,1040.91
"847",50,"3",48,"32120","20","Pseudo-Word","Low",1,724.81
"847",50,"3",49,"31144","44","Word","Low",1,583.35
"847",50,"3",50,"31233","33","Word","High",1,520.21
"847",50,"3",51,"33144","44","Consonant String","Low",1,729.75
"848",67,"4",1,"41123","23","Word","Low",1,1073.48
"848",67,"4",57,"42103","03","Pseudo-Word","Low",1,1529.41
"848",67,"4",68,"43224","24","Consonant String","High",0,-1083.69
"848",67,"4",79,"41242","42","Word","High",1,939.93
"848",67,"4",90,"41109","09","Word","Low",1,679.16
"848",67,"4",101,"43246","46","Consonant String","High",0,-921.38
"848",67,"4",112,"42208","08","Pseudo-Word","High",1,639.26
"848",67,"4",123,"41248","48","Word","High",1,723.47
"848",67,"4",134,"41119","19","Word","Low",1,612.36
"848",67,"4",2,"41113","13","Word","Low",1,682.23
"848",67,"4",13,"41222","22","Word","High",1,550.43
"848",67,"4",24,"41234","34","Word","High",1,628.96
"848",67,"4",35,"42133","33","Pseudo-Word","Low",1,1313.21
"848",67,"4",46,"43242","42","Consonant String","High",1,1322.14
"848",67,"4",52,"41220","20","Word","High",1,888.05
"848",67,"4",53,"43206","06","Consonant String","High",1,903.29
"848",67,"4",54,"42204","04","Pseudo-Word","High",1,774.85
"848",67,"4",55,"43137","37","Consonant String","Low",1,1433.76
"848",67,"4",56,"43212","12","Consonant String","High",1,771.02
"848",67,"4",58,"41228","28","Word","High",1,623.9
"848",67,"4",59,"42214","14","Pseudo-Word","High",1,514.77
"848",67,"4",60,"41204","04","Word","High",1,521.62
"848",67,"4",61,"43133","33","Consonant String","Low",1,821.5
"848",67,"4",62,"42212","12","Pseudo-Word","High",1,622.39
"848",67,"4",63,"42226","26","Pseudo-Word","High",1,790.26
"848",67,"4",64,"41244","44","Word","High",1,655.48
"848",67,"4",65,"41129","29","Word","Low",1,548.02
"848",67,"4",66,"41111","11","Word","Low",1,581.55
"848",67,"4",67,"42236","36","Pseudo-Word","High",1,568.75
"848",67,"4",69,"42101","01","Pseudo-Word","Low",1,1246.64
"848",67,"4",70,"42141","41","Pseudo-Word","Low",1,573.21
"848",67,"4",71,"41216","16","Word","High",1,1098.1
"848",67,"4",72,"41101","01","Word","Low",1,1825.71
"848",67,"4",73,"43119","19","Consonant String","Low",1,634.99
"848",67,"4",74,"42131","31","Pseudo-Word","Low",1,571.19
"848",67,"4",75,"42228","28","Pseudo-Word","High",1,599.06
"848",67,"4",76,"41115","15","Word","Low",1,596.59
"848",67,"4",77,"42230","30","Pseudo-Word","High",1,550.13
"848",67,"4",78,"41135","35","Word","Low",1,621.66
"848",67,"4",80,"43101","01","Consonant String","Low",0,-879.54
"848",67,"4",81,"42244","44","Pseudo-Word","High",1,714.76
"848",67,"4",82,"43228","28","Consonant String","High",1,1085.67
"848",67,"4",83,"41137","37","Word","Low",1,590.9
"848",67,"4",84,"42246","46","Pseudo-Word","High",1,707.1
"848",67,"4",85,"42147","47","Pseudo-Word","Low",1,835.66
"848",67,"4",86,"42238","38","Pseudo-Word","High",1,1042.88
"848",67,"4",87,"43105","05","Consonant String","Low",1,1274.47
"848",67,"4",88,"41210","10","Word","High",1,746.42
"848",67,"4",89,"43216","16","Consonant String","High",0,-2737.02
"848",67,"4",91,"42137","37","Pseudo-Word","Low",1,569.34
"848",67,"4",92,"43210","10","Consonant String","High",1,1002.22
"848",67,"4",93,"43135","35","Consonant String","Low",1,848.79
"848",67,"4",94,"41246","46","Word","High",1,579.34
"848",67,"4",95,"43115","15","Consonant String","Low",1,1258.57
"848",67,"4",96,"43238","38","Consonant String","High",1,1082.16
"848",67,"4",97,"42224","24","Pseudo-Word","High",1,1085.4
"848",67,"4",98,"42129","29","Pseudo-Word","Low",1,705.64
"848",67,"4",99,"43129","29","Consonant String","Low",1,791.2
"848",67,"4",100,"41133","33","Word","Low",1,678.74
"848",67,"4",102,"43244","44","Consonant String","High",1,804.96
"848",67,"4",103,"41125","25","Word","Low",1,612.51
"848",67,"4",104,"43139","39","Consonant String","Low",1,695.38
"848",67,"4",105,"43111","11","Consonant String","Low",1,1171.94
"848",67,"4",106,"43234","34","Consonant String","High",1,552.84
"848",67,"4",107,"43103","03","Consonant String","Low",1,606.37
"848",67,"4",108,"41107","07","Word","Low",1,713.92
"848",67,"4",109,"41226","26","Word","High",1,637.79
"848",67,"4",110,"42115","15","Pseudo-Word","Low",0,-715
"848",67,"4",111,"42210","10","Pseudo-Word","High",1,681.88
"848",67,"4",113,"43123","23","Consonant String","Low",1,632.1
"848",67,"4",114,"42123","23","Pseudo-Word","Low",0,-795.31
"848",67,"4",115,"42220","20","Pseudo-Word","High",1,843.86
"848",67,"4",116,"41143","43","Word","Low",1,552.64
"848",67,"4",117,"41240","40","Word","High",1,600.19
"848",67,"4",118,"42113","13","Pseudo-Word","Low",0,-1238.74
"848",67,"4",119,"42107","07","Pseudo-Word","Low",1,611.97
"848",67,"4",120,"43214","14","Consonant String","High",0,-675.83
"848",67,"4",121,"43240","40","Consonant String","High",0,-845.07
"848",67,"4",122,"43226","26","Consonant String","High",0,-1291.65
"848",67,"4",124,"42216","16","Pseudo-Word","High",1,739.23
"848",67,"4",125,"42240","40","Pseudo-Word","High",1,614.43
"848",67,"4",126,"43236","36","Consonant String","High",0,-884.32
"848",67,"4",127,"43121","21","Consonant String","Low",1,857.55
"848",67,"4",128,"42242","42","Pseudo-Word","High",1,841.1
"848",67,"4",129,"43143","43","Consonant String","Low",1,696.66
"848",67,"4",130,"43208","08","Consonant String","High",1,665.2
"848",67,"4",131,"41238","38","Word","High",1,563.07
"848",67,"4",132,"43131","31","Consonant String","Low",0,-796.96
"848",67,"4",133,"42117","17","Pseudo-Word","Low",1,618.5
"848",67,"4",135,"43145","45","Consonant String","Low",1,605.37
"848",67,"4",136,"41212","12","Word","High",1,553.91
"848",67,"4",137,"42127","27","Pseudo-Word","Low",1,590.44
"848",67,"4",138,"43127","27","Consonant String","Low",0,-689.64
"848",67,"4",139,"43218","18","Consonant String","High",1,621.85
"848",67,"4",140,"41131","31","Word","Low",1,496.72
"848",67,"4",141,"43117","17","Consonant String","Low",0,-562.24
"848",67,"4",142,"42222","22","Pseudo-Word","High",1,612.11
"848",67,"4",143,"43248","48","Consonant String","High",1,589.99
"848",67,"4",144,"43204","04","Consonant String","High",1,573.19
"848",67,"4",3,"42218","18","Pseudo-Word","High",1,704.06
"848",67,"4",4,"41236","36","Word","High",1,574.6
"848",67,"4",5,"42125","25","Pseudo-Word","Low",1,689.47
"848",67,"4",6,"43230","30","Consonant String","High",0,-765.68
"848",67,"4",7,"41206","06","Word","High",1,830.57
"848",67,"4",8,"41141","41","Word","Low",1,979.8
"848",67,"4",9,"43109","09","Consonant String","Low",1,648.02
"848",67,"4",10,"42139","39","Pseudo-Word","Low",1,634.57
"848",67,"4",11,"41103","03","Word","Low",1,573.78
"848",67,"4",12,"42111","11","Pseudo-Word","Low",1,600.64
"848",67,"4",14,"41224","24","Word","High",1,584.18
"848",67,"4",15,"41127","27","Word","Low",1,540.37
"848",67,"4",16,"42234","34","Pseudo-Word","High",1,559.57
"848",67,"4",17,"43107","07","Consonant String","Low",1,497.44
"848",67,"4",18,"42248","48","Pseudo-Word","High",1,513.97
"848",67,"4",19,"43147","47","Consonant String","Low",1,581.82
"848",67,"4",20,"43232","32","Consonant String","High",1,578.03
"848",67,"4",21,"42135","35","Pseudo-Word","Low",1,556.21
"848",67,"4",22,"41147","47","Word","Low",1,470.75
"848",67,"4",23,"42232","32","Pseudo-Word","High",1,527.61
"848",67,"4",25,"41208","08","Word","High",1,558.81
"848",67,"4",26,"42105","05","Pseudo-Word","Low",1,597.69
"848",67,"4",27,"41105","05","Word","Low",1,543.21
"848",67,"4",28,"43222","22","Consonant String","High",0,-571.74
"848",67,"4",29,"41117","17","Word","Low",1,593.62
"848",67,"4",30,"43113","13","Consonant String","Low",1,837.16
"848",67,"4",31,"41202","02","Word","High",0,-923.38
"848",67,"4",32,"41121","21","Word","Low",1,579.27
"848",67,"4",33,"41214","14","Word","High",1,621.48
"848",67,"4",34,"42145","45","Pseudo-Word","Low",1,871.36
"848",67,"4",36,"41145","45","Word","Low",1,820.25
"848",67,"4",37,"42109","09","Pseudo-Word","Low",1,585.13
"848",67,"4",38,"41230","30","Word","High",1,548.33
"848",67,"4",39,"43202","02","Consonant String","High",1,2280.93
"848",67,"4",40,"42202","02","Pseudo-Word","High",1,884.24
"848",67,"4",41,"41139","39","Word","Low",1,596.46
"848",67,"4",42,"43141","41","Consonant String","Low",1,997.01
"848",67,"4",43,"42143","43","Pseudo-Word","Low",1,652.57
"848",67,"4",44,"42121","21","Pseudo-Word","Low",1,772.12
"848",67,"4",45,"41218","18","Word","High",1,718
"848",67,"4",47,"41232","32","Word","High",1,566.87
"848",67,"4",48,"42206","06","Pseudo-Word","High",0,-735.75
"848",67,"4",49,"43220","20","Consonant String","High",0,-731.96
"848",67,"4",50,"43125","25","Consonant String","Low",1,708.17
"848",67,"4",51,"42119","19","Pseudo-Word","Low",0,-946.73
"849",33,"1",1,"11128","28","Word","Low",0,-947.35
"849",33,"1",57,"12221","21","Pseudo-Word","High",0,-905.26
"849",33,"1",68,"13201","01","Consonant String","High",1,847.15
"849",33,"1",79,"12235","35","Pseudo-Word","High",1,765.04
"849",33,"1",90,"12223","23","Pseudo-Word","High",0,-736.25
"849",33,"1",101,"13130","30","Consonant String","Low",0,-1007.8
"849",33,"1",112,"13225","25","Consonant String","High",0,-1034.03
"849",33,"1",123,"12201","01","Pseudo-Word","High",1,957.6
"849",33,"1",134,"11132","32","Word","Low",1,844.51
"849",33,"1",2,"11102","02","Word","Low",1,780.4
"849",33,"1",13,"11225","25","Word","High",1,781.95
"849",33,"1",24,"11118","18","Word","Low",1,841.5
"849",33,"1",35,"11114","14","Word","Low",1,741.38
"849",33,"1",46,"12136","36","Pseudo-Word","Low",1,1118.29
"849",33,"1",52,"13223","23","Consonant String","High",1,779.51
"849",33,"1",53,"13239","39","Consonant String","High",0,-773.07
"849",33,"1",54,"12247","47","Pseudo-Word","High",1,833.28
"849",33,"1",55,"11142","42","Word","Low",1,754.84
"849",33,"1",56,"13213","13","Consonant String","High",1,829.72
"849",33,"1",58,"13148","48","Consonant String","Low",1,724.26
"849",33,"1",59,"12205","05","Pseudo-Word","High",1,1190.5
"849",33,"1",60,"11207","07","Word","High",1,711.08
"849",33,"1",61,"12203","03","Pseudo-Word","High",1,680.28
"849",33,"1",62,"11104","04","Word","Low",1,804.82
"849",33,"1",63,"12144","44","Pseudo-Word","Low",1,839.71
"849",33,"1",64,"11136","36","Word","Low",1,675.26
"849",33,"1",65,"13140","40","Consonant String","Low",1,1115.81
"849",33,"1",66,"12241","41","Pseudo-Word","High",1,972.06
"849",33,"1",67,"12102","02","Pseudo-Word","Low",1,1019.29
"849",33,"1",69,"11219","19","Word","High",0,-1835.56
"849",33,"1",70,"11140","40","Word","Low",1,875.18
"849",33,"1",71,"13209","09","Consonant String","High",1,917.73
"849",33,"1",72,"11110","10","Word","Low",1,741.96
"849",33,"1",73,"12233","33","Pseudo-Word","High",1,802.84
"849",33,"1",74,"13243","43","Consonant String","High",0,-805.72
"849",33,"1",75,"11241","41","Word","High",0,-867.61
"849",33,"1",76,"13207","07","Consonant String","High",1,678.83
"849",33,"1",77,"11223","23","Word","High",1,1412.4
"849",33,"1",78,"12114","14","Pseudo-Word","Low",1,888.65
"849",33,"1",80,"12118","18","Pseudo-Word","Low",0,-1190.22
"849",33,"1",81,"12245","45","Pseudo-Word","High",1,1066.81
"849",33,"1",82,"11201","01","Word","High",1,908.05
"849",33,"1",83,"11211","11","Word","High",1,1032.28
"849",33,"1",84,"13235","35","Consonant String","High",0,-1600.88
"849",33,"1",85,"13245","45","Consonant String","High",0,-1095.82
"849",33,"1",86,"11243","43","Word","High",1,1143.73
"849",33,"1",87,"13229","29","Consonant String","High",0,-673.64
"849",33,"1",88,"13116","16","Consonant String","Low",0,-893.85
"849",33,"1",89,"13104","04","Consonant String","Low",1,871.74
"849",33,"1",91,"13122","22","Consonant String","Low",1,939.97
"849",33,"1",92,"12207","07","Pseudo-Word","High",1,799.52
"849",33,"1",93,"12243","43","Pseudo-Word","High",0,-985.42
"849",33,"1",94,"11237","37","Word","High",1,935.99
"849",33,"1",95,"13128","28","Consonant String","Low",0,-889.55
"849",33,"1",96,"11148","48","Word","Low",1,730.11
"849",33,"1",97,"12124","24","Pseudo-Word","Low",0,-1115.67
"849",33,"1",98,"13134","34","Consonant String","Low",1,751.9
"849",33,"1",99,"12237","37","Pseudo-Word","High",1,981.8
"849",33,"1",100,"13146","46","Consonant String","Low",1,811.35
"849",33,"1",102,"11138","38","Word","Low",1,987.57
"849",33,"1",103,"12132","32","Pseudo-Word","Low",0,-859.15
"849",33,"1",104,"11233","33","Word","High",1,537.36
"849",33,"1",105,"12106","06","Pseudo-Word","Low",1,886.89
"849",33,"1",106,"12146","46","Pseudo-Word","Low",1,833.45
"849",33,"1",107,"12213","13","Pseudo-Word","High",1,949.01
"849",33,"1",108,"13118","18","Consonant String","Low",0,-730.9
"849",33,"1",109,"12140","40","Pseudo-Word","Low",1,647.45
"849",33,"1",110,"11227","27","Word","High",1,776.31
"849",33,"1",111,"11245","45","Word","High",0,-1301.88
"849",33,"1",113,"12126","26","Pseudo-Word","Low",1,757.8
"849",33,"1",114,"12148","48","Pseudo-Word","Low",1,635.02
"849",33,"1",115,"11120","20","Word","Low",1,1005.56
"849",33,"1",116,"13120","20","Consonant String","Low",0,-873.64
"849",33,"1",117,"12104","04","Pseudo-Word","Low",1,785.87
"849",33,"1",118,"11116","16","Word","Low",1,1093.42
"849",33,"1",119,"13142","42","Consonant String","Low",0,-995.32
"849",33,"1",120,"12239","39","Pseudo-Word","High",0,-970.23
"849",33,"1",121,"11124","24","Word","Low",0,-1754.49
"849",33,"1",122,"11231","31","Word","High",0,-946.43
"849",33,"1",124,"12130","30","Pseudo-Word","Low",0,-730.34
"849",33,"1",125,"11235","35","Word","High",1,963.89
"849",33,"1",126,"13106","06","Consonant String","Low",1,1008.13
"849",33,"1",127,"13211","11","Consonant String","High",1,933.02
"849",33,"1",128,"12134","34","Pseudo-Word","Low",0,-912.59
"849",33,"1",129,"13102","02","Consonant String","Low",1,1003.83
"849",33,"1",130,"13126","26","Consonant String","Low",1,1377.75
"849",33,"1",131,"11213","13","Word","High",1,751.33
"849",33,"1",132,"11130","30","Word","Low",1,1044.22
"849",33,"1",133,"13108","08","Consonant String","Low",1,860.11
"849",33,"1",135,"13144","44","Consonant String","Low",0,-796.34
"849",33,"1",136,"12120","20","Pseudo-Word","Low",1,1033.23
"849",33,"1",137,"13110","10","Consonant String","Low",1,894.8
"849",33,"1",138,"12227","27","Pseudo-Word","High",0,-607.68
"849",33,"1",139,"11146","46","Word","Low",1,834.56
"849",33,"1",140,"11217","17","Word","High",1,750.11
"849",33,"1",141,"12217","17","Pseudo-Word","High",0,-825.99
"849",33,"1",142,"11229","29","Word","High",0,-730.55
"849",33,"1",143,"11108","08","Word","Low",1,663.09
"849",33,"1",144,"13217","17","Consonant String","High",1,799.3
"849",33,"1",3,"11205","05","Word","High",1,576.17
"849",33,"1",4,"13233","33","Consonant String","High",0,-787.71
"849",33,"1",5,"12138","38","Pseudo-Word","Low",1,740.26
"849",33,"1",6,"13237","37","Consonant String","High",1,842.82
"849",33,"1",7,"13215","15","Consonant String","High",0,-792.7
"849",33,"1",8,"11221","21","Word","High",1,787.58
"849",33,"1",9,"12112","12","Pseudo-Word","Low",1,676.13
"849",33,"1",10,"11203","03","Word","High",1,637.67
"849",33,"1",11,"11126","26","Word","Low",1,821.21
"849",33,"1",12,"12211","11","Pseudo-Word","High",1,965.43
"849",33,"1",14,"12215","15","Pseudo-Word","High",1,1061.67
"849",33,"1",15,"13136","36","Consonant String","Low",0,-1152.92
"849",33,"1",16,"12229","29","Pseudo-Word","High",0,-677.82
"849",33,"1",17,"12225","25","Pseudo-Word","High",0,-1099.39
"849",33,"1",18,"13247","47","Consonant String","High",0,-945.28
"849",33,"1",19,"11247","47","Word","High",0,-1108.19
"849",33,"1",20,"13114","14","Consonant String","Low",0,-743.09
"849",33,"1",21,"11112","12","Word","Low",1,938.98
"849",33,"1",22,"11209","09","Word","High",1,1019.54
"849",33,"1",23,"11106","06","Word","Low",1,770.78
"849",33,"1",25,"13138","38","Consonant String","Low",0,-1031
"849",33,"1",26,"11239","39","Word","High",0,-961.57
"849",33,"1",27,"11215","15","Word","High",1,1001.81
"849",33,"1",28,"12108","08","Pseudo-Word","Low",1,1053.71
"849",33,"1",29,"13221","21","Consonant String","High",0,-1161.62
"849",33,"1",30,"13124","24","Consonant String","Low",1,800.87
"849",33,"1",31,"11144","44","Word","Low",1,705.75
"849",33,"1",32,"11134","34","Word","Low",1,812.63
"849",33,"1",33,"13112","12","Consonant String","Low",1,721.85
"849",33,"1",34,"13205","05","Consonant String","High",0,-927.06
"849",33,"1",36,"13241","41","Consonant String","High",0,-842.62
"849",33,"1",37,"13227","27","Consonant String","High",0,-1039.52
"849",33,"1",38,"12231","31","Pseudo-Word","High",1,1225.1
"849",33,"1",39,"12110","10","Pseudo-Word","Low",1,1041.69
"849",33,"1",40,"11122","22","Word","Low",1,762.58
"849",33,"1",41,"12116","16","Pseudo-Word","Low",0,-952.81
"849",33,"1",42,"12209","09","Pseudo-Word","High",1,809.7
"849",33,"1",43,"13132","32","Consonant String","Low",0,-640.92
"849",33,"1",44,"12128","28","Pseudo-Word","Low",0,-629.45
"849",33,"1",45,"12122","22","Pseudo-Word","Low",1,669.99
"849",33,"1",47,"12142","42","Pseudo-Word","Low",0,-797.2
"849",33,"1",48,"12219","19","Pseudo-Word","High",1,876.08
"849",33,"1",49,"13231","31","Consonant String","High",1,1160.66
"849",33,"1",50,"13203","03","Consonant String","High",1,735.89
"849",33,"1",51,"13219","19","Consonant String","High",1,742.44
"850",33,"2",1,"21232","32","Word","High",0,-1131.73
"850",33,"2",57,"23214","14","Consonant String","High",0,-1487.32
"850",33,"2",68,"23210","10","Consonant String","High",1,856.91
"850",33,"2",79,"21133","33","Word","Low",1,854.8
"850",33,"2",90,"23222","22","Consonant String","High",1,1497.71
"850",33,"2",101,"22202","02","Pseudo-Word","High",0,-912.64
"850",33,"2",112,"23204","04","Consonant String","High",1,974.87
"850",33,"2",123,"22107","07","Pseudo-Word","Low",1,938.11
"850",33,"2",134,"23103","03","Consonant String","Low",0,-886.67
"850",33,"2",2,"22238","38","Pseudo-Word","High",0,-1214.24
"850",33,"2",13,"23107","07","Consonant String","Low",1,876.49
"850",33,"2",24,"23244","44","Consonant String","High",1,637.04
"850",33,"2",35,"22212","12","Pseudo-Word","High",0,-1334.61
"850",33,"2",46,"23109","09","Consonant String","Low",1,907.19
"850",33,"2",52,"23206","06","Consonant String","High",0,-1473.1
"850",33,"2",53,"22131","31","Pseudo-Word","Low",0,-1211.38
"850",33,"2",54,"21220","20","Word","High",1,877.62
"850",33,"2",55,"22234","34","Pseudo-Word","High",1,561.18
"850",33,"2",56,"22214","14","Pseudo-Word","High",1,1094.38
"850",33,"2",58,"21240","40","Word","High",0,-1264.98
"850",33,"2",59,"23135","35","Consonant String","Low",1,416.21
"850",33,"2",60,"22115","15","Pseudo-Word","Low",1,991.41
"850",33,"2",61,"23139","39","Consonant String","Low",1,542.29
"850",33,"2",62,"21135","35","Word","Low",0,-506.15
"850",33,"2",63,"21244","44","Word","High",1,659.02
"850",33,"2",64,"21236","36","Word","High",0,-822.22
"850",33,"2",65,"22248","48","Pseudo-Word","High",1,580.43
"850",33,"2",66,"23246","46","Consonant String","High",0,-683.98
"850",33,"2",67,"23220","20","Consonant String","High",0,-628.51
"850",33,"2",69,"23143","43","Consonant String","Low",1,824.05
"850",33,"2",70,"22105","05","Pseudo-Word","Low",1,535.27
"850",33,"2",71,"23125","25","Consonant String","Low",1,462.79
"850",33,"2",72,"21204","04","Word","High",1,639.97
"850",33,"2",73,"22141","41","Pseudo-Word","Low",1,669.52
"850",33,"2",74,"22137","37","Pseudo-Word","Low",0,-1119.74
"850",33,"2",75,"21137","37","Word","Low",1,593.96
"850",33,"2",76,"21115","15","Word","Low",0,-950.85
"850",33,"2",77,"23248","48","Consonant String","High",0,-728.74
"850",33,"2",78,"21141","41","Word","Low",1,509.27
"850",33,"2",80,"23101","01","Consonant String","Low",1,1063.49
"850",33,"2",81,"21242","42","Word","High",1,581.72
"850",33,"2",82,"23236","36","Consonant String","High",0,-640.25
"850",33,"2",83,"21111","11","Word","Low",1,770.77
"850",33,"2",84,"23232","32","Consonant String","High",1,792.99
"850",33,"2",85,"21103","03","Word","Low",0,-1369.91
"850",33,"2",86,"22240","40","Pseudo-Word","High",0,-955.16
"850",33,"2",87,"23230","30","Consonant String","High",1,992.06
"850",33,"2",88,"21143","43","Word","Low",0,-499.95
"850",33,"2",89,"22143","43","Pseudo-Word","Low",1,709.82
"850",33,"2",91,"21206","06","Word","High",1,673.02
"850",33,"2",92,"22121","21","Pseudo-Word","Low",0,-572.22
"850",33,"2",93,"22220","20","Pseudo-Word","High",0,-600.43
"850",33,"2",94,"22125","25","Pseudo-Word","Low",0,-889.3
"850",33,"2",95,"21214","14","Word","High",1,871.85
"850",33,"2",96,"21125","25","Word","Low",1,529.06
"850",33,"2",97,"22129","29","Pseudo-Word","Low",0,-878.61
"850",33,"2",98,"21230","30","Word","High",1,501.15
"850",33,"2",99,"22222","22","Pseudo-Word","High",1,617.01
"850",33,"2",100,"22139","39","Pseudo-Word","Low",1,440.2
"850",33,"2",102,"23133","33","Consonant String","Low",0,-691.73
"850",33,"2",103,"23129","29","Consonant String","Low",0,-756.61
"850",33,"2",104,"21212","12","Word","High",0,-565.47
"850",33,"2",105,"23242","42","Consonant String","High",0,-592.68
"850",33,"2",106,"21248","48","Word","High",1,456.53
"850",33,"2",107,"21129","29","Word","Low",1,1019.42
"850",33,"2",108,"23127","27","Consonant String","Low",0,-362.63
"850",33,"2",109,"23228","28","Consonant String","High",1,466.8
"850",33,"2",110,"23115","15","Consonant String","Low",1,787
"850",33,"2",111,"22113","13","Pseudo-Word","Low",0,-640.55
"850",33,"2",113,"23117","17","Consonant String","Low",1,2045.14
"850",33,"2",114,"23131","31","Consonant String","Low",1,393.08
"850",33,"2",115,"22101","01","Pseudo-Word","Low",1,673.94
"850",33,"2",116,"23119","19","Consonant String","Low",1,566.35
"850",33,"2",117,"22242","42","Pseudo-Word","High",1,338.53
"850",33,"2",118,"22208","08","Pseudo-Word","High",1,756.07
"850",33,"2",119,"22246","46","Pseudo-Word","High",1,884.94
"850",33,"2",120,"21139","39","Word","Low",0,-630.5
"850",33,"2",121,"23216","16","Consonant String","High",1,489.03
"850",33,"2",122,"23202","02","Consonant String","High",0,-622.55
"850",33,"2",124,"23208","08","Consonant String","High",1,983.77
"850",33,"2",125,"22206","06","Pseudo-Word","High",1,1077.34
"850",33,"2",126,"23238","38","Consonant String","High",1,860.9
"850",33,"2",127,"21216","16","Word","High",0,-795.13
"850",33,"2",128,"21145","45","Word","Low",0,-632.01
"850",33,"2",129,"21224","24","Word","High",1,531.55
"850",33,"2",130,"22232","32","Pseudo-Word","High",0,-1020.09
"850",33,"2",131,"23121","21","Consonant String","Low",1,882.33
"850",33,"2",132,"22210","10","Pseudo-Word","High",1,1352.9
"850",33,"2",133,"22119","19","Pseudo-Word","Low",1,853.81
"850",33,"2",135,"22109","09","Pseudo-Word","Low",0,-624.69
"850",33,"2",136,"21113","13","Word","Low",1,569.9
"850",33,"2",137,"22145","45","Pseudo-Word","Low",0,-870.1
"850",33,"2",138,"22117","17","Pseudo-Word","Low",0,-1465.35
"850",33,"2",139,"21222","22","Word","High",1,763.61
"850",33,"2",140,"21228","28","Word","High",1,764.82
"850",33,"2",141,"23147","47","Consonant String","Low",0,-816.04
"850",33,"2",142,"21147","47","Word","Low",1,1073.27
"850",33,"2",143,"22133","33","Pseudo-Word","Low",0,-1010.51
"850",33,"2",144,"21109","09","Word","Low",1,673.74
"850",33,"2",3,"21107","07","Word","Low",1,791.94
"850",33,"2",4,"21234","34","Word","High",1,653.83
"850",33,"2",5,"21117","17","Word","Low",1,721.7
"850",33,"2",6,"21202","02","Word","High",0,-1148.92
"850",33,"2",7,"21210","10","Word","High",1,875.83
"850",33,"2",8,"21123","23","Word","Low",1,594.38
"850",33,"2",9,"22147","47","Pseudo-Word","Low",1,936.26
"850",33,"2",10,"22226","26","Pseudo-Word","High",1,1297.84
"850",33,"2",11,"23212","12","Consonant String","High",1,553.74
"850",33,"2",12,"23226","26","Consonant String","High",1,1438.63
"850",33,"2",14,"21121","21","Word","Low",1,603.21
"850",33,"2",15,"21105","05","Word","Low",1,610.08
"850",33,"2",16,"23224","24","Consonant String","High",1,795.29
"850",33,"2",17,"22103","03","Pseudo-Word","Low",0,-796.18
"850",33,"2",18,"22127","27","Pseudo-Word","Low",1,1178.07
"850",33,"2",19,"23234","34","Consonant String","High",1,820.65
"850",33,"2",20,"23137","37","Consonant String","Low",1,757.86
"850",33,"2",21,"22216","16","Pseudo-Word","High",0,-1213.1
"850",33,"2",22,"23145","45","Consonant String","Low",1,1200.36
"850",33,"2",23,"23105","05","Consonant String","Low",1,736.27
"850",33,"2",25,"22123","23","Pseudo-Word","Low",0,-1044.82
"850",33,"2",26,"22111","11","Pseudo-Word","Low",1,723.72
"850",33,"2",27,"21208","08","Word","High",1,1023.94
"850",33,"2",28,"22244","44","Pseudo-Word","High",1,652.5
"850",33,"2",29,"23123","23","Consonant String","Low",0,-978.38
"850",33,"2",30,"22224","24","Pseudo-Word","High",1,1110.96
"850",33,"2",31,"21119","19","Word","Low",1,485.18
"850",33,"2",32,"23141","41","Consonant String","Low",0,-1015.72
"850",33,"2",33,"21238","38","Word","High",1,782.95
"850",33,"2",34,"22204","04","Pseudo-Word","High",1,830.5
"850",33,"2",36,"21101","01","Word","Low",0,-674.05
"850",33,"2",37,"23218","18","Consonant String","High",1,641.26
"850",33,"2",38,"22135","35","Pseudo-Word","Low",0,-933.14
"850",33,"2",39,"22230","30","Pseudo-Word","High",0,-1379.72
"850",33,"2",40,"23111","11","Consonant String","Low",0,-1511.34
"850",33,"2",41,"22236","36","Pseudo-Word","High",0,-738.59
"850",33,"2",42,"21127","27","Word","Low",1,802.14
"850",33,"2",43,"21218","18","Word","High",1,772.02
"850",33,"2",44,"23113","13","Consonant String","Low",0,-539.23
"850",33,"2",45,"23240","40","Consonant String","High",1,849.77
"850",33,"2",47,"21131","31","Word","Low",0,-1073.66
"850",33,"2",48,"21226","26","Word","High",1,607.89
"850",33,"2",49,"21246","46","Word","High",0,-506.08
"850",33,"2",50,"22228","28","Pseudo-Word","High",1,907.95
"850",33,"2",51,"22218","18","Pseudo-Word","High",1,794.18
"851",67,"3",1,"32102","02","Pseudo-Word","Low",1,723.24
"851",67,"3",57,"33114","14","Consonant String","Low",1,832.12
"851",67,"3",68,"32215","15","Pseudo-Word","High",1,505.33
"851",67,"3",79,"31126","26","Word","Low",1,544.86
"851",67,"3",90,"33116","16","Consonant String","Low",0,-883.4
"851",67,"3",101,"32209","09","Pseudo-Word","High",1,633.63
"851",67,"3",112,"32128","28","Pseudo-Word","Low",1,519.83
"851",67,"3",123,"33110","10","Consonant String","Low",1,758.69
"851",67,"3",134,"31239","39","Word","High",1,509.23
"851",67,"3",2,"31235","35","Word","High",1,517.09
"851",67,"3",13,"33233","33","Consonant String","High",0,-921.96
"851",67,"3",24,"33118","18","Consonant String","Low",0,-777.86
"851",67,"3",35,"33132","32","Consonant String","Low",0,-726.08
"851",67,"3",46,"32239","39","Pseudo-Word","High",1,475.28
"851",67,"3",52,"32235","35","Pseudo-Word","High",1,698.48
"851",67,"3",53,"32132","32","Pseudo-Word","Low",1,731.02
"851",67,"3",54,"31231","31","Word","High",1,546.23
"851",67,"3",55,"33227","27","Consonant String","High",0,-832.77
"851",67,"3",56,"32245","45","Pseudo-Word","High",1,776.99
"851",67,"3",58,"31233","33","Word","High",1,483.2
"851",67,"3",59,"32221","21","Pseudo-Word","High",1,743.39
"851",67,"3",60,"32108","08","Pseudo-Word","Low",1,597.94
"851",67,"3",61,"33209","09","Consonant String","High",0,-823.48
"851",67,"3",62,"33142","42","Consonant String","Low",1,581.37
"851",67,"3",63,"31108","08","Word","Low",1,575.57
"851",67,"3",64,"31241","41","Word","High",1,478.76
"851",67,"3",65,"33136","36","Consonant String","Low",1,732.96
"851",67,"3",66,"32126","26","Pseudo-Word","Low",1,476.16
"851",67,"3",67,"32130","30","Pseudo-Word","Low",1,603.36
"851",67,"3",69,"31104","04","Word","Low",1,621.89
"851",67,"3",70,"31134","34","Word","Low",0,-503.76
"851",67,"3",71,"33245","45","Consonant String","High",0,-825.3
"851",67,"3",72,"31144","44","Word","Low",1,448.5
"851",67,"3",73,"31142","42","Word","Low",1,402.03
"851",67,"3",74,"31122","22","Word","Low",1,494.55
"851",67,"3",75,"33130","30","Consonant String","Low",1,642.07
"851",67,"3",76,"33207","07","Consonant String","High",1,686.62
"851",67,"3",77,"32148","48","Pseudo-Word","Low",1,534.82
"851",67,"3",78,"31114","14","Word","Low",1,594.01
"851",67,"3",80,"33213","13","Consonant String","High",1,741.56
"851",67,"3",81,"32110","10","Pseudo-Word","Low",1,639.1
"851",67,"3",82,"31110","10","Word","Low",1,511.29
"851",67,"3",83,"33235","35","Consonant String","High",1,584.16
"851",67,"3",84,"33126","26","Consonant String","Low",1,631.36
"851",67,"3",85,"31245","45","Word","High",1,503.57
"851",67,"3",86,"32116","16","Pseudo-Word","Low",1,530.09
"851",67,"3",87,"33203","03","Consonant String","High",1,965.3
"851",67,"3",88,"33106","06","Consonant String","Low",0,-836.2
"851",67,"3",89,"33205","05","Consonant String","High",0,-693.41
"851",67,"3",91,"33128","28","Consonant String","Low",1,565.95
"851",67,"3",92,"33219","19","Consonant String","High",1,554.81
"851",67,"3",93,"33112","12","Consonant String","Low",1,936.36
"851",67,"3",94,"32217","17","Pseudo-Word","High",1,681.6
"851",67,"3",95,"31146","46","Word","Low",1,519.79
"851",67,"3",96,"32104","04","Pseudo-Word","Low",1,584.65
"851",67,"3",97,"31203","03","Word","High",1,577.85
"851",67,"3",98,"31132","32","Word","Low",1,591.05
"851",67,"3",99,"33140","40","Consonant String","Low",1,630.26
"851",67,"3",100,"31225","25","Word","High",1,418.45
"851",67,"3",102,"33215","15","Consonant String","High",1,552.3
"851",67,"3",103,"32207","07","Pseudo-Word","High",1,497.83
"851",67,"3",104,"32138","38","Pseudo-Word","Low",1,563.35
"851",67,"3",105,"32243","43","Pseudo-Word","High",1,568.23
"851",67,"3",106,"32233","33","Pseudo-Word","High",1,475.42
"851",67,"3",107,"33217","17","Consonant String","High",1,774.62
"851",67,"3",108,"33239","39","Consonant String","High",1,591.5
"851",67,"3",109,"31124","24","Word","Low",1,850.04
"851",67,"3",110,"31243","43","Word","High",1,675.6
"851",67,"3",111,"32122","22","Pseudo-Word","Low",1,488.8
"851",67,"3",113,"33201","01","Consonant String","High",0,-1209.01
"851",67,"3",114,"31116","16","Word","Low",1,462.91
"851",67,"3",115,"31207","07","Word","High",1,493.77
"851",67,"3",116,"31209","09","Word","High",1,432.6
"851",67,"3",117,"33225","25","Consonant String","High",1,617.79
"851",67,"3",118,"32231","31","Pseudo-Word","High",1,705.66
"851",67,"3",119,"32241","41","Pseudo-Word","High",1,481.2
"851",67,"3",120,"33144","44","Consonant String","Low",1,990.41
"851",67,"3",121,"32205","05","Pseudo-Word","High",1,581.63
"851",67,"3",122,"33102","02","Consonant String","Low",1,1138.85
"851",67,"3",124,"33146","46","Consonant String","Low",0,-959.1
"851",67,"3",125,"32124","24","Pseudo-Word","Low",0,-536.98
"851",67,"3",126,"31106","06","Word","Low",1,513.18
"851",67,"3",127,"31112","12","Word","Low",1,466.04
"851",67,"3",128,"33104","04","Consonant String","Low",1,636.9
"851",67,"3",129,"31229","29","Word","High",1,980.12
"851",67,"3",130,"33108","08","Consonant String","Low",1,643.34
"851",67,"3",131,"33223","23","Consonant String","High",1,563.88
"851",67,"3",132,"31148","48","Word","Low",1,605.74
"851",67,"3",133,"33229","29","Consonant String","High",1,971.29
"851",67,"3",135,"32134","34","Pseudo-Word","Low",1,576.17
"851",67,"3",136,"31237","37","Word","High",1,712.38
"851",67,"3",137,"31227","27","Word","High",1,582.26
"851",67,"3",138,"31138","38","Word","Low",1,509.45
"851",67,"3",139,"33122","22","Consonant String","Low",1,495.32
"851",67,"3",140,"33120","20","Consonant String","Low",1,879.85
"851",67,"3",141,"33211","11","Consonant String","High",1,712.07
"851",67,"3",142,"32237","37","Pseudo-Word","High",1,535.95
"851",67,"3",143,"31201","01","Word","High",1,646.15
"851",67,"3",144,"32136","36","Pseudo-Word","Low",1,548.69
"851",67,"3",3,"31213","13","Word","High",1,606.21
"851",67,"3",4,"31102","02","Word","Low",1,749.75
"851",67,"3",5,"32106","06","Pseudo-Word","Low",1,620.3
"851",67,"3",6,"32229","29","Pseudo-Word","High",1,669.17
"851",67,"3",7,"31215","15","Word","High",1,495.04
"851",67,"3",8,"31221","21","Word","High",1,525.56
"851",67,"3",9,"33243","43","Consonant String","High",0,-911.77
"851",67,"3",10,"31140","40","Word","Low",1,485.65
"851",67,"3",11,"32201","01","Pseudo-Word","High",1,605.85
"851",67,"3",12,"32112","12","Pseudo-Word","Low",1,607.38
"851",67,"3",14,"32247","47","Pseudo-Word","High",1,509.91
"851",67,"3",15,"31205","05","Word","High",1,521.78
"851",67,"3",16,"32219","19","Pseudo-Word","High",1,729.64
"851",67,"3",17,"33148","48","Consonant String","Low",1,695.85
"851",67,"3",18,"33138","38","Consonant String","Low",0,-559.39
"851",67,"3",19,"31136","36","Word","Low",1,506.26
"851",67,"3",20,"32114","14","Pseudo-Word","Low",1,518.78
"851",67,"3",21,"32227","27","Pseudo-Word","High",1,553.65
"851",67,"3",22,"33237","37","Consonant String","High",1,765.18
"851",67,"3",23,"33241","41","Consonant String","High",1,648.07
"851",67,"3",25,"31217","17","Word","High",1,466.59
"851",67,"3",26,"32211","11","Pseudo-Word","High",1,706.46
"851",67,"3",27,"32118","18","Pseudo-Word","Low",1,512.99
"851",67,"3",28,"32223","23","Pseudo-Word","High",1,713.86
"851",67,"3",29,"32203","03","Pseudo-Word","High",1,772.74
"851",67,"3",30,"32142","42","Pseudo-Word","Low",1,427.61
"851",67,"3",31,"31120","20","Word","Low",1,565.8
"851",67,"3",32,"31247","47","Word","High",1,461.66
"851",67,"3",33,"32225","25","Pseudo-Word","High",1,588.52
"851",67,"3",34,"33124","24","Consonant String","Low",1,625.72
"851",67,"3",36,"31130","30","Word","Low",1,563.93
"851",67,"3",37,"32144","44","Pseudo-Word","Low",1,652.79
"851",67,"3",38,"32140","40","Pseudo-Word","Low",1,526.33
"851",67,"3",39,"32213","13","Pseudo-Word","High",1,633.52
"851",67,"3",40,"31128","28","Word","Low",0,-608.73
"851",67,"3",41,"31211","11","Word","High",1,571.59
"851",67,"3",42,"33247","47","Consonant String","High",1,869.48
"851",67,"3",43,"33221","21","Consonant String","High",1,958.38
"851",67,"3",44,"31223","23","Word","High",1,712.92
"851",67,"3",45,"33231","31","Consonant String","High",1,559.8
"851",67,"3",47,"31219","19","Word","High",1,474.66
"851",67,"3",48,"32120","20","Pseudo-Word","Low",1,569.52
"851",67,"3",49,"32146","46","Pseudo-Word","Low",1,605.39
"851",67,"3",50,"31118","18","Word","Low",1,494.92
"851",67,"3",51,"33134","34","Consonant String","Low",1,562.46
"852",33,"4",1,"41216","16","Word","High",0,-630.77
"852",33,"4",57,"41121","21","Word","Low",1,545.28
"852",33,"4",68,"42133","33","Pseudo-Word","Low",1,599.17
"852",33,"4",79,"42107","07","Pseudo-Word","Low",1,612.03
"852",33,"4",90,"43129","29","Consonant String","Low",1,741.23
"852",33,"4",101,"43240","40","Consonant String","High",0,-774.11
"852",33,"4",112,"42135","35","Pseudo-Word","Low",0,-870.33
"852",33,"4",123,"43216","16","Consonant String","High",0,-1178.56
"852",33,"4",134,"42113","13","Pseudo-Word","Low",1,1039.15
"852",33,"4",2,"41226","26","Word","High",1,632.7
"852",33,"4",13,"41220","20","Word","High",0,-1013.24
"852",33,"4",24,"42214","14","Pseudo-Word","High",1,728.48
"852",33,"4",35,"42228","28","Pseudo-Word","High",0,-1019.03
"852",33,"4",46,"42238","38","Pseudo-Word","High",1,830.26
"852",33,"4",52,"41137","37","Word","Low",1,632.8
"852",33,"4",53,"42141","41","Pseudo-Word","Low",1,698.34
"852",33,"4",54,"41212","12","Word","High",1,775.24
"852",33,"4",55,"41232","32","Word","High",1,603.76
"852",33,"4",56,"42240","40","Pseudo-Word","High",1,812.63
"852",33,"4",58,"41210","10","Word","High",1,631.85
"852",33,"4",59,"42242","42","Pseudo-Word","High",0,-636.38
"852",33,"4",60,"42202","02","Pseudo-Word","High",0,-700.92
"852",33,"4",61,"42244","44","Pseudo-Word","High",1,920.81
"852",33,"4",62,"43107","07","Consonant String","Low",1,619.01
"852",33,"4",63,"43222","22","Consonant String","High",1,580.21
"852",33,"4",64,"41131","31","Word","Low",1,535.74
"852",33,"4",65,"41218","18","Word","High",0,-640.28
"852",33,"4",66,"43238","38","Consonant String","High",1,643.81
"852",33,"4",67,"41204","04","Word","High",1,613.67
"852",33,"4",69,"41224","24","Word","High",0,-510.87
"852",33,"4",70,"43125","25","Consonant String","Low",1,598.06
"852",33,"4",71,"41129","29","Word","Low",0,-851.94
"852",33,"4",72,"43123","23","Consonant String","Low",1,1012.84
"852",33,"4",73,"43220","20","Consonant String","High",0,-1002.08
"852",33,"4",74,"42109","09","Pseudo-Word","Low",1,675.97
"852",33,"4",75,"41244","44","Word","High",1,644.5
"852",33,"4",76,"42248","48","Pseudo-Word","High",1,687.38
"852",33,"4",77,"41206","06","Word","High",1,620.91
"852",33,"4",78,"41228","28","Word","High",1,551.11
"852",33,"4",80,"42117","17","Pseudo-Word","Low",1,771.98
"852",33,"4",81,"43204","04","Consonant String","High",1,993.2
"852",33,"4",82,"43135","35","Consonant String","Low",0,-655.09
"852",33,"4",83,"43139","39","Consonant String","Low",1,1239.97
"852",33,"4",84,"42139","39","Pseudo-Word","Low",1,1131.57
"852",33,"4",85,"42125","25","Pseudo-Word","Low",1,609.12
"852",33,"4",86,"43137","37","Consonant String","Low",1,673.33
"852",33,"4",87,"43117","17","Consonant String","Low",0,-1381.56
"852",33,"4",88,"42105","05","Pseudo-Word","Low",1,782.13
"852",33,"4",89,"41127","27","Word","Low",1,645.68
"852",33,"4",91,"42218","18","Pseudo-Word","High",0,-737.55
"852",33,"4",92,"41125","25","Word","Low",1,566.09
"852",33,"4",93,"41119","19","Word","Low",0,-730.3
"852",33,"4",94,"43232","32","Consonant String","High",1,541.82
"852",33,"4",95,"43228","28","Consonant String","High",1,824.7
"852",33,"4",96,"41246","46","Word","High",1,1013.93
"852",33,"4",97,"41103","03","Word","Low",1,567.14
"852",33,"4",98,"42147","47","Pseudo-Word","Low",0,-755.36
"852",33,"4",99,"42210","10","Pseudo-Word","High",1,848.23
"852",33,"4",100,"43143","43","Consonant String","Low",1,716.11
"852",33,"4",102,"43236","36","Consonant String","High",1,935.33
"852",33,"4",103,"41101","01","Word","Low",1,781.89
"852",33,"4",104,"42246","46","Pseudo-Word","High",0,-967.44
"852",33,"4",105,"43133","33","Consonant String","Low",1,743.67
"852",33,"4",106,"41202","02","Word","High",0,-949.56
"852",33,"4",107,"43113","13","Consonant String","Low",0,-958.45
"852",33,"4",108,"41222","22","Word","High",1,606.34
"852",33,"4",109,"41115","15","Word","Low",1,934.22
"852",33,"4",110,"43244","44","Consonant String","High",0,-995.78
"852",33,"4",111,"43230","30","Consonant String","High",0,-704.67
"852",33,"4",113,"42230","30","Pseudo-Word","High",0,-885.55
"852",33,"4",114,"42127","27","Pseudo-Word","Low",1,524.1
"852",33,"4",115,"43131","31","Consonant String","Low",1,710.29
"852",33,"4",116,"42143","43","Pseudo-Word","Low",0,-604.87
"852",33,"4",117,"42119","19","Pseudo-Word","Low",1,509.74
"852",33,"4",118,"43103","03","Consonant String","Low",1,561.93
"852",33,"4",119,"41234","34","Word","High",1,464.12
"852",33,"4",120,"41133","33","Word","Low",1,453.3
"852",33,"4",121,"42234","34","Pseudo-Word","High",1,589.16
"852",33,"4",122,"42236","36","Pseudo-Word","High",1,897.7
"852",33,"4",124,"43147","47","Consonant String","Low",0,-705.58
"852",33,"4",125,"42111","11","Pseudo-Word","Low",1,814.47
"852",33,"4",126,"43208","08","Consonant String","High",1,733.68
"852",33,"4",127,"41113","13","Word","Low",1,645.22
"852",33,"4",128,"41117","17","Word","Low",1,463.09
"852",33,"4",129,"43242","42","Consonant String","High",1,723.28
"852",33,"4",130,"43141","41","Consonant String","Low",1,651.48
"852",33,"4",131,"42232","32","Pseudo-Word","High",1,560.35
"852",33,"4",132,"42220","20","Pseudo-Word","High",1,568.55
"852",33,"4",133,"41238","38","Word","High",1,607.74
"852",33,"4",135,"42101","01","Pseudo-Word","Low",1,568.95
"852",33,"4",136,"41107","07","Word","Low",1,658.13
"852",33,"4",137,"42208","08","Pseudo-Word","High",1,765.01
"852",33,"4",138,"43145","45","Consonant String","Low",1,643.22
"852",33,"4",139,"41139","39","Word","Low",1,570.08
"852",33,"4",140,"42222","22","Pseudo-Word","High",1,489.28
"852",33,"4",141,"43127","27","Consonant String","Low",1,531.8
"852",33,"4",142,"42224","24","Pseudo-Word","High",1,512.32
"852",33,"4",143,"43246","46","Consonant String","High",0,-746.53
"852",33,"4",144,"42103","03","Pseudo-Word","Low",1,514.39
"852",33,"4",3,"41147","47","Word","Low",1,496.58
"852",33,"4",4,"43212","12","Consonant String","High",0,-798.45
"852",33,"4",5,"41230","30","Word","High",0,-506.31
"852",33,"4",6,"42212","12","Pseudo-Word","High",1,488.18
"852",33,"4",7,"41141","41","Word","Low",1,597.7
"852",33,"4",8,"43119","19","Consonant String","Low",1,772.57
"852",33,"4",9,"42216","16","Pseudo-Word","High",1,479.77
"852",33,"4",10,"42137","37","Pseudo-Word","Low",1,650.3
"852",33,"4",11,"42204","04","Pseudo-Word","High",1,474.16
"852",33,"4",12,"41236","36","Word","High",1,555.34
"852",33,"4",14,"41135","35","Word","Low",0,-817.21
"852",33,"4",15,"42121","21","Pseudo-Word","Low",1,760.43
"852",33,"4",16,"43101","01","Consonant String","Low",0,-649.64
"852",33,"4",17,"41240","40","Word","High",1,536.5
"852",33,"4",18,"43206","06","Consonant String","High",1,885.05
"852",33,"4",19,"42123","23","Pseudo-Word","Low",1,516.59
"852",33,"4",20,"43105","05","Consonant String","Low",1,1013.79
"852",33,"4",21,"42145","45","Pseudo-Word","Low",1,708.02
"852",33,"4",22,"43111","11","Consonant String","Low",1,599.23
"852",33,"4",23,"41109","09","Word","Low",1,476.08
"852",33,"4",25,"41105","05","Word","Low",1,426.6
"852",33,"4",26,"43234","34","Consonant String","High",1,533.12
"852",33,"4",27,"43115","15","Consonant String","Low",1,491.65
"852",33,"4",28,"43202","02","Consonant String","High",0,-497.5
"852",33,"4",29,"43121","21","Consonant String","Low",1,478.36
"852",33,"4",30,"41214","14","Word","High",1,512.88
"852",33,"4",31,"42115","15","Pseudo-Word","Low",1,880.08
"852",33,"4",32,"43109","09","Consonant String","Low",1,705.64
"852",33,"4",33,"43248","48","Consonant String","High",1,514.5
"852",33,"4",34,"41248","48","Word","High",1,493.69
"852",33,"4",36,"43226","26","Consonant String","High",0,-955.57
"852",33,"4",37,"43224","24","Consonant String","High",1,987.46
"852",33,"4",38,"42226","26","Pseudo-Word","High",1,797.02
"852",33,"4",39,"41111","11","Word","Low",1,614.9
"852",33,"4",40,"42131","31","Pseudo-Word","Low",1,798.1
"852",33,"4",41,"41123","23","Word","Low",1,489.97
"852",33,"4",42,"42206","06","Pseudo-Word","High",1,571.49
"852",33,"4",43,"41143","43","Word","Low",1,539.69
"852",33,"4",44,"43210","10","Consonant String","High",0,-759.22
"852",33,"4",45,"43218","18","Consonant String","High",0,-616.43
"852",33,"4",47,"41145","45","Word","Low",1,464.63
"852",33,"4",48,"42129","29","Pseudo-Word","Low",0,-727.82
"852",33,"4",49,"41242","42","Word","High",1,545.36
"852",33,"4",50,"43214","14","Consonant String","High",0,-1020.23
"852",33,"4",51,"41208","08","Word","High",1,509.46
"853",33,"1",1,"13110","10","Consonant String","Low",1,984
"853",33,"1",57,"11130","30","Word","Low",1,1085.57
"853",33,"1",68,"12207","07","Pseudo-Word","High",1,773.14
"853",33,"1",79,"12116","16","Pseudo-Word","Low",1,993.36
"853",33,"1",90,"13120","20","Consonant String","Low",1,1009.26
"853",33,"1",101,"12128","28","Pseudo-Word","Low",1,668.49
"853",33,"1",112,"11108","08","Word","Low",1,689.69
"853",33,"1",123,"11146","46","Word","Low",1,622.23
"853",33,"1",134,"11102","02","Word","Low",1,1023.45
"853",33,"1",2,"13136","36","Consonant String","Low",1,855.68
"853",33,"1",13,"12201","01","Pseudo-Word","High",0,-1142.57
"853",33,"1",24,"13227","27","Consonant String","High",1,792.48
"853",33,"1",35,"11140","40","Word","Low",1,811.37
"853",33,"1",46,"11144","44","Word","Low",1,672.58
"853",33,"1",52,"13247","47","Consonant String","High",0,-774.79
"853",33,"1",53,"13221","21","Consonant String","High",1,1769.04
"853",33,"1",54,"11237","37","Word","High",0,-1165.33
"853",33,"1",55,"12229","29","Pseudo-Word","High",0,-549.56
"853",33,"1",56,"13215","15","Consonant String","High",0,-586.42
"853",33,"1",58,"13104","04","Consonant String","Low",1,631.96
"853",33,"1",59,"12215","15","Pseudo-Word","High",0,-648.5
"853",33,"1",60,"11138","38","Word","Low",1,1080.38
"853",33,"1",61,"12239","39","Pseudo-Word","High",0,-994.95
"853",33,"1",62,"11217","17","Word","High",0,-811.86
"853",33,"1",63,"12233","33","Pseudo-Word","High",1,1143.08
"853",33,"1",64,"13146","46","Consonant String","Low",0,-1455.01
"853",33,"1",65,"12106","06","Pseudo-Word","Low",1,664.93
"853",33,"1",66,"11112","12","Word","Low",1,568.14
"853",33,"1",67,"12243","43","Pseudo-Word","High",0,-1227.35
"853",33,"1",69,"13235","35","Consonant String","High",1,895.93
"853",33,"1",70,"11247","47","Word","High",0,-1077.84
"853",33,"1",71,"11106","06","Word","Low",1,919.41
"853",33,"1",72,"11128","28","Word","Low",1,782.63
"853",33,"1",73,"12209","09","Pseudo-Word","High",0,-1358.21
"853",33,"1",74,"13140","40","Consonant String","Low",0,-1921.18
"853",33,"1",75,"13116","16","Consonant String","Low",1,817.45
"853",33,"1",76,"12108","08","Pseudo-Word","Low",1,855.66
"853",33,"1",77,"11207","07","Word","High",0,-677.54
"853",33,"1",78,"13223","23","Consonant String","High",1,1414.11
"853",33,"1",80,"11209","09","Word","High",1,611.36
"853",33,"1",81,"11148","48","Word","Low",1,1009.58
"853",33,"1",82,"12118","18","Pseudo-Word","Low",1,1036.81
"853",33,"1",83,"13114","14","Consonant String","Low",1,1189.39
"853",33,"1",84,"13239","39","Consonant String","High",0,-1211.98
"853",33,"1",85,"12213","13","Pseudo-Word","High",1,1113.23
"853",33,"1",86,"13124","24","Consonant String","Low",1,1260.49
"853",33,"1",87,"11223","23","Word","High",1,622.73
"853",33,"1",88,"11122","22","Word","Low",1,542.93
"853",33,"1",89,"12225","25","Pseudo-Word","High",1,1247.82
"853",33,"1",91,"13138","38","Consonant String","Low",0,-974.73
"853",33,"1",92,"11136","36","Word","Low",1,627.95
"853",33,"1",93,"12245","45","Pseudo-Word","High",1,1664.52
"853",33,"1",94,"12219","19","Pseudo-Word","High",0,-731.79
"853",33,"1",95,"13211","11","Consonant String","High",1,567.33
"853",33,"1",96,"11203","03","Word","High",1,673.53
"853",33,"1",97,"13142","42","Consonant String","Low",0,-1305.77
"853",33,"1",98,"11243","43","Word","High",0,-891.67
"853",33,"1",99,"11239","39","Word","High",0,-639.55
"853",33,"1",100,"12211","11","Pseudo-Word","High",1,1352.12
"853",33,"1",102,"11229","29","Word","High",0,-723.03
"853",33,"1",103,"13213","13","Consonant String","High",1,724.25
"853",33,"1",104,"12142","42","Pseudo-Word","Low",1,900.47
"853",33,"1",105,"12120","20","Pseudo-Word","Low",0,-1095.36
"853",33,"1",106,"12148","48","Pseudo-Word","Low",1,1212.28
"853",33,"1",107,"13203","03","Consonant String","High",1,758.52
"853",33,"1",108,"11227","27","Word","High",1,587.39
"853",33,"1",109,"13231","31","Consonant String","High",0,-1018.94
"853",33,"1",110,"12144","44","Pseudo-Word","Low",1,608.16
"853",33,"1",111,"11132","32","Word","Low",1,707.03
"853",33,"1",113,"12132","32","Pseudo-Word","Low",1,585.9
"853",33,"1",114,"13148","48","Consonant String","Low",1,676.43
"853",33,"1",115,"13233","33","Consonant String","High",0,-1214.99
"853",33,"1",116,"11219","19","Word","High",1,741.1
"853",33,"1",117,"12146","46","Pseudo-Word","Low",1,1144.99
"853",33,"1",118,"12203","03","Pseudo-Word","High",1,498.89
"853",33,"1",119,"12205","05","Pseudo-Word","High",1,740.75
"853",33,"1",120,"13207","07","Consonant String","High",1,607.28
"853",33,"1",121,"13229","29","Consonant String","High",0,-583.15
"853",33,"1",122,"13106","06","Consonant String","Low",1,619.69
"853",33,"1",124,"12104","04","Pseudo-Word","Low",1,543.88
"853",33,"1",125,"12114","14","Pseudo-Word","Low",1,599.74
"853",33,"1",126,"12140","40","Pseudo-Word","Low",1,586.61
"853",33,"1",127,"12247","47","Pseudo-Word","High",1,646.14
"853",33,"1",128,"11233","33","Word","High",1,648.01
"853",33,"1",129,"13237","37","Consonant String","High",0,-1955.93
"853",33,"1",130,"11120","20","Word","Low",1,561.87
"853",33,"1",131,"11231","31","Word","High",1,461.07
"853",33,"1",132,"13241","41","Consonant String","High",0,-692.26
"853",33,"1",133,"13205","05","Consonant String","High",1,830.14
"853",33,"1",135,"13245","45","Consonant String","High",1,905.7
"853",33,"1",136,"11205","05","Word","High",1,549.58
"853",33,"1",137,"12112","12","Pseudo-Word","Low",1,522.44
"853",33,"1",138,"13108","08","Consonant String","Low",1,561.63
"853",33,"1",139,"11213","13","Word","High",1,1169.84
"853",33,"1",140,"11245","45","Word","High",1,682.08
"853",33,"1",141,"11126","26","Word","Low",1,600.61
"853",33,"1",142,"13132","32","Consonant String","Low",0,-601.49
"853",33,"1",143,"13128","28","Consonant String","Low",0,-713.36
"853",33,"1",144,"12237","37","Pseudo-Word","High",1,569.55
"853",33,"1",3,"13217","17","Consonant String","High",1,1188.77
"853",33,"1",4,"13209","09","Consonant String","High",1,788.35
"853",33,"1",5,"13130","30","Consonant String","Low",0,-669.88
"853",33,"1",6,"11114","14","Word","Low",1,518.09
"853",33,"1",7,"11118","18","Word","Low",1,510.28
"853",33,"1",8,"13134","34","Consonant String","Low",1,466.47
"853",33,"1",9,"13102","02","Consonant String","Low",1,1060.68
"853",33,"1",10,"13201","01","Consonant String","High",1,731.91
"853",33,"1",11,"13122","22","Consonant String","Low",1,963.45
"853",33,"1",12,"12126","26","Pseudo-Word","Low",1,572.68
"853",33,"1",14,"11235","35","Word","High",1,698.88
"853",33,"1",15,"12110","10","Pseudo-Word","Low",1,478.74
"853",33,"1",16,"11215","15","Word","High",0,-1052.28
"853",33,"1",17,"13243","43","Consonant String","High",0,-1601.22
"853",33,"1",18,"11225","25","Word","High",1,497.13
"853",33,"1",19,"11221","21","Word","High",1,638
"853",33,"1",20,"11211","11","Word","High",1,498.53
"853",33,"1",21,"13112","12","Consonant String","Low",1,578.38
"853",33,"1",22,"12138","38","Pseudo-Word","Low",1,1319.94
"853",33,"1",23,"12122","22","Pseudo-Word","Low",1,710.18
"853",33,"1",25,"12231","31","Pseudo-Word","High",1,625.38
"853",33,"1",26,"11110","10","Word","Low",1,515.92
"853",33,"1",27,"13126","26","Consonant String","Low",1,406.11
"853",33,"1",28,"11116","16","Word","Low",1,628.96
"853",33,"1",29,"13118","18","Consonant String","Low",0,-1233.53
"853",33,"1",30,"11142","42","Word","Low",1,1137.11
"853",33,"1",31,"12241","41","Pseudo-Word","High",0,-493.66
"853",33,"1",32,"11241","41","Word","High",1,443.52
"853",33,"1",33,"12221","21","Pseudo-Word","High",1,534.37
"853",33,"1",34,"11201","01","Word","High",1,920.91
"853",33,"1",36,"12235","35","Pseudo-Word","High",1,580.13
"853",33,"1",37,"13144","44","Consonant String","Low",1,1113.68
"853",33,"1",38,"12130","30","Pseudo-Word","Low",1,1058.92
"853",33,"1",39,"12102","02","Pseudo-Word","Low",1,936.16
"853",33,"1",40,"12227","27","Pseudo-Word","High",1,626.7
"853",33,"1",41,"12124","24","Pseudo-Word","Low",0,-654.25
"853",33,"1",42,"12136","36","Pseudo-Word","Low",1,609.11
"853",33,"1",43,"11104","04","Word","Low",1,504.31
"853",33,"1",44,"12223","23","Pseudo-Word","High",1,653.17
"853",33,"1",45,"12134","34","Pseudo-Word","Low",1,482.04
"853",33,"1",47,"11134","34","Word","Low",1,534.55
"853",33,"1",48,"11124","24","Word","Low",0,-518.09
"853",33,"1",49,"13225","25","Consonant String","High",1,891.28
"853",33,"1",50,"12217","17","Pseudo-Word","High",0,-531.16
"853",33,"1",51,"13219","19","Consonant String","High",0,-833.69
"854",33,"2",1,"22218","18","Pseudo-Word","High",1,1679.14
"854",33,"2",57,"21202","02","Word","High",0,-1470.77
"854",33,"2",68,"23242","42","Consonant String","High",0,-1348.05
"854",33,"2",79,"21105","05","Word","Low",1,852.96
"854",33,"2",90,"23244","44","Consonant String","High",0,-1107.86
"854",33,"2",101,"21101","01","Word","Low",1,1050.1
"854",33,"2",112,"21242","42","Word","High",1,1011.01
"854",33,"2",123,"23139","39","Consonant String","Low",0,-1776.28
"854",33,"2",134,"23208","08","Consonant String","High",1,739.88
"854",33,"2",2,"23204","04","Consonant String","High",0,-1098.44
"854",33,"2",13,"21111","11","Word","Low",1,696.33
"854",33,"2",24,"23238","38","Consonant String","High",0,-1648.24
"854",33,"2",35,"23141","41","Consonant String","Low",1,1343.2
"854",33,"2",46,"22113","13","Pseudo-Word","Low",0,-1087.13
"854",33,"2",52,"21224","24","Word","High",1,1280.71
"854",33,"2",53,"22137","37","Pseudo-Word","Low",1,774.28
"854",33,"2",54,"21131","31","Word","Low",1,863.5
"854",33,"2",55,"21135","35","Word","Low",1,1906.77
"854",33,"2",56,"22105","05","Pseudo-Word","Low",1,764.71
"854",33,"2",58,"21244","44","Word","High",0,-859.92
"854",33,"2",59,"21220","20","Word","High",1,2012.2
"854",33,"2",60,"21222","22","Word","High",1,680.47
"854",33,"2",61,"23133","33","Consonant String","Low",0,-678.01
"854",33,"2",62,"21228","28","Word","High",0,-1346.58
"854",33,"2",63,"22228","28","Pseudo-Word","High",1,769.48
"854",33,"2",64,"22125","25","Pseudo-Word","Low",1,1936.75
"854",33,"2",65,"21240","40","Word","High",1,1272.38
"854",33,"2",66,"22224","24","Pseudo-Word","High",1,627.61
"854",33,"2",67,"21232","32","Word","High",0,-741.16
"854",33,"2",69,"23109","09","Consonant String","Low",1,725.03
"854",33,"2",70,"21103","03","Word","Low",1,694.23
"854",33,"2",71,"21238","38","Word","High",1,1133.13
"854",33,"2",72,"22109","09","Pseudo-Word","Low",1,720.69
"854",33,"2",73,"22226","26","Pseudo-Word","High",1,899.91
"854",33,"2",74,"23137","37","Consonant String","Low",1,723.8
"854",33,"2",75,"22145","45","Pseudo-Word","Low",0,-1464.04
"854",33,"2",76,"23105","05","Consonant String","Low",0,-1361.31
"854",33,"2",77,"21226","26","Word","High",1,730.56
"854",33,"2",78,"21204","04","Word","High",1,721.1
"854",33,"2",80,"23131","31","Consonant String","Low",1,975.32
"854",33,"2",81,"22107","07","Pseudo-Word","Low",1,592.87
"854",33,"2",82,"21127","27","Word","Low",1,611.73
"854",33,"2",83,"21218","18","Word","High",1,697.94
"854",33,"2",84,"23226","26","Consonant String","High",1,815.82
"854",33,"2",85,"22248","48","Pseudo-Word","High",1,1349.07
"854",33,"2",86,"23216","16","Consonant String","High",1,754.97
"854",33,"2",87,"21212","12","Word","High",1,652.44
"854",33,"2",88,"21141","41","Word","Low",1,1102.73
"854",33,"2",89,"23145","45","Consonant String","Low",1,848.63
"854",33,"2",91,"21214","14","Word","High",1,540.51
"854",33,"2",92,"21109","09","Word","Low",1,587.03
"854",33,"2",93,"23218","18","Consonant String","High",0,-1245.59
"854",33,"2",94,"22147","47","Pseudo-Word","Low",1,859.5
"854",33,"2",95,"23236","36","Consonant String","High",0,-594.71
"854",33,"2",96,"21246","46","Word","High",0,-645.58
"854",33,"2",97,"22246","46","Pseudo-Word","High",1,629.45
"854",33,"2",98,"22216","16","Pseudo-Word","High",1,551.98
"854",33,"2",99,"22204","04","Pseudo-Word","High",0,-973.85
"854",33,"2",100,"22121","21","Pseudo-Word","Low",1,489.06
"854",33,"2",102,"22115","15","Pseudo-Word","Low",0,-1162.62
"854",33,"2",103,"23143","43","Consonant String","Low",0,-817.85
"854",33,"2",104,"22244","44","Pseudo-Word","High",0,-753.07
"854",33,"2",105,"21129","29","Word","Low",0,-917.95
"854",33,"2",106,"22234","34","Pseudo-Word","High",1,1280.2
"854",33,"2",107,"22202","02","Pseudo-Word","High",0,-1285.79
"854",33,"2",108,"22141","41","Pseudo-Word","Low",1,1039.37
"854",33,"2",109,"21121","21","Word","Low",1,529.93
"854",33,"2",110,"21234","34","Word","High",1,636.46
"854",33,"2",111,"21145","45","Word","Low",0,-552.99
"854",33,"2",113,"21230","30","Word","High",0,-491.84
"854",33,"2",114,"21236","36","Word","High",0,-974.72
"854",33,"2",115,"23240","40","Consonant String","High",1,689.93
"854",33,"2",116,"21117","17","Word","Low",0,-1010.27
"854",33,"2",117,"22111","11","Pseudo-Word","Low",1,559.49
"854",33,"2",118,"22117","17","Pseudo-Word","Low",1,613.68
"854",33,"2",119,"22220","20","Pseudo-Word","High",0,-1891.94
"854",33,"2",120,"23113","13","Consonant String","Low",1,1195.9
"854",33,"2",121,"22240","40","Pseudo-Word","High",0,-967.8
"854",33,"2",122,"21139","39","Word","Low",1,729.03
"854",33,"2",124,"23119","19","Consonant String","Low",1,664.57
"854",33,"2",125,"22101","01","Pseudo-Word","Low",0,-828.79
"854",33,"2",126,"21119","19","Word","Low",1,700.34
"854",33,"2",127,"22123","23","Pseudo-Word","Low",1,520.2
"854",33,"2",128,"22131","31","Pseudo-Word","Low",1,697.39
"854",33,"2",129,"21210","10","Word","High",1,570.26
"854",33,"2",130,"22208","08","Pseudo-Word","High",1,791.46
"854",33,"2",131,"23107","07","Consonant String","Low",0,-575.34
"854",33,"2",132,"23125","25","Consonant String","Low",1,884.88
"854",33,"2",133,"22139","39","Pseudo-Word","Low",0,-1328.45
"854",33,"2",135,"22119","19","Pseudo-Word","Low",0,-997.05
"854",33,"2",136,"22129","29","Pseudo-Word","Low",0,-2166.99
"854",33,"2",137,"23121","21","Consonant String","Low",1,597.28
"854",33,"2",138,"21206","06","Word","High",1,686.15
"854",33,"2",139,"21147","47","Word","Low",1,849.69
"854",33,"2",140,"21137","37","Word","Low",1,711.58
"854",33,"2",141,"22230","30","Pseudo-Word","High",0,-570.77
"854",33,"2",142,"21216","16","Word","High",0,-712.98
"854",33,"2",143,"22242","42","Pseudo-Word","High",1,911.19
"854",33,"2",144,"23224","24","Consonant String","High",1,720.41
"854",33,"2",3,"23210","10","Consonant String","High",1,714.62
"854",33,"2",4,"22127","27","Pseudo-Word","Low",1,755.84
"854",33,"2",5,"23135","35","Consonant String","Low",1,1198.75
"854",33,"2",6,"21248","48","Word","High",1,656.63
"854",33,"2",7,"23220","20","Consonant String","High",1,709.5
"854",33,"2",8,"23246","46","Consonant String","High",0,-1805.76
"854",33,"2",9,"23222","22","Consonant String","High",1,667.68
"854",33,"2",10,"23111","11","Consonant String","Low",1,908.9
"854",33,"2",11,"23214","14","Consonant String","High",1,830.12
"854",33,"2",12,"22206","06","Pseudo-Word","High",1,1059.68
"854",33,"2",14,"21143","43","Word","Low",1,748.92
"854",33,"2",15,"22103","03","Pseudo-Word","Low",1,557.79
"854",33,"2",16,"22236","36","Pseudo-Word","High",0,-763.99
"854",33,"2",17,"21115","15","Word","Low",1,907.21
"854",33,"2",18,"22214","14","Pseudo-Word","High",1,730.1
"854",33,"2",19,"23127","27","Consonant String","Low",1,699.64
"854",33,"2",20,"21107","07","Word","Low",1,731.51
"854",33,"2",21,"23103","03","Consonant String","Low",1,857.06
"854",33,"2",22,"22222","22","Pseudo-Word","High",1,847.95
"854",33,"2",23,"23117","17","Consonant String","Low",1,921.85
"854",33,"2",25,"21113","13","Word","Low",1,652.05
"854",33,"2",26,"23232","32","Consonant String","High",1,799.93
"854",33,"2",27,"23123","23","Consonant String","Low",1,737.81
"854",33,"2",28,"22238","38","Pseudo-Word","High",1,827.36
"854",33,"2",29,"23228","28","Consonant String","High",1,1633.96
"854",33,"2",30,"22212","12","Pseudo-Word","High",1,565.53
"854",33,"2",31,"22135","35","Pseudo-Word","Low",1,764.74
"854",33,"2",32,"21125","25","Word","Low",1,691.95
"854",33,"2",33,"22232","32","Pseudo-Word","High",1,938.84
"854",33,"2",34,"22210","10","Pseudo-Word","High",1,601.38
"854",33,"2",36,"23230","30","Consonant String","High",0,-1030.27
"854",33,"2",37,"22133","33","Pseudo-Word","Low",1,651.83
"854",33,"2",38,"23147","47","Consonant String","Low",1,1109.71
"854",33,"2",39,"23212","12","Consonant String","High",1,528.93
"854",33,"2",40,"23115","15","Consonant String","Low",1,756.47
"854",33,"2",41,"22143","43","Pseudo-Word","Low",0,-588.34
"854",33,"2",42,"23202","02","Consonant String","High",0,-910.89
"854",33,"2",43,"21123","23","Word","Low",1,540.1
"854",33,"2",44,"23101","01","Consonant String","Low",0,-899.64
"854",33,"2",45,"21208","08","Word","High",1,586.51
"854",33,"2",47,"23206","06","Consonant String","High",1,643.04
"854",33,"2",48,"23234","34","Consonant String","High",1,704.92
"854",33,"2",49,"23129","29","Consonant String","Low",0,-1501.83
"854",33,"2",50,"23248","48","Consonant String","High",1,825.76
"854",33,"2",51,"21133","33","Word","Low",1,2060.36
"855",50,"3",1,"32245","45","Pseudo-Word","High",0,-1189.7
"855",50,"3",57,"33148","48","Consonant String","Low",1,1005.6
"855",50,"3",68,"32136","36","Pseudo-Word","Low",1,743.82
"855",50,"3",79,"31134","34","Word","Low",1,588.01
"855",50,"3",90,"33201","01","Consonant String","High",1,1033.89
"855",50,"3",101,"33211","11","Consonant String","High",0,-1198.81
"855",50,"3",112,"32235","35","Pseudo-Word","High",0,-1747.07
"855",50,"3",123,"32209","09","Pseudo-Word","High",1,958.34
"855",50,"3",134,"32104","04","Pseudo-Word","Low",1,616.55
"855",50,"3",2,"33207","07","Consonant String","High",0,-921.09
"855",50,"3",13,"32138","38","Pseudo-Word","Low",1,955.65
"855",50,"3",24,"31104","04","Word","Low",1,863.87
"855",50,"3",35,"33126","26","Consonant String","Low",1,585.41
"855",50,"3",46,"32106","06","Pseudo-Word","Low",1,863.28
"855",50,"3",52,"31217","17","Word","High",1,833.84
"855",50,"3",53,"31148","48","Word","Low",1,506.7
"855",50,"3",54,"31112","12","Word","Low",1,538.89
"855",50,"3",55,"31130","30","Word","Low",1,503.74
"855",50,"3",56,"32132","32","Pseudo-Word","Low",1,520.93
"855",50,"3",58,"33237","37","Consonant String","High",1,705.46
"855",50,"3",59,"32146","46","Pseudo-Word","Low",0,-1167.68
"855",50,"3",60,"31122","22","Word","Low",1,529.23
"855",50,"3",61,"31126","26","Word","Low",1,720.1
"855",50,"3",62,"33140","40","Consonant String","Low",1,1404.65
"855",50,"3",63,"31120","20","Word","Low",1,529.89
"855",50,"3",64,"31237","37","Word","High",1,793.75
"855",50,"3",65,"32229","29","Pseudo-Word","High",1,1060.99
"855",50,"3",66,"33136","36","Consonant String","Low",1,929.54
"855",50,"3",67,"31124","24","Word","Low",1,778.43
"855",50,"3",69,"33104","04","Consonant String","Low",1,769.31
"855",50,"3",70,"33102","02","Consonant String","Low",1,1520.88
"855",50,"3",71,"33203","03","Consonant String","High",0,-1181.47
"855",50,"3",72,"31203","03","Word","High",1,821.37
"855",50,"3",73,"31239","39","Word","High",1,1153.93
"855",50,"3",74,"31110","10","Word","Low",1,620.16
"855",50,"3",75,"32203","03","Pseudo-Word","High",1,1099.71
"855",50,"3",76,"32110","10","Pseudo-Word","Low",1,775.94
"855",50,"3",77,"33130","30","Consonant String","Low",1,1628.84
"855",50,"3",78,"32108","08","Pseudo-Word","Low",1,497.76
"855",50,"3",80,"32243","43","Pseudo-Word","High",1,1160.96
"855",50,"3",81,"32140","40","Pseudo-Word","Low",1,895.54
"855",50,"3",82,"31205","05","Word","High",1,576.75
"855",50,"3",83,"33217","17","Consonant String","High",0,-976.62
"855",50,"3",84,"31247","47","Word","High",1,742.5
"855",50,"3",85,"31221","21","Word","High",1,771.72
"855",50,"3",86,"32221","21","Pseudo-Word","High",1,1058.27
"855",50,"3",87,"31219","19","Word","High",1,598.49
"855",50,"3",88,"31227","27","Word","High",1,769.69
"855",50,"3",89,"32219","19","Pseudo-Word","High",1,598.22
"855",50,"3",91,"33225","25","Consonant String","High",1,1020.44
"855",50,"3",92,"31102","02","Word","Low",1,828
"855",50,"3",93,"31245","45","Word","High",0,-1450.9
"855",50,"3",94,"31116","16","Word","Low",1,624.14
"855",50,"3",95,"32215","15","Pseudo-Word","High",1,861.69
"855",50,"3",96,"33118","18","Consonant String","Low",1,715.22
"855",50,"3",97,"33219","19","Consonant String","High",1,894.77
"855",50,"3",98,"31215","15","Word","High",1,666.98
"855",50,"3",99,"32213","13","Pseudo-Word","High",1,837.52
"855",50,"3",100,"31223","23","Word","High",1,753.41
"855",50,"3",102,"32231","31","Pseudo-Word","High",1,643.6
"855",50,"3",103,"31142","42","Word","Low",1,558.79
"855",50,"3",104,"31207","07","Word","High",1,804.34
"855",50,"3",105,"31211","11","Word","High",0,-1080.55
"855",50,"3",106,"31108","08","Word","Low",1,565.45
"855",50,"3",107,"32247","47","Pseudo-Word","High",1,526.96
"855",50,"3",108,"33134","34","Consonant String","Low",1,620.82
"855",50,"3",109,"32142","42","Pseudo-Word","Low",1,818.36
"855",50,"3",110,"32134","34","Pseudo-Word","Low",1,586.9
"855",50,"3",111,"33146","46","Consonant String","Low",0,-1121.77
"855",50,"3",113,"33108","08","Consonant String","Low",1,613.33
"855",50,"3",114,"33223","23","Consonant String","High",1,908.87
"855",50,"3",115,"33110","10","Consonant String","Low",1,479.41
"855",50,"3",116,"31213","13","Word","High",1,999.82
"855",50,"3",117,"32148","48","Pseudo-Word","Low",1,720.04
"855",50,"3",118,"32223","23","Pseudo-Word","High",1,638.57
"855",50,"3",119,"33221","21","Consonant String","High",1,660.44
"855",50,"3",120,"32237","37","Pseudo-Word","High",1,729.98
"855",50,"3",121,"32201","01","Pseudo-Word","High",1,1148.87
"855",50,"3",122,"32225","25","Pseudo-Word","High",1,739.1
"855",50,"3",124,"33124","24","Consonant String","Low",1,1015.99
"855",50,"3",125,"33128","28","Consonant String","Low",1,1732.57
"855",50,"3",126,"31144","44","Word","Low",1,596.49
"855",50,"3",127,"32122","22","Pseudo-Word","Low",1,725.69
"855",50,"3",128,"32211","11","Pseudo-Word","High",1,788.56
"855",50,"3",129,"33114","14","Consonant String","Low",0,-937.45
"855",50,"3",130,"32102","02","Pseudo-Word","Low",1,738.33
"855",50,"3",131,"32144","44","Pseudo-Word","Low",1,632.21
"855",50,"3",132,"32233","33","Pseudo-Word","High",1,578.07
"855",50,"3",133,"33231","31","Consonant String","High",0,-1349.96
"855",50,"3",135,"32205","05","Pseudo-Word","High",1,908.21
"855",50,"3",136,"32239","39","Pseudo-Word","High",1,554.41
"855",50,"3",137,"33209","09","Consonant String","High",0,-689.61
"855",50,"3",138,"32118","18","Pseudo-Word","Low",1,519.46
"855",50,"3",139,"33233","33","Consonant String","High",0,-1250.02
"855",50,"3",140,"32114","14","Pseudo-Word","Low",1,608.25
"855",50,"3",141,"32124","24","Pseudo-Word","Low",1,578.44
"855",50,"3",142,"31225","25","Word","High",1,754.31
"855",50,"3",143,"31138","38","Word","Low",1,507.51
"855",50,"3",144,"33239","39","Consonant String","High",1,1044.71
"855",50,"3",3,"32227","27","Pseudo-Word","High",1,693.94
"855",50,"3",4,"32128","28","Pseudo-Word","Low",1,965.15
"855",50,"3",5,"31118","18","Word","Low",1,482.69
"855",50,"3",6,"32217","17","Pseudo-Word","High",1,1043.57
"855",50,"3",7,"32207","07","Pseudo-Word","High",0,-535.78
"855",50,"3",8,"33112","12","Consonant String","Low",1,513.64
"855",50,"3",9,"33132","32","Consonant String","Low",0,-1244.18
"855",50,"3",10,"31201","01","Word","High",1,967.42
"855",50,"3",11,"32130","30","Pseudo-Word","Low",1,614.98
"855",50,"3",12,"33116","16","Consonant String","Low",1,714.51
"855",50,"3",14,"33227","27","Consonant String","High",1,764.05
"855",50,"3",15,"31241","41","Word","High",1,621.59
"855",50,"3",16,"31128","28","Word","Low",1,934.13
"855",50,"3",17,"33243","43","Consonant String","High",1,969.02
"855",50,"3",18,"31146","46","Word","Low",1,667.57
"855",50,"3",19,"31136","36","Word","Low",1,548.1
"855",50,"3",20,"31243","43","Word","High",1,701.31
"855",50,"3",21,"32112","12","Pseudo-Word","Low",1,516.5
"855",50,"3",22,"33213","13","Consonant String","High",0,-1669.06
"855",50,"3",23,"33144","44","Consonant String","Low",1,1574.68
"855",50,"3",25,"32120","20","Pseudo-Word","Low",1,629.27
"855",50,"3",26,"31140","40","Word","Low",1,544.13
"855",50,"3",27,"31114","14","Word","Low",1,551.32
"855",50,"3",28,"32241","41","Pseudo-Word","High",1,576.51
"855",50,"3",29,"33247","47","Consonant String","High",1,1114.4
"855",50,"3",30,"31132","32","Word","Low",1,1117.97
"855",50,"3",31,"32116","16","Pseudo-Word","Low",1,746.53
"855",50,"3",32,"31235","35","Word","High",0,-1421.77
"855",50,"3",33,"31233","33","Word","High",0,-1656.38
"855",50,"3",34,"33241","41","Consonant String","High",1,511.63
"855",50,"3",36,"33235","35","Consonant String","High",1,734.16
"855",50,"3",37,"31106","06","Word","Low",1,1283.06
"855",50,"3",38,"33122","22","Consonant String","Low",1,1051.97
"855",50,"3",39,"33106","06","Consonant String","Low",0,-1048.2
"855",50,"3",40,"33142","42","Consonant String","Low",0,-1133.44
"855",50,"3",41,"33229","29","Consonant String","High",1,1682.38
"855",50,"3",42,"31209","09","Word","High",1,1208.33
"855",50,"3",43,"31229","29","Word","High",1,880.56
"855",50,"3",44,"31231","31","Word","High",1,939.45
"855",50,"3",45,"33245","45","Consonant String","High",0,-1235.36
"855",50,"3",47,"33120","20","Consonant String","Low",1,1212.28
"855",50,"3",48,"33205","05","Consonant String","High",0,-1892.89
"855",50,"3",49,"33138","38","Consonant String","Low",1,708.16
"855",50,"3",50,"33215","15","Consonant String","High",1,798.37
"855",50,"3",51,"32126","26","Pseudo-Word","Low",1,693.58
"856",33,"4",1,"41216","16","Word","High",0,-1328.91
"856",33,"4",57,"43107","07","Consonant String","Low",1,1064.51
"856",33,"4",68,"43226","26","Consonant String","High",1,1354.75
"856",33,"4",79,"41224","24","Word","High",1,1304.69
"856",33,"4",90,"42103","03","Pseudo-Word","Low",1,1154.61
"856",33,"4",101,"42113","13","Pseudo-Word","Low",0,-1144.53
"856",33,"4",112,"42111","11","Pseudo-Word","Low",1,999.45
"856",33,"4",123,"42115","15","Pseudo-Word","Low",0,-1159.35
"856",33,"4",134,"42210","10","Pseudo-Word","High",1,1773.64
"856",33,"4",2,"43145","45","Consonant String","Low",1,1675.94
"856",33,"4",13,"43125","25","Consonant String","Low",1,1639.57
"856",33,"4",24,"43204","04","Consonant String","High",0,-1117.18
"856",33,"4",35,"43234","34","Consonant String","High",0,-1677.46
"856",33,"4",46,"42206","06","Pseudo-Word","High",1,1400.08
"856",33,"4",52,"41145","45","Word","Low",1,920.01
"856",33,"4",53,"41234","34","Word","High",1,928.23
"856",33,"4",54,"41147","47","Word","Low",1,1429.82
"856",33,"4",55,"41115","15","Word","Low",1,865.4
"856",33,"4",56,"41242","42","Word","High",1,1008.64
"856",33,"4",58,"43131","31","Consonant String","Low",0,-1181.55
"856",33,"4",59,"42121","21","Pseudo-Word","Low",1,1130.13
"856",33,"4",60,"41131","31","Word","Low",1,1222.71
"856",33,"4",61,"41129","29","Word","Low",1,1006.97
"856",33,"4",62,"42202","02","Pseudo-Word","High",0,-1065.88
"856",33,"4",63,"43143","43","Consonant String","Low",1,1043.12
"856",33,"4",64,"41240","40","Word","High",1,1085.03
"856",33,"4",65,"43220","20","Consonant String","High",1,1040.61
"856",33,"4",66,"41222","22","Word","High",1,997.18
"856",33,"4",67,"41101","01","Word","Low",1,893.08
"856",33,"4",69,"41232","32","Word","High",1,755.96
"856",33,"4",70,"42230","30","Pseudo-Word","High",1,994.86
"856",33,"4",71,"43133","33","Consonant String","Low",1,1236.77
"856",33,"4",72,"43141","41","Consonant String","Low",0,-1341.37
"856",33,"4",73,"42204","04","Pseudo-Word","High",1,1195.3
"856",33,"4",74,"42208","08","Pseudo-Word","High",0,-877.21
"856",33,"4",75,"43248","48","Consonant String","High",1,1589.79
"856",33,"4",76,"41141","41","Word","Low",1,1008.4
"856",33,"4",77,"42145","45","Pseudo-Word","Low",1,1015.31
"856",33,"4",78,"41202","02","Word","High",0,-1014.55
"856",33,"4",80,"43103","03","Consonant String","Low",1,1192.8
"856",33,"4",81,"42216","16","Pseudo-Word","High",1,952.7
"856",33,"4",82,"41238","38","Word","High",1,1025.6
"856",33,"4",83,"42133","33","Pseudo-Word","Low",1,911.17
"856",33,"4",84,"42232","32","Pseudo-Word","High",1,891.4
"856",33,"4",85,"43240","40","Consonant String","High",1,922.29
"856",33,"4",86,"42220","20","Pseudo-Word","High",1,828.53
"856",33,"4",87,"42248","48","Pseudo-Word","High",1,623.07
"856",33,"4",88,"42129","29","Pseudo-Word","Low",1,769.28
"856",33,"4",89,"41214","14","Word","High",1,682.48
"856",33,"4",91,"43111","11","Consonant String","Low",0,-991.04
"856",33,"4",92,"41107","07","Word","Low",1,764.6
"856",33,"4",93,"42127","27","Pseudo-Word","Low",1,1376.83
"856",33,"4",94,"43236","36","Consonant String","High",1,1096.43
"856",33,"4",95,"41206","06","Word","High",1,1444.36
"856",33,"4",96,"42236","36","Pseudo-Word","High",1,1302.31
"856",33,"4",97,"42123","23","Pseudo-Word","Low",1,801.22
"856",33,"4",98,"41220","20","Word","High",1,866.1
"856",33,"4",99,"42234","34","Pseudo-Word","High",1,860.32
"856",33,"4",100,"42228","28","Pseudo-Word","High",1,1027.56
"856",33,"4",102,"43139","39","Consonant String","Low",0,-931.13
"856",33,"4",103,"43121","21","Consonant String","Low",1,1118.7
"856",33,"4",104,"42117","17","Pseudo-Word","Low",1,1272.94
"856",33,"4",105,"41139","39","Word","Low",1,679.18
"856",33,"4",106,"43137","37","Consonant String","Low",0,-1565.75
"856",33,"4",107,"42214","14","Pseudo-Word","High",1,1327.06
"856",33,"4",108,"43105","05","Consonant String","Low",1,980.64
"856",33,"4",109,"41123","23","Word","Low",1,795.21
"856",33,"4",110,"42224","24","Pseudo-Word","High",0,-1220.11
"856",33,"4",111,"41103","03","Word","Low",1,609.34
"856",33,"4",113,"43113","13","Consonant String","Low",0,-1158.56
"856",33,"4",114,"43222","22","Consonant String","High",1,1860.51
"856",33,"4",115,"41127","27","Word","Low",1,778.79
"856",33,"4",116,"42139","39","Pseudo-Word","Low",1,971.56
"856",33,"4",117,"43246","46","Consonant String","High",0,-864.79
"856",33,"4",118,"42105","05","Pseudo-Word","Low",1,903.01
"856",33,"4",119,"43101","01","Consonant String","Low",0,-905.9
"856",33,"4",120,"41208","08","Word","High",1,1026.81
"856",33,"4",121,"43242","42","Consonant String","High",1,1510.4
"856",33,"4",122,"43208","08","Consonant String","High",1,1185.68
"856",33,"4",124,"42212","12","Pseudo-Word","High",1,972.26
"856",33,"4",125,"41121","21","Word","Low",1,815.49
"856",33,"4",126,"43117","17","Consonant String","Low",0,-1200.71
"856",33,"4",127,"41246","46","Word","High",1,535.62
"856",33,"4",128,"43238","38","Consonant String","High",0,-1092.17
"856",33,"4",129,"41119","19","Word","Low",1,576.06
"856",33,"4",130,"42242","42","Pseudo-Word","High",1,626.59
"856",33,"4",131,"43230","30","Consonant String","High",1,748.13
"856",33,"4",132,"41226","26","Word","High",1,872.01
"856",33,"4",133,"42141","41","Pseudo-Word","Low",1,1388.26
"856",33,"4",135,"41143","43","Word","Low",0,-1260.86
"856",33,"4",136,"42101","01","Pseudo-Word","Low",1,1278.65
"856",33,"4",137,"43228","28","Consonant String","High",1,1038.71
"856",33,"4",138,"43210","10","Consonant String","High",1,1323.3
"856",33,"4",139,"41133","33","Word","Low",1,732.54
"856",33,"4",140,"43244","44","Consonant String","High",0,-1111.1
"856",33,"4",141,"42238","38","Pseudo-Word","High",1,970.35
"856",33,"4",142,"42131","31","Pseudo-Word","Low",1,700.57
"856",33,"4",143,"41125","25","Word","Low",1,746.45
"856",33,"4",144,"43206","06","Consonant String","High",1,959.34
"856",33,"4",3,"42135","35","Pseudo-Word","Low",1,697.56
"856",33,"4",4,"43135","35","Consonant String","Low",1,1641.47
"856",33,"4",5,"42226","26","Pseudo-Word","High",1,1133.43
"856",33,"4",6,"41212","12","Word","High",1,691.99
"856",33,"4",7,"43202","02","Consonant String","High",0,-1239.89
"856",33,"4",8,"42218","18","Pseudo-Word","High",1,1113.47
"856",33,"4",9,"41230","30","Word","High",1,656.7
"856",33,"4",10,"41210","10","Word","High",1,981.58
"856",33,"4",11,"42107","07","Pseudo-Word","Low",1,1358.16
"856",33,"4",12,"42119","19","Pseudo-Word","Low",1,1050.1
"856",33,"4",14,"43212","12","Consonant String","High",0,-1099.01
"856",33,"4",15,"42109","09","Pseudo-Word","Low",0,-1113.92
"856",33,"4",16,"42244","44","Pseudo-Word","High",1,1166.17
"856",33,"4",17,"42246","46","Pseudo-Word","High",0,-1393.44
"856",33,"4",18,"41218","18","Word","High",1,897.35
"856",33,"4",19,"41248","48","Word","High",1,1048.26
"856",33,"4",20,"43109","09","Consonant String","Low",0,-1053.17
"856",33,"4",21,"41236","36","Word","High",1,1567.1
"856",33,"4",22,"43115","15","Consonant String","Low",1,1226.38
"856",33,"4",23,"43216","16","Consonant String","High",0,-897.96
"856",33,"4",25,"41204","04","Word","High",1,982.85
"856",33,"4",26,"41109","09","Word","Low",1,787.42
"856",33,"4",27,"42137","37","Pseudo-Word","Low",1,654.96
"856",33,"4",28,"42125","25","Pseudo-Word","Low",0,-1730.87
"856",33,"4",29,"43127","27","Consonant String","Low",1,721.47
"856",33,"4",30,"43218","18","Consonant String","High",0,-835.69
"856",33,"4",31,"41137","37","Word","Low",1,624.23
"856",33,"4",32,"42222","22","Pseudo-Word","High",1,1021.45
"856",33,"4",33,"41228","28","Word","High",1,780.67
"856",33,"4",34,"43232","32","Consonant String","High",0,-1033.24
"856",33,"4",36,"43119","19","Consonant String","Low",0,-987.82
"856",33,"4",37,"42240","40","Pseudo-Word","High",0,-998.38
"856",33,"4",38,"43129","29","Consonant String","Low",1,909.28
"856",33,"4",39,"41135","35","Word","Low",1,1275.52
"856",33,"4",40,"43123","23","Consonant String","Low",1,1043.11
"856",33,"4",41,"41111","11","Word","Low",1,1024.03
"856",33,"4",42,"43147","47","Consonant String","Low",1,816.25
"856",33,"4",43,"41113","13","Word","Low",1,962.48
"856",33,"4",44,"41117","17","Word","Low",1,723.71
"856",33,"4",45,"43224","24","Consonant String","High",0,-694.92
"856",33,"4",47,"41105","05","Word","Low",1,714.79
"856",33,"4",48,"41244","44","Word","High",1,694
"856",33,"4",49,"42143","43","Pseudo-Word","Low",1,932.9
"856",33,"4",50,"43214","14","Consonant String","High",1,1628.48
"856",33,"4",51,"42147","47","Pseudo-Word","Low",0,-1185.09
"857",33,"1",1,"13118","18","Consonant String","Low",1,853.05
"857",33,"1",57,"11130","30","Word","Low",0,-940.94
"857",33,"1",68,"12229","29","Pseudo-Word","High",0,-1084.51
"857",33,"1",79,"11122","22","Word","Low",1,779.08
"857",33,"1",90,"12142","42","Pseudo-Word","Low",0,-1145.65
"857",33,"1",101,"11209","09","Word","High",1,1043.56
"857",33,"1",112,"12138","38","Pseudo-Word","Low",1,1577.49
"857",33,"1",123,"13108","08","Consonant String","Low",1,813.09
"857",33,"1",134,"13112","12","Consonant String","Low",1,761.31
"857",33,"1",2,"13201","01","Consonant String","High",1,1288.54
"857",33,"1",13,"12124","24","Pseudo-Word","Low",0,-717.11
"857",33,"1",24,"12215","15","Pseudo-Word","High",0,-1081.35
"857",33,"1",35,"13227","27","Consonant String","High",1,678.9
"857",33,"1",46,"11148","48","Word","Low",1,798.45
"857",33,"1",52,"13114","14","Consonant String","Low",1,548.33
"857",33,"1",53,"12114","14","Pseudo-Word","Low",1,621.19
"857",33,"1",54,"12110","10","Pseudo-Word","Low",0,-622.4
"857",33,"1",55,"11239","39","Word","High",0,-612.6
"857",33,"1",56,"11201","01","Word","High",1,761.81
"857",33,"1",58,"13146","46","Consonant String","Low",1,1049.03
"857",33,"1",59,"12144","44","Pseudo-Word","Low",1,728.93
"857",33,"1",60,"13138","38","Consonant String","Low",0,-496.46
"857",33,"1",61,"13225","25","Consonant String","High",1,516.32
"857",33,"1",62,"13124","24","Consonant String","Low",0,-623.51
"857",33,"1",63,"12223","23","Pseudo-Word","High",1,603.71
"857",33,"1",64,"13235","35","Consonant String","High",1,691.58
"857",33,"1",65,"12209","09","Pseudo-Word","High",1,537.46
"857",33,"1",66,"13136","36","Consonant String","Low",1,538.98
"857",33,"1",67,"12227","27","Pseudo-Word","High",1,673.51
"857",33,"1",69,"12201","01","Pseudo-Word","High",1,621.71
"857",33,"1",70,"13203","03","Consonant String","High",1,655.91
"857",33,"1",71,"12221","21","Pseudo-Word","High",1,699.79
"857",33,"1",72,"11118","18","Word","Low",1,757.67
"857",33,"1",73,"11126","26","Word","Low",1,551.55
"857",33,"1",74,"12247","47","Pseudo-Word","High",1,719.41
"857",33,"1",75,"13126","26","Consonant String","Low",1,664.61
"857",33,"1",76,"12122","22","Pseudo-Word","Low",1,605.81
"857",33,"1",77,"13241","41","Consonant String","High",1,631.69
"857",33,"1",78,"13116","16","Consonant String","Low",0,-534.21
"857",33,"1",80,"12231","31","Pseudo-Word","High",0,-759.76
"857",33,"1",81,"11112","12","Word","Low",1,614.96
"857",33,"1",82,"11227","27","Word","High",1,537.16
"857",33,"1",83,"11225","25","Word","High",1,611.69
"857",33,"1",84,"11217","17","Word","High",0,-851.9
"857",33,"1",85,"11245","45","Word","High",0,-662.8
"857",33,"1",86,"13219","19","Consonant String","High",0,-673.99
"857",33,"1",87,"13142","42","Consonant String","Low",0,-593.19
"857",33,"1",88,"11146","46","Word","Low",0,-1117.08
"857",33,"1",89,"13120","20","Consonant String","Low",0,-1102.32
"857",33,"1",91,"11124","24","Word","Low",1,583.22
"857",33,"1",92,"11114","14","Word","Low",1,1023.76
"857",33,"1",93,"13217","17","Consonant String","High",0,-631.99
"857",33,"1",94,"13102","02","Consonant String","Low",1,640.53
"857",33,"1",95,"13233","33","Consonant String","High",1,673.06
"857",33,"1",96,"13130","30","Consonant String","Low",0,-710.27
"857",33,"1",97,"11237","37","Word","High",1,720.48
"857",33,"1",98,"11142","42","Word","Low",1,690.7
"857",33,"1",99,"11102","02","Word","Low",1,1110.25
"857",33,"1",100,"11207","07","Word","High",0,-839.49
"857",33,"1",102,"12128","28","Pseudo-Word","Low",0,-1220.05
"857",33,"1",103,"12132","32","Pseudo-Word","Low",1,641.29
"857",33,"1",104,"12130","30","Pseudo-Word","Low",1,733.17
"857",33,"1",105,"12203","03","Pseudo-Word","High",1,775.72
"857",33,"1",106,"12140","40","Pseudo-Word","Low",1,608.26
"857",33,"1",107,"13229","29","Consonant String","High",1,496.12
"857",33,"1",108,"13211","11","Consonant String","High",0,-667.99
"857",33,"1",109,"12205","05","Pseudo-Word","High",1,746.19
"857",33,"1",110,"13215","15","Consonant String","High",0,-578.07
"857",33,"1",111,"13110","10","Consonant String","Low",1,781.61
"857",33,"1",113,"11144","44","Word","Low",1,580.15
"857",33,"1",114,"13245","45","Consonant String","High",1,677.68
"857",33,"1",115,"13209","09","Consonant String","High",1,715.22
"857",33,"1",116,"12126","26","Pseudo-Word","Low",1,514.04
"857",33,"1",117,"11128","28","Word","Low",1,653.24
"857",33,"1",118,"11134","34","Word","Low",1,520.11
"857",33,"1",119,"12118","18","Pseudo-Word","Low",1,533.3
"857",33,"1",120,"12239","39","Pseudo-Word","High",1,541.83
"857",33,"1",121,"12211","11","Pseudo-Word","High",1,697.7
"857",33,"1",122,"12146","46","Pseudo-Word","Low",0,-786.57
"857",33,"1",124,"12233","33","Pseudo-Word","High",1,544.11
"857",33,"1",125,"12104","04","Pseudo-Word","Low",1,976.99
"857",33,"1",126,"11132","32","Word","Low",1,602.54
"857",33,"1",127,"11106","06","Word","Low",1,538.41
"857",33,"1",128,"11243","43","Word","High",1,656.94
"857",33,"1",129,"12134","34","Pseudo-Word","Low",1,572.8
"857",33,"1",130,"11233","33","Word","High",1,531
"857",33,"1",131,"12219","19","Pseudo-Word","High",1,510.53
"857",33,"1",132,"13122","22","Consonant String","Low",1,514.72
"857",33,"1",133,"11231","31","Word","High",1,560.91
"857",33,"1",135,"13221","21","Consonant String","High",1,558.11
"857",33,"1",136,"11108","08","Word","Low",0,-521.97
"857",33,"1",137,"13106","06","Consonant String","Low",1,604.17
"857",33,"1",138,"13205","05","Consonant String","High",0,-808.04
"857",33,"1",139,"11136","36","Word","Low",1,609.25
"857",33,"1",140,"11116","16","Word","Low",1,905.46
"857",33,"1",141,"13134","34","Consonant String","Low",1,620.35
"857",33,"1",142,"11241","41","Word","High",1,769.55
"857",33,"1",143,"12106","06","Pseudo-Word","Low",1,583.77
"857",33,"1",144,"12225","25","Pseudo-Word","High",1,522.3
"857",33,"1",3,"13128","28","Consonant String","Low",0,-983.51
"857",33,"1",4,"13207","07","Consonant String","High",0,-596.06
"857",33,"1",5,"11211","11","Word","High",1,572.92
"857",33,"1",6,"13213","13","Consonant String","High",0,-633.12
"857",33,"1",7,"11138","38","Word","Low",0,-593.66
"857",33,"1",8,"12237","37","Pseudo-Word","High",1,1083.54
"857",33,"1",9,"11219","19","Word","High",1,547.09
"857",33,"1",10,"13144","44","Consonant String","Low",1,1014.98
"857",33,"1",11,"11235","35","Word","High",1,923.22
"857",33,"1",12,"12108","08","Pseudo-Word","Low",1,1351.46
"857",33,"1",14,"11213","13","Word","High",1,956.38
"857",33,"1",15,"13237","37","Consonant String","High",1,635.27
"857",33,"1",16,"11104","04","Word","Low",1,556.8
"857",33,"1",17,"13243","43","Consonant String","High",1,1252.68
"857",33,"1",18,"12102","02","Pseudo-Word","Low",1,928.61
"857",33,"1",19,"13247","47","Consonant String","High",0,-1315.18
"857",33,"1",20,"12112","12","Pseudo-Word","Low",1,543.43
"857",33,"1",21,"12217","17","Pseudo-Word","High",0,-760.29
"857",33,"1",22,"12148","48","Pseudo-Word","Low",1,739.5
"857",33,"1",23,"12120","20","Pseudo-Word","Low",1,597.05
"857",33,"1",25,"11205","05","Word","High",1,607.91
"857",33,"1",26,"12116","16","Pseudo-Word","Low",1,558.11
"857",33,"1",27,"12241","41","Pseudo-Word","High",1,575.97
"857",33,"1",28,"11215","15","Word","High",1,777.52
"857",33,"1",29,"11203","03","Word","High",1,569.06
"857",33,"1",30,"11221","21","Word","High",1,773.26
"857",33,"1",31,"13148","48","Consonant String","Low",0,-917.48
"857",33,"1",32,"12235","35","Pseudo-Word","High",1,859.7
"857",33,"1",33,"13132","32","Consonant String","Low",1,689.92
"857",33,"1",34,"11110","10","Word","Low",1,726.46
"857",33,"1",36,"11247","47","Word","High",1,640.01
"857",33,"1",37,"12213","13","Pseudo-Word","High",0,-656.55
"857",33,"1",38,"12207","07","Pseudo-Word","High",1,559.41
"857",33,"1",39,"11223","23","Word","High",1,758.61
"857",33,"1",40,"12245","45","Pseudo-Word","High",1,772.5
"857",33,"1",41,"12243","43","Pseudo-Word","High",0,-879.72
"857",33,"1",42,"13231","31","Consonant String","High",1,539.27
"857",33,"1",43,"13239","39","Consonant String","High",0,-548.79
"857",33,"1",44,"13140","40","Consonant String","Low",1,550.65
"857",33,"1",45,"11120","20","Word","Low",1,533.51
"857",33,"1",47,"12136","36","Pseudo-Word","Low",1,484.04
"857",33,"1",48,"11140","40","Word","Low",1,502.56
"857",33,"1",49,"13104","04","Consonant String","Low",1,794.42
"857",33,"1",50,"11229","29","Word","High",1,760.32
"857",33,"1",51,"13223","23","Consonant String","High",1,734.53
"858",33,"2",1,"22214","14","Pseudo-Word","High",1,609.93
"858",33,"2",57,"23238","38","Consonant String","High",0,-1053.15
"858",33,"2",68,"22101","01","Pseudo-Word","Low",1,1299.06
"858",33,"2",79,"23248","48","Consonant String","High",1,775.98
"858",33,"2",90,"22204","04","Pseudo-Word","High",1,1257.55
"858",33,"2",101,"21143","43","Word","Low",1,1146.79
"858",33,"2",112,"21224","24","Word","High",1,706.71
"858",33,"2",123,"21244","44","Word","High",1,878.59
"858",33,"2",134,"22111","11","Pseudo-Word","Low",0,-1491.17
"858",33,"2",2,"23145","45","Consonant String","Low",1,1099.11
"858",33,"2",13,"23133","33","Consonant String","Low",1,1018.03
"858",33,"2",24,"21123","23","Word","Low",1,688.25
"858",33,"2",35,"23216","16","Consonant String","High",1,1325.81
"858",33,"2",46,"23240","40","Consonant String","High",0,-736.39
"858",33,"2",52,"22240","40","Pseudo-Word","High",1,1253.96
"858",33,"2",53,"21218","18","Word","High",1,736.86
"858",33,"2",54,"22127","27","Pseudo-Word","Low",1,948.42
"858",33,"2",55,"22125","25","Pseudo-Word","Low",1,886.31
"858",33,"2",56,"22119","19","Pseudo-Word","Low",1,1019.88
"858",33,"2",58,"22210","10","Pseudo-Word","High",1,961.12
"858",33,"2",59,"22145","45","Pseudo-Word","Low",1,1118.36
"858",33,"2",60,"21236","36","Word","High",1,897.6
"858",33,"2",61,"22238","38","Pseudo-Word","High",1,1103.5
"858",33,"2",62,"23119","19","Consonant String","Low",0,-967.41
"858",33,"2",63,"21242","42","Word","High",1,917.64
"858",33,"2",64,"22202","02","Pseudo-Word","High",1,1044.9
"858",33,"2",65,"23139","39","Consonant String","Low",1,1480.8
"858",33,"2",66,"23127","27","Consonant String","Low",1,979.41
"858",33,"2",67,"22133","33","Pseudo-Word","Low",1,863.97
"858",33,"2",69,"22115","15","Pseudo-Word","Low",1,1249.21
"858",33,"2",70,"23208","08","Consonant String","High",1,1394.14
"858",33,"2",71,"22139","39","Pseudo-Word","Low",1,992.06
"858",33,"2",72,"23230","30","Consonant String","High",0,-709.96
"858",33,"2",73,"22131","31","Pseudo-Word","Low",0,-679.17
"858",33,"2",74,"22109","09","Pseudo-Word","Low",1,775.71
"858",33,"2",75,"23147","47","Consonant String","Low",0,-1168.28
"858",33,"2",76,"23224","24","Consonant String","High",1,734.51
"858",33,"2",77,"23202","02","Consonant String","High",1,1093.08
"858",33,"2",78,"22137","37","Pseudo-Word","Low",1,791.97
"858",33,"2",80,"21145","45","Word","Low",1,1185.88
"858",33,"2",81,"21109","09","Word","Low",1,846.46
"858",33,"2",82,"22212","12","Pseudo-Word","High",0,-1335.38
"858",33,"2",83,"21103","03","Word","Low",1,609.93
"858",33,"2",84,"23115","15","Consonant String","Low",1,1129.16
"858",33,"2",85,"22141","41","Pseudo-Word","Low",0,-751.73
"858",33,"2",86,"23218","18","Consonant String","High",0,-1138.62
"858",33,"2",87,"21234","34","Word","High",1,940.19
"858",33,"2",88,"23214","14","Consonant String","High",1,755.75
"858",33,"2",89,"22246","46","Pseudo-Word","High",0,-792.64
"858",33,"2",91,"23109","09","Consonant String","Low",1,1158.54
"858",33,"2",92,"21101","01","Word","Low",1,845.44
"858",33,"2",93,"22103","03","Pseudo-Word","Low",1,919.33
"858",33,"2",94,"21230","30","Word","High",1,1096.57
"858",33,"2",95,"23234","34","Consonant String","High",1,1172.49
"858",33,"2",96,"23135","35","Consonant String","Low",1,1356.76
"858",33,"2",97,"22107","07","Pseudo-Word","Low",1,638.66
"858",33,"2",98,"23228","28","Consonant String","High",0,-1064.22
"858",33,"2",99,"23105","05","Consonant String","Low",1,926.45
"858",33,"2",100,"21246","46","Word","High",1,1127.02
"858",33,"2",102,"22121","21","Pseudo-Word","Low",1,762.59
"858",33,"2",103,"22230","30","Pseudo-Word","High",1,828.81
"858",33,"2",104,"22147","47","Pseudo-Word","Low",1,912.37
"858",33,"2",105,"22206","06","Pseudo-Word","High",1,711.59
"858",33,"2",106,"21204","04","Word","High",1,1301.83
"858",33,"2",107,"23206","06","Consonant String","High",1,780.74
"858",33,"2",108,"23244","44","Consonant String","High",0,-808.29
"858",33,"2",109,"22220","20","Pseudo-Word","High",1,767.16
"858",33,"2",110,"22222","22","Pseudo-Word","High",1,1196.41
"858",33,"2",111,"22129","29","Pseudo-Word","Low",1,895.31
"858",33,"2",113,"23236","36","Consonant String","High",0,-1316.23
"858",33,"2",114,"21105","05","Word","Low",1,647.46
"858",33,"2",115,"23226","26","Consonant String","High",0,-1808.4
"858",33,"2",116,"22218","18","Pseudo-Word","High",0,-983.53
"858",33,"2",117,"23121","21","Consonant String","Low",1,765.09
"858",33,"2",118,"23242","42","Consonant String","High",0,-1022.32
"858",33,"2",119,"22113","13","Pseudo-Word","Low",1,1274.57
"858",33,"2",120,"23103","03","Consonant String","Low",1,843.81
"858",33,"2",121,"22226","26","Pseudo-Word","High",1,941.7
"858",33,"2",122,"22123","23","Pseudo-Word","Low",0,-1360.62
"858",33,"2",124,"21113","13","Word","Low",1,532.86
"858",33,"2",125,"21202","02","Word","High",1,1049.42
"858",33,"2",126,"21216","16","Word","High",1,848.32
"858",33,"2",127,"22244","44","Pseudo-Word","High",1,761.2
"858",33,"2",128,"22105","05","Pseudo-Word","Low",1,622.41
"858",33,"2",129,"22216","16","Pseudo-Word","High",1,755.61
"858",33,"2",130,"23111","11","Consonant String","Low",0,-1387.52
"858",33,"2",131,"23101","01","Consonant String","Low",1,768.1
"858",33,"2",132,"23131","31","Consonant String","Low",0,-1091.34
"858",33,"2",133,"22234","34","Pseudo-Word","High",1,855.24
"858",33,"2",135,"21240","40","Word","High",1,1435.14
"858",33,"2",136,"23113","13","Consonant String","Low",0,-1194.75
"858",33,"2",137,"21228","28","Word","High",1,863.67
"858",33,"2",138,"23232","32","Consonant String","High",0,-1122.89
"858",33,"2",139,"21137","37","Word","Low",1,777.13
"858",33,"2",140,"21117","17","Word","Low",1,969.69
"858",33,"2",141,"22208","08","Pseudo-Word","High",1,952.92
"858",33,"2",142,"23117","17","Consonant String","Low",0,-994.84
"858",33,"2",143,"21125","25","Word","Low",1,845.73
"858",33,"2",144,"21248","48","Word","High",1,694.61
"858",33,"2",3,"21129","29","Word","Low",1,943.49
"858",33,"2",4,"23220","20","Consonant String","High",1,812.39
"858",33,"2",5,"22228","28","Pseudo-Word","High",1,733.6
"858",33,"2",6,"21210","10","Word","High",1,825.16
"858",33,"2",7,"21226","26","Word","High",1,928.71
"858",33,"2",8,"22117","17","Pseudo-Word","Low",1,1009.28
"858",33,"2",9,"23129","29","Consonant String","Low",1,625.5
"858",33,"2",10,"21147","47","Word","Low",0,-1163.06
"858",33,"2",11,"21232","32","Word","High",1,709.29
"858",33,"2",12,"21119","19","Word","Low",1,611.5
"858",33,"2",14,"23137","37","Consonant String","Low",0,-1353.72
"858",33,"2",15,"23222","22","Consonant String","High",1,985.65
"858",33,"2",16,"23125","25","Consonant String","Low",1,979.22
"858",33,"2",17,"23107","07","Consonant String","Low",1,669.78
"858",33,"2",18,"21131","31","Word","Low",1,758.99
"858",33,"2",19,"21214","14","Word","High",1,619.2
"858",33,"2",20,"23246","46","Consonant String","High",0,-867.4
"858",33,"2",21,"21141","41","Word","Low",1,658.62
"858",33,"2",22,"22232","32","Pseudo-Word","High",1,663.49
"858",33,"2",23,"22143","43","Pseudo-Word","Low",1,1343.72
"858",33,"2",25,"23210","10","Consonant String","High",1,1036.65
"858",33,"2",26,"21220","20","Word","High",1,751.22
"858",33,"2",27,"22224","24","Pseudo-Word","High",1,737.09
"858",33,"2",28,"21121","21","Word","Low",1,665.64
"858",33,"2",29,"23123","23","Consonant String","Low",0,-1540.88
"858",33,"2",30,"21206","06","Word","High",1,605.46
"858",33,"2",31,"21208","08","Word","High",1,759.33
"858",33,"2",32,"21133","33","Word","Low",1,740.55
"858",33,"2",33,"23212","12","Consonant String","High",1,620.09
"858",33,"2",34,"23204","04","Consonant String","High",0,-1078.31
"858",33,"2",36,"21222","22","Word","High",1,762.87
"858",33,"2",37,"22236","36","Pseudo-Word","High",1,1067.1
"858",33,"2",38,"23143","43","Consonant String","Low",1,1281.35
"858",33,"2",39,"21127","27","Word","Low",1,852.94
"858",33,"2",40,"21238","38","Word","High",0,-648.81
"858",33,"2",41,"21212","12","Word","High",1,826.69
"858",33,"2",42,"21107","07","Word","Low",1,585.23
"858",33,"2",43,"23141","41","Consonant String","Low",1,1371.8
"858",33,"2",44,"21115","15","Word","Low",1,542.03
"858",33,"2",45,"22248","48","Pseudo-Word","High",1,640.9
"858",33,"2",47,"22135","35","Pseudo-Word","Low",1,634.44
"858",33,"2",48,"22242","42","Pseudo-Word","High",1,1019.99
"858",33,"2",49,"21111","11","Word","Low",1,1497.24
"858",33,"2",50,"21135","35","Word","Low",1,601.16
"858",33,"2",51,"21139","39","Word","Low",1,624.03
"859",33,"3",1,"32205","05","Pseudo-Word","High",1,609.15
"859",33,"3",57,"32219","19","Pseudo-Word","High",0,-877.36
"859",33,"3",68,"32203","03","Pseudo-Word","High",1,1218.93
"859",33,"3",79,"32122","22","Pseudo-Word","Low",1,939.18
"859",33,"3",90,"33241","41","Consonant String","High",1,718.73
"859",33,"3",101,"32104","04","Pseudo-Word","Low",1,544.94
"859",33,"3",112,"33102","02","Consonant String","Low",1,878.81
"859",33,"3",123,"31227","27","Word","High",0,-1009.38
"859",33,"3",134,"31211","11","Word","High",0,-731.62
"859",33,"3",2,"31233","33","Word","High",0,-584.15
"859",33,"3",13,"31106","06","Word","Low",0,-606.68
"859",33,"3",24,"32144","44","Pseudo-Word","Low",0,-907.55
"859",33,"3",35,"33120","20","Consonant String","Low",0,-1173.46
"859",33,"3",46,"31229","29","Word","High",0,-886.7
"859",33,"3",52,"33122","22","Consonant String","Low",0,-867.26
"859",33,"3",53,"32213","13","Pseudo-Word","High",1,525.47
"859",33,"3",54,"31146","46","Word","Low",1,543
"859",33,"3",55,"31104","04","Word","Low",1,521.86
"859",33,"3",56,"31215","15","Word","High",0,-841.05
"859",33,"3",58,"32114","14","Pseudo-Word","Low",0,-603.61
"859",33,"3",59,"33229","29","Consonant String","High",1,636.47
"859",33,"3",60,"31142","42","Word","Low",0,-493.01
"859",33,"3",61,"32120","20","Pseudo-Word","Low",0,-448.86
"859",33,"3",62,"33132","32","Consonant String","Low",0,-510.72
"859",33,"3",63,"33140","40","Consonant String","Low",0,-626.25
"859",33,"3",64,"33221","21","Consonant String","High",0,-580.78
"859",33,"3",65,"33126","26","Consonant String","Low",0,-521.3
"859",33,"3",66,"31118","18","Word","Low",0,-527.5
"859",33,"3",67,"32217","17","Pseudo-Word","High",1,422.02
"859",33,"3",69,"32124","24","Pseudo-Word","Low",0,-461.21
"859",33,"3",70,"32126","26","Pseudo-Word","Low",0,-646.41
"859",33,"3",71,"31132","32","Word","Low",1,712.28
"859",33,"3",72,"33235","35","Consonant String","High",0,-618.48
"859",33,"3",73,"32243","43","Pseudo-Word","High",1,615.69
"859",33,"3",74,"33219","19","Consonant String","High",0,-675.89
"859",33,"3",75,"31116","16","Word","Low",1,509.42
"859",33,"3",76,"32233","33","Pseudo-Word","High",1,456.61
"859",33,"3",77,"33207","07","Consonant String","High",1,535.46
"859",33,"3",78,"31245","45","Word","High",1,556.99
"859",33,"3",80,"33134","34","Consonant String","Low",1,465.84
"859",33,"3",81,"33118","18","Consonant String","Low",0,-599.04
"859",33,"3",82,"31247","47","Word","High",0,-502.9
"859",33,"3",83,"32148","48","Pseudo-Word","Low",1,432.76
"859",33,"3",84,"31144","44","Word","Low",0,-540.27
"859",33,"3",85,"31239","39","Word","High",0,-523.8
"859",33,"3",86,"32110","10","Pseudo-Word","Low",0,-755
"859",33,"3",87,"33243","43","Consonant String","High",0,-564.87
"859",33,"3",88,"31128","28","Word","Low",1,499.06
"859",33,"3",89,"32118","18","Pseudo-Word","Low",1,697.93
"859",33,"3",91,"32146","46","Pseudo-Word","Low",1,521.8
"859",33,"3",92,"31221","21","Word","High",1,587.99
"859",33,"3",93,"31203","03","Word","High",0,-615.53
"859",33,"3",94,"33108","08","Consonant String","Low",0,-1267.75
"859",33,"3",95,"33136","36","Consonant String","Low",0,-1215.02
"859",33,"3",96,"31120","20","Word","Low",1,723.25
"859",33,"3",97,"33223","23","Consonant String","High",0,-589.46
"859",33,"3",98,"32108","08","Pseudo-Word","Low",1,456.98
"859",33,"3",99,"32106","06","Pseudo-Word","Low",0,-606.84
"859",33,"3",100,"32223","23","Pseudo-Word","High",1,559.7
"859",33,"3",102,"33104","04","Consonant String","Low",0,-491.9
"859",33,"3",103,"31134","34","Word","Low",1,564.76
"859",33,"3",104,"33203","03","Consonant String","High",1,493.95
"859",33,"3",105,"32225","25","Pseudo-Word","High",1,502.81
"859",33,"3",106,"33112","12","Consonant String","Low",1,548.67
"859",33,"3",107,"32231","31","Pseudo-Word","High",0,-640.54
"859",33,"3",108,"31130","30","Word","Low",0,-802.07
"859",33,"3",109,"32116","16","Pseudo-Word","Low",0,-1753
"859",33,"3",110,"33239","39","Consonant String","High",1,658.92
"859",33,"3",111,"32221","21","Pseudo-Word","High",1,514.14
"859",33,"3",113,"32241","41","Pseudo-Word","High",1,343.32
"859",33,"3",114,"33130","30","Consonant String","Low",0,-632.17
"859",33,"3",115,"31140","40","Word","Low",1,557.7
"859",33,"3",116,"33124","24","Consonant String","Low",0,-580.44
"859",33,"3",117,"32215","15","Pseudo-Word","High",1,478.97
"859",33,"3",118,"32130","30","Pseudo-Word","Low",1,629.49
"859",33,"3",119,"33231","31","Consonant String","High",1,591.02
"859",33,"3",120,"33114","14","Consonant String","Low",1,510.56
"859",33,"3",121,"33215","15","Consonant String","High",0,-554.75
"859",33,"3",122,"31124","24","Word","Low",1,547.61
"859",33,"3",124,"31114","14","Word","Low",0,-526.46
"859",33,"3",125,"31217","17","Word","High",1,429.99
"859",33,"3",126,"33211","11","Consonant String","High",0,-589.51
"859",33,"3",127,"31110","10","Word","Low",1,742.05
"859",33,"3",128,"31209","09","Word","High",1,989.94
"859",33,"3",129,"33237","37","Consonant String","High",0,-1058.51
"859",33,"3",130,"32140","40","Pseudo-Word","Low",1,1152.42
"859",33,"3",131,"33201","01","Consonant String","High",0,-1026.34
"859",33,"3",132,"33227","27","Consonant String","High",0,-1151.91
"859",33,"3",133,"31136","36","Word","Low",0,-1047.83
"859",33,"3",135,"32136","36","Pseudo-Word","Low",0,-878.74
"859",33,"3",136,"33128","28","Consonant String","Low",1,1021.3
"859",33,"3",137,"31219","19","Word","High",0,-848.54
"859",33,"3",138,"31235","35","Word","High",1,1093.43
"859",33,"3",139,"33225","25","Consonant String","High",0,-767.33
"859",33,"3",140,"32235","35","Pseudo-Word","High",0,-769.55
"859",33,"3",141,"31112","12","Word","Low",0,-995.78
"859",33,"3",142,"33116","16","Consonant String","Low",0,-846.67
"859",33,"3",143,"33138","38","Consonant String","Low",1,770.55
"859",33,"3",144,"32247","47","Pseudo-Word","High",0,-755.77
"859",33,"3",3,"31205","05","Word","High",1,644.65
"859",33,"3",4,"33142","42","Consonant String","Low",0,-699.52
"859",33,"3",5,"31138","38","Word","Low",1,618.4
"859",33,"3",6,"31201","01","Word","High",1,874.6
"859",33,"3",7,"33247","47","Consonant String","High",1,979.83
"859",33,"3",8,"31213","13","Word","High",1,984.4
"859",33,"3",9,"33205","05","Consonant String","High",0,-697.96
"859",33,"3",10,"32112","12","Pseudo-Word","Low",1,681.84
"859",33,"3",11,"31223","23","Word","High",1,895.38
"859",33,"3",12,"31148","48","Word","Low",1,1079.28
"859",33,"3",14,"33146","46","Consonant String","Low",1,1072.87
"859",33,"3",15,"33144","44","Consonant String","Low",1,955.1
"859",33,"3",16,"33110","10","Consonant String","Low",1,905
"859",33,"3",17,"32138","38","Pseudo-Word","Low",0,-1049.9
"859",33,"3",18,"32132","32","Pseudo-Word","Low",1,782.81
"859",33,"3",19,"33213","13","Consonant String","High",1,885.35
"859",33,"3",20,"32134","34","Pseudo-Word","Low",0,-1093.92
"859",33,"3",21,"32237","37","Pseudo-Word","High",1,1276.85
"859",33,"3",22,"31243","43","Word","High",1,2151.47
"859",33,"3",23,"32142","42","Pseudo-Word","Low",0,-830.43
"859",33,"3",25,"31126","26","Word","Low",1,754.99
"859",33,"3",26,"32211","11","Pseudo-Word","High",1,607.86
"859",33,"3",27,"31122","22","Word","Low",1,702.07
"859",33,"3",28,"33245","45","Consonant String","High",1,760.95
"859",33,"3",29,"32128","28","Pseudo-Word","Low",0,-774.17
"859",33,"3",30,"33209","09","Consonant String","High",1,895.38
"859",33,"3",31,"32245","45","Pseudo-Word","High",1,1585.3
"859",33,"3",32,"33148","48","Consonant String","Low",0,-825.9
"859",33,"3",33,"31231","31","Word","High",1,910.46
"859",33,"3",34,"31108","08","Word","Low",1,712.68
"859",33,"3",36,"32102","02","Pseudo-Word","Low",0,-832.89
"859",33,"3",37,"32239","39","Pseudo-Word","High",1,939.45
"859",33,"3",38,"31237","37","Word","High",1,641
"859",33,"3",39,"31225","25","Word","High",1,693.55
"859",33,"3",40,"33106","06","Consonant String","Low",1,736.42
"859",33,"3",41,"31207","07","Word","High",1,724.97
"859",33,"3",42,"31102","02","Word","Low",0,-836.18
"859",33,"3",43,"31241","41","Word","High",0,-663.74
"859",33,"3",44,"33233","33","Consonant String","High",1,692.93
"859",33,"3",45,"32201","01","Pseudo-Word","High",1,1105.83
"859",33,"3",47,"32229","29","Pseudo-Word","High",1,664.73
"859",33,"3",48,"32227","27","Pseudo-Word","High",0,-532.93
"859",33,"3",49,"32209","09","Pseudo-Word","High",1,618.46
"859",33,"3",50,"33217","17","Consonant String","High",1,827.66
"859",33,"3",51,"32207","07","Pseudo-Word","High",1,733.22
"860",50,"4",1,"43226","26","Consonant String","High",0,-755.37
"860",50,"4",57,"43143","43","Consonant String","Low",1,613.56
"860",50,"4",68,"41115","15","Word","Low",1,529.09
"860",50,"4",79,"42234","34","Pseudo-Word","High",1,945.96
"860",50,"4",90,"41135","35","Word","Low",1,1003.19
"860",50,"4",101,"42133","33","Pseudo-Word","Low",1,961.42
"860",50,"4",112,"41246","46","Word","High",0,-588.96
"860",50,"4",123,"41206","06","Word","High",1,1038.83
"860",50,"4",134,"43139","39","Consonant String","Low",0,-1051.73
"860",50,"4",2,"43147","47","Consonant String","Low",1,1067.97
"860",50,"4",13,"43230","30","Consonant String","High",0,-859.53
"860",50,"4",24,"43141","41","Consonant String","Low",1,972.09
"860",50,"4",35,"43220","20","Consonant String","High",1,750.63
"860",50,"4",46,"42224","24","Pseudo-Word","High",0,-945.85
"860",50,"4",52,"43212","12","Consonant String","High",1,604.06
"860",50,"4",53,"41210","10","Word","High",1,553.26
"860",50,"4",54,"43117","17","Consonant String","Low",0,-1058.46
"860",50,"4",55,"41234","34","Word","High",1,705.68
"860",50,"4",56,"42117","17","Pseudo-Word","Low",1,1049.86
"860",50,"4",58,"42101","01","Pseudo-Word","Low",1,858.12
"860",50,"4",59,"43248","48","Consonant String","High",1,910.34
"860",50,"4",60,"43210","10","Consonant String","High",1,684.88
"860",50,"4",61,"43246","46","Consonant String","High",0,-1794.8
"860",50,"4",62,"42214","14","Pseudo-Word","High",1,823.06
"860",50,"4",63,"41236","36","Word","High",1,607.59
"860",50,"4",64,"41131","31","Word","Low",1,819.79
"860",50,"4",65,"41240","40","Word","High",1,783.34
"860",50,"4",66,"43129","29","Consonant String","Low",1,651.22
"860",50,"4",67,"43133","33","Consonant String","Low",0,-1242.43
"860",50,"4",69,"41224","24","Word","High",1,526.66
"860",50,"4",70,"42131","31","Pseudo-Word","Low",1,656.51
"860",50,"4",71,"43121","21","Consonant String","Low",1,787.72
"860",50,"4",72,"43113","13","Consonant String","Low",0,-787.59
"860",50,"4",73,"43111","11","Consonant String","Low",1,569.46
"860",50,"4",74,"42232","32","Pseudo-Word","High",1,906.01
"860",50,"4",75,"41248","48","Word","High",1,691.2
"860",50,"4",76,"42147","47","Pseudo-Word","Low",1,651.41
"860",50,"4",77,"41147","47","Word","Low",1,517.6
"860",50,"4",78,"43115","15","Consonant String","Low",0,-1070.14
"860",50,"4",80,"43238","38","Consonant String","High",0,-1197.72
"860",50,"4",81,"43242","42","Consonant String","High",0,-587.94
"860",50,"4",82,"43202","02","Consonant String","High",1,1054.81
"860",50,"4",83,"42246","46","Pseudo-Word","High",1,1669.07
"860",50,"4",84,"42216","16","Pseudo-Word","High",1,984.66
"860",50,"4",85,"41204","04","Word","High",1,473.54
"860",50,"4",86,"41212","12","Word","High",1,408.05
"860",50,"4",87,"42121","21","Pseudo-Word","Low",1,484.56
"860",50,"4",88,"41127","27","Word","Low",0,-837.43
"860",50,"4",89,"41242","42","Word","High",1,672.3
"860",50,"4",91,"41105","05","Word","Low",1,518.83
"860",50,"4",92,"42107","07","Pseudo-Word","Low",1,641.35
"860",50,"4",93,"41103","03","Word","Low",1,632.55
"860",50,"4",94,"41113","13","Word","Low",1,584.4
"860",50,"4",95,"42119","19","Pseudo-Word","Low",0,-1188.29
"860",50,"4",96,"43216","16","Consonant String","High",0,-1003.19
"860",50,"4",97,"41125","25","Word","Low",0,-411.39
"860",50,"4",98,"41107","07","Word","Low",1,456.91
"860",50,"4",99,"41143","43","Word","Low",0,-1093.11
"860",50,"4",100,"42137","37","Pseudo-Word","Low",1,730.34
"860",50,"4",102,"42139","39","Pseudo-Word","Low",1,690.22
"860",50,"4",103,"43107","07","Consonant String","Low",1,1749.12
"860",50,"4",104,"41238","38","Word","High",1,673.37
"860",50,"4",105,"41228","28","Word","High",1,598.9
"860",50,"4",106,"42242","42","Pseudo-Word","High",1,584.09
"860",50,"4",107,"41123","23","Word","Low",1,964.96
"860",50,"4",108,"42103","03","Pseudo-Word","Low",1,1205.54
"860",50,"4",109,"42129","29","Pseudo-Word","Low",1,675.76
"860",50,"4",110,"41232","32","Word","High",1,560.62
"860",50,"4",111,"41139","39","Word","Low",1,824.16
"860",50,"4",113,"43125","25","Consonant String","Low",1,790.7
"860",50,"4",114,"43119","19","Consonant String","Low",1,460.56
"860",50,"4",115,"42222","22","Pseudo-Word","High",1,587.09
"860",50,"4",116,"42125","25","Pseudo-Word","Low",1,474.46
"860",50,"4",117,"43214","14","Consonant String","High",1,765.99
"860",50,"4",118,"42226","26","Pseudo-Word","High",1,555.52
"860",50,"4",119,"43244","44","Consonant String","High",0,-916.72
"860",50,"4",120,"41101","01","Word","Low",1,609.26
"860",50,"4",121,"43236","36","Consonant String","High",0,-1018.81
"860",50,"4",122,"42123","23","Pseudo-Word","Low",1,625.35
"860",50,"4",124,"41244","44","Word","High",1,621.21
"860",50,"4",125,"42220","20","Pseudo-Word","High",1,1134.76
"860",50,"4",126,"41111","11","Word","Low",1,791.65
"860",50,"4",127,"42111","11","Pseudo-Word","Low",0,-1170.89
"860",50,"4",128,"43232","32","Consonant String","High",1,790.45
"860",50,"4",129,"41129","29","Word","Low",1,566.31
"860",50,"4",130,"43206","06","Consonant String","High",1,1118.86
"860",50,"4",131,"43131","31","Consonant String","Low",0,-1073.43
"860",50,"4",132,"41133","33","Word","Low",1,517.98
"860",50,"4",133,"41216","16","Word","High",0,-860.5
"860",50,"4",135,"42141","41","Pseudo-Word","Low",1,501.04
"860",50,"4",136,"41117","17","Word","Low",1,581.23
"860",50,"4",137,"42109","09","Pseudo-Word","Low",0,-1265.12
"860",50,"4",138,"42208","08","Pseudo-Word","High",0,-2066.73
"860",50,"4",139,"41145","45","Word","Low",1,606.34
"860",50,"4",140,"42238","38","Pseudo-Word","High",1,778.54
"860",50,"4",141,"43109","09","Consonant String","Low",0,-1515.44
"860",50,"4",142,"42230","30","Pseudo-Word","High",0,-1097.04
"860",50,"4",143,"43240","40","Consonant String","High",1,825.27
"860",50,"4",144,"41230","30","Word","High",1,1633.17
"860",50,"4",3,"42218","18","Pseudo-Word","High",1,1788.14
"860",50,"4",4,"41202","02","Word","High",1,1027.08
"860",50,"4",5,"43222","22","Consonant String","High",1,1364.98
"860",50,"4",6,"43204","04","Consonant String","High",1,1631.59
"860",50,"4",7,"43123","23","Consonant String","Low",1,2188.57
"860",50,"4",8,"43105","05","Consonant String","Low",0,-1455.54
"860",50,"4",9,"41208","08","Word","High",1,859.79
"860",50,"4",10,"43101","01","Consonant String","Low",1,1582.38
"860",50,"4",11,"42135","35","Pseudo-Word","Low",1,686.28
"860",50,"4",12,"43145","45","Consonant String","Low",1,687.15
"860",50,"4",14,"42244","44","Pseudo-Word","High",1,804.02
"860",50,"4",15,"41220","20","Word","High",1,663.23
"860",50,"4",16,"41226","26","Word","High",1,734.77
"860",50,"4",17,"42105","05","Pseudo-Word","Low",1,671.63
"860",50,"4",18,"42143","43","Pseudo-Word","Low",1,557.15
"860",50,"4",19,"42127","27","Pseudo-Word","Low",0,-907.36
"860",50,"4",20,"43224","24","Consonant String","High",0,-1253.59
"860",50,"4",21,"42206","06","Pseudo-Word","High",0,-866.83
"860",50,"4",22,"41222","22","Word","High",1,748.37
"860",50,"4",23,"43127","27","Consonant String","Low",0,-1287.61
"860",50,"4",25,"41109","09","Word","Low",1,655.5
"860",50,"4",26,"42248","48","Pseudo-Word","High",0,-1103.72
"860",50,"4",27,"43218","18","Consonant String","High",0,-1572.98
"860",50,"4",28,"42236","36","Pseudo-Word","High",1,833.56
"860",50,"4",29,"43135","35","Consonant String","Low",0,-949.44
"860",50,"4",30,"41121","21","Word","Low",1,628.66
"860",50,"4",31,"42204","04","Pseudo-Word","High",0,-2321.59
"860",50,"4",32,"43137","37","Consonant String","Low",1,1931.26
"860",50,"4",33,"41119","19","Word","Low",1,513.18
"860",50,"4",34,"42115","15","Pseudo-Word","Low",0,-2008.77
"860",50,"4",36,"43208","08","Consonant String","High",1,1291.4
"860",50,"4",37,"41137","37","Word","Low",1,594.62
"860",50,"4",38,"42228","28","Pseudo-Word","High",0,-824.82
"860",50,"4",39,"42202","02","Pseudo-Word","High",1,911.37
"860",50,"4",40,"41218","18","Word","High",1,632.92
"860",50,"4",41,"43103","03","Consonant String","Low",0,-1261.8
"860",50,"4",42,"43228","28","Consonant String","High",0,-804.37
"860",50,"4",43,"42210","10","Pseudo-Word","High",1,678.58
"860",50,"4",44,"42113","13","Pseudo-Word","Low",1,588.44
"860",50,"4",45,"41141","41","Word","Low",1,539.3
"860",50,"4",47,"41214","14","Word","High",1,602.15
"860",50,"4",48,"42240","40","Pseudo-Word","High",1,669.35
"860",50,"4",49,"42145","45","Pseudo-Word","Low",1,1242.91
"860",50,"4",50,"43234","34","Consonant String","High",0,-1177.16
"860",50,"4",51,"42212","12","Pseudo-Word","High",1,545.04
"861",67,"1",1,"12227","27","Pseudo-Word","High",1,494.64
"861",67,"1",57,"12106","06","Pseudo-Word","Low",1,758.17
"861",67,"1",68,"12247","47","Pseudo-Word","High",1,603.71
"861",67,"1",79,"13142","42","Consonant String","Low",0,-708.25
"861",67,"1",90,"11217","17","Word","High",1,528.79
"861",67,"1",101,"13108","08","Consonant String","Low",0,-854.99
"861",67,"1",112,"13209","09","Consonant String","High",1,758.54
"861",67,"1",123,"11219","19","Word","High",1,623.08
"861",67,"1",134,"12130","30","Pseudo-Word","Low",1,524.93
"861",67,"1",2,"13229","29","Consonant String","High",0,-780.82
"861",67,"1",13,"12207","07","Pseudo-Word","High",1,799.03
"861",67,"1",24,"12209","09","Pseudo-Word","High",0,-1335.61
"861",67,"1",35,"13247","47","Consonant String","High",1,1082.87
"861",67,"1",46,"11241","41","Word","High",0,-797.11
"861",67,"1",52,"11209","09","Word","High",1,1119.68
"861",67,"1",53,"12104","04","Pseudo-Word","Low",1,656.57
"861",67,"1",54,"11130","30","Word","Low",1,507.1
"861",67,"1",55,"12233","33","Pseudo-Word","High",1,773.63
"861",67,"1",56,"12122","22","Pseudo-Word","Low",1,585.51
"861",67,"1",58,"11225","25","Word","High",0,-822.72
"861",67,"1",59,"12116","16","Pseudo-Word","Low",1,481.59
"861",67,"1",60,"13106","06","Consonant String","Low",1,773.79
"861",67,"1",61,"11235","35","Word","High",1,943.69
"861",67,"1",62,"11132","32","Word","Low",1,546.23
"861",67,"1",63,"12144","44","Pseudo-Word","Low",1,743.77
"861",67,"1",64,"12215","15","Pseudo-Word","High",1,580.31
"861",67,"1",65,"12136","36","Pseudo-Word","Low",1,525.5
"861",67,"1",66,"11215","15","Word","High",1,475.69
"861",67,"1",67,"12237","37","Pseudo-Word","High",1,578.89
"861",67,"1",69,"13138","38","Consonant String","Low",1,1021.11
"861",67,"1",70,"11239","39","Word","High",1,631
"861",67,"1",71,"11108","08","Word","Low",1,594.2
"861",67,"1",72,"13211","11","Consonant String","High",0,-588.74
"861",67,"1",73,"13126","26","Consonant String","Low",1,489.93
"861",67,"1",74,"13241","41","Consonant String","High",0,-689.13
"861",67,"1",75,"11245","45","Word","High",1,631.34
"861",67,"1",76,"13102","02","Consonant String","Low",1,817.54
"861",67,"1",77,"11247","47","Word","High",1,725.43
"861",67,"1",78,"13134","34","Consonant String","Low",1,509.64
"861",67,"1",80,"12213","13","Pseudo-Word","High",1,866.51
"861",67,"1",81,"12231","31","Pseudo-Word","High",1,1044.41
"861",67,"1",82,"12118","18","Pseudo-Word","Low",1,808.98
"861",67,"1",83,"11128","28","Word","Low",1,476.85
"861",67,"1",84,"11233","33","Word","High",1,1280.08
"861",67,"1",85,"13110","10","Consonant String","Low",1,595.32
"861",67,"1",86,"13223","23","Consonant String","High",1,1068.87
"861",67,"1",87,"12142","42","Pseudo-Word","Low",0,-1430.8
"861",67,"1",88,"13148","48","Consonant String","Low",1,1207.08
"861",67,"1",89,"12243","43","Pseudo-Word","High",1,1069.65
"861",67,"1",91,"13245","45","Consonant String","High",1,623.55
"861",67,"1",92,"12114","14","Pseudo-Word","Low",1,617.42
"861",67,"1",93,"12126","26","Pseudo-Word","Low",1,674.29
"861",67,"1",94,"13215","15","Consonant String","High",1,491.15
"861",67,"1",95,"13124","24","Consonant String","Low",0,-670.69
"861",67,"1",96,"11148","48","Word","Low",0,-1091.56
"861",67,"1",97,"13231","31","Consonant String","High",1,637.15
"861",67,"1",98,"13237","37","Consonant String","High",1,560.34
"861",67,"1",99,"13116","16","Consonant String","Low",1,518.21
"861",67,"1",100,"13239","39","Consonant String","High",1,540.07
"861",67,"1",102,"13140","40","Consonant String","Low",1,972.29
"861",67,"1",103,"12132","32","Pseudo-Word","Low",1,579.18
"861",67,"1",104,"11205","05","Word","High",1,578.37
"861",67,"1",105,"13227","27","Consonant String","High",1,471.57
"861",67,"1",106,"12235","35","Pseudo-Word","High",1,977.45
"861",67,"1",107,"11243","43","Word","High",1,755.68
"861",67,"1",108,"11227","27","Word","High",1,415.21
"861",67,"1",109,"12124","24","Pseudo-Word","Low",1,680.07
"861",67,"1",110,"11114","14","Word","Low",0,-576.27
"861",67,"1",111,"11144","44","Word","Low",1,549.48
"861",67,"1",113,"12223","23","Pseudo-Word","High",1,689.02
"861",67,"1",114,"11112","12","Word","Low",1,481.21
"861",67,"1",115,"13219","19","Consonant String","High",1,457.41
"861",67,"1",116,"13235","35","Consonant String","High",1,679.14
"861",67,"1",117,"12219","19","Pseudo-Word","High",1,380.33
"861",67,"1",118,"12102","02","Pseudo-Word","Low",1,824.54
"861",67,"1",119,"11120","20","Word","Low",1,695.42
"861",67,"1",120,"11138","38","Word","Low",1,600.96
"861",67,"1",121,"12241","41","Pseudo-Word","High",0,-647.5
"861",67,"1",122,"13104","04","Consonant String","Low",1,574.04
"861",67,"1",124,"11106","06","Word","Low",1,481.89
"861",67,"1",125,"11124","24","Word","Low",1,440.08
"861",67,"1",126,"12221","21","Pseudo-Word","High",1,683.28
"861",67,"1",127,"11237","37","Word","High",1,607.5
"861",67,"1",128,"13112","12","Consonant String","Low",1,416.02
"861",67,"1",129,"11221","21","Word","High",0,-393.87
"861",67,"1",130,"12203","03","Pseudo-Word","High",1,557.39
"861",67,"1",131,"11146","46","Word","Low",1,510.93
"861",67,"1",132,"12245","45","Pseudo-Word","High",0,-1955.85
"861",67,"1",133,"13203","03","Consonant String","High",1,515.46
"861",67,"1",135,"11142","42","Word","Low",1,734.33
"861",67,"1",136,"12108","08","Pseudo-Word","Low",1,449.52
"861",67,"1",137,"13225","25","Consonant String","High",1,620.06
"861",67,"1",138,"13221","21","Consonant String","High",1,681.93
"861",67,"1",139,"11213","13","Word","High",1,519.13
"861",67,"1",140,"13207","07","Consonant String","High",1,550
"861",67,"1",141,"13146","46","Consonant String","Low",1,440.52
"861",67,"1",142,"11136","36","Word","Low",1,491.71
"861",67,"1",143,"11104","04","Word","Low",1,476.24
"861",67,"1",144,"11126","26","Word","Low",1,538.43
"861",67,"1",3,"13233","33","Consonant String","High",1,709.64
"861",67,"1",4,"11211","11","Word","High",1,857.52
"861",67,"1",5,"12120","20","Pseudo-Word","Low",1,527.07
"861",67,"1",6,"13144","44","Consonant String","Low",1,927.28
"861",67,"1",7,"11116","16","Word","Low",1,478.5
"861",67,"1",8,"12205","05","Pseudo-Word","High",1,561.69
"861",67,"1",9,"12134","34","Pseudo-Word","Low",1,448.55
"861",67,"1",10,"12211","11","Pseudo-Word","High",1,793.1
"861",67,"1",11,"11201","01","Word","High",1,583.64
"861",67,"1",12,"12140","40","Pseudo-Word","Low",1,530.84
"861",67,"1",14,"13130","30","Consonant String","Low",1,615.04
"861",67,"1",15,"13213","13","Consonant String","High",1,614.9
"861",67,"1",16,"13122","22","Consonant String","Low",0,-905.8
"861",67,"1",17,"12229","29","Pseudo-Word","High",0,-1188.37
"861",67,"1",18,"13136","36","Consonant String","Low",1,581.61
"861",67,"1",19,"12146","46","Pseudo-Word","Low",1,554.8
"861",67,"1",20,"13128","28","Consonant String","Low",1,619.34
"861",67,"1",21,"13114","14","Consonant String","Low",0,-754.22
"861",67,"1",22,"13118","18","Consonant String","Low",1,456.75
"861",67,"1",23,"11122","22","Word","Low",1,857.29
"861",67,"1",25,"11229","29","Word","High",1,442.83
"861",67,"1",26,"11134","34","Word","Low",1,483.36
"861",67,"1",27,"11118","18","Word","Low",1,403.54
"861",67,"1",28,"12239","39","Pseudo-Word","High",1,595.08
"861",67,"1",29,"11140","40","Word","Low",1,565.61
"861",67,"1",30,"12217","17","Pseudo-Word","High",1,520.48
"861",67,"1",31,"13201","01","Consonant String","High",1,1207.37
"861",67,"1",32,"11223","23","Word","High",1,803.94
"861",67,"1",33,"13205","05","Consonant String","High",1,961.51
"861",67,"1",34,"12148","48","Pseudo-Word","Low",1,459.39
"861",67,"1",36,"13132","32","Consonant String","Low",1,916.27
"861",67,"1",37,"12112","12","Pseudo-Word","Low",1,532.15
"861",67,"1",38,"12128","28","Pseudo-Word","Low",1,531.35
"861",67,"1",39,"12201","01","Pseudo-Word","High",1,672.54
"861",67,"1",40,"13243","43","Consonant String","High",1,730.42
"861",67,"1",41,"12110","10","Pseudo-Word","Low",1,462.63
"861",67,"1",42,"11102","02","Word","Low",1,590.49
"861",67,"1",43,"12138","38","Pseudo-Word","Low",1,540.69
"861",67,"1",44,"11203","03","Word","High",1,470.88
"861",67,"1",45,"13120","20","Consonant String","Low",0,-1303.78
"861",67,"1",47,"11110","10","Word","Low",1,517.34
"861",67,"1",48,"13217","17","Consonant String","High",0,-480.21
"861",67,"1",49,"11231","31","Word","High",1,612.4
"861",67,"1",50,"11207","07","Word","High",1,641.29
"861",67,"1",51,"12225","25","Pseudo-Word","High",1,691.82
"862",50,"2",1,"23145","45","Consonant String","Low",1,840.37
"862",50,"2",57,"23143","43","Consonant String","Low",0,-977.26
"862",50,"2",68,"21129","29","Word","Low",1,696.16
"862",50,"2",79,"21210","10","Word","High",1,901.37
"862",50,"2",90,"22214","14","Pseudo-Word","High",1,1141.61
"862",50,"2",101,"22210","10","Pseudo-Word","High",1,1264.87
"862",50,"2",112,"22131","31","Pseudo-Word","Low",0,-2263.52
"862",50,"2",123,"21119","19","Word","Low",1,569.13
"862",50,"2",134,"23121","21","Consonant String","Low",0,-1481.71
"862",50,"2",2,"23242","42","Consonant String","High",0,-1481.67
"862",50,"2",13,"23244","44","Consonant String","High",1,1325.59
"862",50,"2",24,"21226","26","Word","High",1,836.51
"862",50,"2",35,"21127","27","Word","Low",1,654.4
"862",50,"2",46,"22125","25","Pseudo-Word","Low",1,1562.64
"862",50,"2",52,"23139","39","Consonant String","Low",0,-1478.26
"862",50,"2",53,"21105","05","Word","Low",1,879.2
"862",50,"2",54,"21204","04","Word","High",1,701.07
"862",50,"2",55,"22117","17","Pseudo-Word","Low",1,1774.34
"862",50,"2",56,"21228","28","Word","High",1,721.94
"862",50,"2",58,"21202","02","Word","High",1,1525.51
"862",50,"2",59,"22109","09","Pseudo-Word","Low",1,758.44
"862",50,"2",60,"22105","05","Pseudo-Word","Low",1,868.65
"862",50,"2",61,"22236","36","Pseudo-Word","High",1,1267.23
"862",50,"2",62,"22224","24","Pseudo-Word","High",1,904.81
"862",50,"2",63,"23202","02","Consonant String","High",1,1229.06
"862",50,"2",64,"23111","11","Consonant String","Low",1,809.96
"862",50,"2",65,"22115","15","Pseudo-Word","Low",1,623.52
"862",50,"2",66,"23224","24","Consonant String","High",1,1551.09
"862",50,"2",67,"23123","23","Consonant String","Low",1,740.35
"862",50,"2",69,"22212","12","Pseudo-Word","High",1,700.22
"862",50,"2",70,"22242","42","Pseudo-Word","High",1,740.44
"862",50,"2",71,"22232","32","Pseudo-Word","High",0,-1220.34
"862",50,"2",72,"23232","32","Consonant String","High",1,1211.94
"862",50,"2",73,"22238","38","Pseudo-Word","High",0,-1175.52
"862",50,"2",74,"23119","19","Consonant String","Low",1,764.43
"862",50,"2",75,"23109","09","Consonant String","Low",1,1272
"862",50,"2",76,"22202","02","Pseudo-Word","High",1,1239.59
"862",50,"2",77,"21133","33","Word","Low",1,597.5
"862",50,"2",78,"23214","14","Consonant String","High",1,1809.75
"862",50,"2",80,"21137","37","Word","Low",1,774.36
"862",50,"2",81,"22246","46","Pseudo-Word","High",0,-907.91
"862",50,"2",82,"21131","31","Word","Low",1,1296.49
"862",50,"2",83,"23248","48","Consonant String","High",0,-811.74
"862",50,"2",84,"22240","40","Pseudo-Word","High",1,971.3
"862",50,"2",85,"21208","08","Word","High",1,549.85
"862",50,"2",86,"21135","35","Word","Low",1,976.06
"862",50,"2",87,"22218","18","Pseudo-Word","High",1,1170.97
"862",50,"2",88,"23226","26","Consonant String","High",1,2083.61
"862",50,"2",89,"23218","18","Consonant String","High",0,-1369.58
"862",50,"2",91,"22129","29","Pseudo-Word","Low",1,1712.2
"862",50,"2",92,"21236","36","Word","High",1,840.81
"862",50,"2",93,"21240","40","Word","High",1,504.68
"862",50,"2",94,"22248","48","Pseudo-Word","High",1,872.88
"862",50,"2",95,"21113","13","Word","Low",1,607.44
"862",50,"2",96,"23238","38","Consonant String","High",1,1067.66
"862",50,"2",97,"23234","34","Consonant String","High",1,511.21
"862",50,"2",98,"21224","24","Word","High",1,662.74
"862",50,"2",99,"22145","45","Pseudo-Word","Low",1,1114.31
"862",50,"2",100,"22204","04","Pseudo-Word","High",1,827.88
"862",50,"2",102,"23117","17","Consonant String","Low",0,-1539.79
"862",50,"2",103,"21125","25","Word","Low",1,717.71
"862",50,"2",104,"21220","20","Word","High",1,608.26
"862",50,"2",105,"23220","20","Consonant String","High",1,931.47
"862",50,"2",106,"22137","37","Pseudo-Word","Low",1,744.37
"862",50,"2",107,"22133","33","Pseudo-Word","Low",1,879.58
"862",50,"2",108,"22222","22","Pseudo-Word","High",1,768.47
"862",50,"2",109,"23204","04","Consonant String","High",1,950.03
"862",50,"2",110,"21244","44","Word","High",1,491.24
"862",50,"2",111,"22230","30","Pseudo-Word","High",1,799.44
"862",50,"2",113,"22127","27","Pseudo-Word","Low",1,522.65
"862",50,"2",114,"22216","16","Pseudo-Word","High",1,998.2
"862",50,"2",115,"22113","13","Pseudo-Word","Low",1,1174.45
"862",50,"2",116,"21103","03","Word","Low",1,608.7
"862",50,"2",117,"22121","21","Pseudo-Word","Low",1,850.91
"862",50,"2",118,"21121","21","Word","Low",1,546.12
"862",50,"2",119,"22111","11","Pseudo-Word","Low",1,534.31
"862",50,"2",120,"23107","07","Consonant String","Low",0,-1289.2
"862",50,"2",121,"21145","45","Word","Low",1,628.11
"862",50,"2",122,"21147","47","Word","Low",1,589.97
"862",50,"2",124,"21232","32","Word","High",1,769.86
"862",50,"2",125,"22226","26","Pseudo-Word","High",1,688.4
"862",50,"2",126,"22103","03","Pseudo-Word","Low",1,883.28
"862",50,"2",127,"22107","07","Pseudo-Word","Low",1,821.17
"862",50,"2",128,"21139","39","Word","Low",1,792.72
"862",50,"2",129,"21248","48","Word","High",1,639.93
"862",50,"2",130,"23131","31","Consonant String","Low",0,-1542.85
"862",50,"2",131,"22119","19","Pseudo-Word","Low",1,579.09
"862",50,"2",132,"22234","34","Pseudo-Word","High",1,642.96
"862",50,"2",133,"22220","20","Pseudo-Word","High",1,757.18
"862",50,"2",135,"23206","06","Consonant String","High",1,720.39
"862",50,"2",136,"23228","28","Consonant String","High",1,792.94
"862",50,"2",137,"23125","25","Consonant String","Low",1,902.16
"862",50,"2",138,"21109","09","Word","Low",1,573.38
"862",50,"2",139,"21238","38","Word","High",1,409.91
"862",50,"2",140,"23210","10","Consonant String","High",0,-1391.46
"862",50,"2",141,"23216","16","Consonant String","High",1,968.72
"862",50,"2",142,"21123","23","Word","Low",1,585.27
"862",50,"2",143,"22135","35","Pseudo-Word","Low",1,524.14
"862",50,"2",144,"23137","37","Consonant String","Low",1,1295.69
"862",50,"2",3,"23133","33","Consonant String","Low",1,773.94
"862",50,"2",4,"23103","03","Consonant String","Low",1,618.48
"862",50,"2",5,"21246","46","Word","High",1,469.01
"862",50,"2",6,"23147","47","Consonant String","Low",0,-1150.56
"862",50,"2",7,"22101","01","Pseudo-Word","Low",1,680.79
"862",50,"2",8,"22208","08","Pseudo-Word","High",1,567.67
"862",50,"2",9,"23135","35","Consonant String","Low",1,714.2
"862",50,"2",10,"21216","16","Word","High",0,-1546.79
"862",50,"2",11,"21206","06","Word","High",1,459.02
"862",50,"2",12,"21141","41","Word","Low",1,439.54
"862",50,"2",14,"21234","34","Word","High",0,-511.42
"862",50,"2",15,"23115","15","Consonant String","Low",0,-1818.98
"862",50,"2",16,"23141","41","Consonant String","Low",0,-972.6
"862",50,"2",17,"22143","43","Pseudo-Word","Low",1,1081.17
"862",50,"2",18,"22228","28","Pseudo-Word","High",1,1181.09
"862",50,"2",19,"21222","22","Word","High",1,666.98
"862",50,"2",20,"22147","47","Pseudo-Word","Low",1,486.49
"862",50,"2",21,"23240","40","Consonant String","High",1,1183.41
"862",50,"2",22,"23222","22","Consonant String","High",1,824.31
"862",50,"2",23,"23105","05","Consonant String","Low",1,957.87
"862",50,"2",25,"21230","30","Word","High",1,691.44
"862",50,"2",26,"23127","27","Consonant String","Low",1,770.65
"862",50,"2",27,"21143","43","Word","Low",1,677.19
"862",50,"2",28,"21115","15","Word","Low",1,596.06
"862",50,"2",29,"21212","12","Word","High",1,634.26
"862",50,"2",30,"22206","06","Pseudo-Word","High",1,861.14
"862",50,"2",31,"21107","07","Word","Low",1,620.69
"862",50,"2",32,"21101","01","Word","Low",0,-1012.24
"862",50,"2",33,"23246","46","Consonant String","High",0,-1490.84
"862",50,"2",34,"21218","18","Word","High",1,749.74
"862",50,"2",36,"23236","36","Consonant String","High",0,-1554.01
"862",50,"2",37,"22139","39","Pseudo-Word","Low",1,594.25
"862",50,"2",38,"22244","44","Pseudo-Word","High",1,1205.48
"862",50,"2",39,"23212","12","Consonant String","High",1,977.73
"862",50,"2",40,"21117","17","Word","Low",1,816.63
"862",50,"2",41,"21214","14","Word","High",1,772.18
"862",50,"2",42,"22123","23","Pseudo-Word","Low",1,1203.75
"862",50,"2",43,"23101","01","Consonant String","Low",1,1250
"862",50,"2",44,"23113","13","Consonant String","Low",1,1770.29
"862",50,"2",45,"23129","29","Consonant String","Low",0,-1316.92
"862",50,"2",47,"23230","30","Consonant String","High",1,1096.5
"862",50,"2",48,"23208","08","Consonant String","High",0,-1020.77
"862",50,"2",49,"21242","42","Word","High",1,537.31
"862",50,"2",50,"21111","11","Word","Low",1,521.17
"862",50,"2",51,"22141","41","Pseudo-Word","Low",1,1834.75
"863",33,"3",1,"31219","19","Word","High",0,-1050.61
"863",33,"3",57,"33201","01","Consonant String","High",1,850.52
"863",33,"3",68,"31211","11","Word","High",1,609.4
"863",33,"3",79,"33114","14","Consonant String","Low",0,-704.66
"863",33,"3",90,"31243","43","Word","High",0,-749.47
"863",33,"3",101,"32116","16","Pseudo-Word","Low",0,-892.37
"863",33,"3",112,"33128","28","Consonant String","Low",0,-844.26
"863",33,"3",123,"31136","36","Word","Low",1,722.15
"863",33,"3",134,"33227","27","Consonant String","High",1,1823.4
"863",33,"3",2,"32126","26","Pseudo-Word","Low",1,635.67
"863",33,"3",13,"31215","15","Word","High",0,-2010.26
"863",33,"3",24,"33215","15","Consonant String","High",1,1244.56
"863",33,"3",35,"32144","44","Pseudo-Word","Low",1,1100.48
"863",33,"3",46,"32229","29","Pseudo-Word","High",0,-2202.45
"863",33,"3",52,"31227","27","Word","High",1,526.39
"863",33,"3",53,"33108","08","Consonant String","Low",1,1572.96
"863",33,"3",54,"33245","45","Consonant String","High",1,615.21
"863",33,"3",55,"33126","26","Consonant String","Low",1,3529.55
"863",33,"3",56,"31239","39","Word","High",1,1009.24
"863",33,"3",58,"31108","08","Word","Low",1,530.46
"863",33,"3",59,"31203","03","Word","High",1,583.99
"863",33,"3",60,"32235","35","Pseudo-Word","High",1,1410.57
"863",33,"3",61,"32112","12","Pseudo-Word","Low",1,1923.86
"863",33,"3",62,"33136","36","Consonant String","Low",1,854.13
"863",33,"3",63,"33223","23","Consonant String","High",1,1085.03
"863",33,"3",64,"31128","28","Word","Low",0,-1792.65
"863",33,"3",65,"31122","22","Word","Low",1,522.57
"863",33,"3",66,"31205","05","Word","High",1,1142.8
"863",33,"3",67,"31110","10","Word","Low",1,528.68
"863",33,"3",69,"31225","25","Word","High",1,818.22
"863",33,"3",70,"31120","20","Word","Low",1,725.44
"863",33,"3",71,"32122","22","Pseudo-Word","Low",1,1464.01
"863",33,"3",72,"32233","33","Pseudo-Word","High",1,807.26
"863",33,"3",73,"32132","32","Pseudo-Word","Low",1,1355.17
"863",33,"3",74,"32130","30","Pseudo-Word","Low",1,857.1
"863",33,"3",75,"32239","39","Pseudo-Word","High",1,640.97
"863",33,"3",76,"33130","30","Consonant String","Low",1,1411.54
"863",33,"3",77,"31213","13","Word","High",1,748.79
"863",33,"3",78,"32110","10","Pseudo-Word","Low",1,1044.68
"863",33,"3",80,"33209","09","Consonant String","High",1,1324.6
"863",33,"3",81,"33106","06","Consonant String","Low",0,-2018.9
"863",33,"3",82,"33104","04","Consonant String","Low",1,1363.21
"863",33,"3",83,"31118","18","Word","Low",1,1774.5
"863",33,"3",84,"31241","41","Word","High",0,-592.75
"863",33,"3",85,"33231","31","Consonant String","High",1,563.62
"863",33,"3",86,"32231","31","Pseudo-Word","High",1,650.82
"863",33,"3",87,"32237","37","Pseudo-Word","High",1,550.69
"863",33,"3",88,"31130","30","Word","Low",1,1729.62
"863",33,"3",89,"33243","43","Consonant String","High",1,1542.23
"863",33,"3",91,"32128","28","Pseudo-Word","Low",0,-586.14
"863",33,"3",92,"32136","36","Pseudo-Word","Low",1,494.67
"863",33,"3",93,"32140","40","Pseudo-Word","Low",0,-1023.55
"863",33,"3",94,"31142","42","Word","Low",1,446.76
"863",33,"3",95,"32134","34","Pseudo-Word","Low",1,425.62
"863",33,"3",96,"33241","41","Consonant String","High",1,1070.16
"863",33,"3",97,"33221","21","Consonant String","High",1,1234.41
"863",33,"3",98,"31140","40","Word","Low",1,1055
"863",33,"3",99,"33213","13","Consonant String","High",1,1317.92
"863",33,"3",100,"31148","48","Word","Low",1,439.15
"863",33,"3",102,"31138","38","Word","Low",1,459.66
"863",33,"3",103,"31217","17","Word","High",0,-1165.88
"863",33,"3",104,"33219","19","Consonant String","High",0,-866.13
"863",33,"3",105,"33205","05","Consonant String","High",0,-1519.37
"863",33,"3",106,"32108","08","Pseudo-Word","Low",0,-537.62
"863",33,"3",107,"31114","14","Word","Low",1,688.15
"863",33,"3",108,"33124","24","Consonant String","Low",0,-2279.77
"863",33,"3",109,"32247","47","Pseudo-Word","High",0,-1096.4
"863",33,"3",110,"31126","26","Word","Low",1,556.29
"863",33,"3",111,"31237","37","Word","High",1,462.15
"863",33,"3",113,"31233","33","Word","High",1,497.33
"863",33,"3",114,"32106","06","Pseudo-Word","Low",1,883.21
"863",33,"3",115,"32241","41","Pseudo-Word","High",1,1398.79
"863",33,"3",116,"33207","07","Consonant String","High",1,808.19
"863",33,"3",117,"33138","38","Consonant String","Low",1,2689.15
"863",33,"3",118,"33203","03","Consonant String","High",0,-660.8
"863",33,"3",119,"33247","47","Consonant String","High",0,-1340.04
"863",33,"3",120,"31104","04","Word","Low",1,1010.63
"863",33,"3",121,"31134","34","Word","Low",1,472.84
"863",33,"3",122,"33122","22","Consonant String","Low",0,-3368.15
"863",33,"3",124,"32142","42","Pseudo-Word","Low",0,-1272.52
"863",33,"3",125,"32138","38","Pseudo-Word","Low",1,460.75
"863",33,"3",126,"33217","17","Consonant String","High",1,931.96
"863",33,"3",127,"33235","35","Consonant String","High",1,1300.16
"863",33,"3",128,"32114","14","Pseudo-Word","Low",1,793.45
"863",33,"3",129,"31102","02","Word","Low",0,-1160.34
"863",33,"3",130,"31209","09","Word","High",1,887.59
"863",33,"3",131,"33102","02","Consonant String","Low",1,1251.16
"863",33,"3",132,"32120","20","Pseudo-Word","Low",1,666.06
"863",33,"3",133,"32124","24","Pseudo-Word","Low",0,-2058.33
"863",33,"3",135,"32225","25","Pseudo-Word","High",0,-1097.29
"863",33,"3",136,"33142","42","Consonant String","Low",1,1528.23
"863",33,"3",137,"33148","48","Consonant String","Low",1,487.8
"863",33,"3",138,"33211","11","Consonant String","High",1,1583.37
"863",33,"3",139,"32245","45","Pseudo-Word","High",1,640.95
"863",33,"3",140,"32211","11","Pseudo-Word","High",1,887.5
"863",33,"3",141,"31146","46","Word","Low",1,538.05
"863",33,"3",142,"32209","09","Pseudo-Word","High",0,-2231.65
"863",33,"3",143,"33120","20","Consonant String","Low",0,-1170.28
"863",33,"3",144,"33132","32","Consonant String","Low",1,729.52
"863",33,"3",3,"31221","21","Word","High",1,615.06
"863",33,"3",4,"32104","04","Pseudo-Word","Low",1,932.27
"863",33,"3",5,"32215","15","Pseudo-Word","High",0,-774.83
"863",33,"3",6,"31231","31","Word","High",1,466.03
"863",33,"3",7,"31207","07","Word","High",1,1005.24
"863",33,"3",8,"32221","21","Pseudo-Word","High",1,1133.15
"863",33,"3",9,"31247","47","Word","High",1,487.71
"863",33,"3",10,"32243","43","Pseudo-Word","High",1,669.24
"863",33,"3",11,"33112","12","Consonant String","Low",0,-755.45
"863",33,"3",12,"33229","29","Consonant String","High",1,667.32
"863",33,"3",14,"33144","44","Consonant String","Low",1,584.52
"863",33,"3",15,"31106","06","Word","Low",1,599.05
"863",33,"3",16,"32203","03","Pseudo-Word","High",0,-1301.95
"863",33,"3",17,"32205","05","Pseudo-Word","High",1,756.86
"863",33,"3",18,"31201","01","Word","High",1,713.73
"863",33,"3",19,"33140","40","Consonant String","Low",1,499.93
"863",33,"3",20,"31223","23","Word","High",1,612.8
"863",33,"3",21,"31245","45","Word","High",1,518.99
"863",33,"3",22,"32118","18","Pseudo-Word","Low",1,1474.21
"863",33,"3",23,"32219","19","Pseudo-Word","High",0,-452.46
"863",33,"3",25,"32148","48","Pseudo-Word","Low",1,546.32
"863",33,"3",26,"31116","16","Word","Low",0,-1692.23
"863",33,"3",27,"31132","32","Word","Low",0,-1318.18
"863",33,"3",28,"33118","18","Consonant String","Low",1,1079.44
"863",33,"3",29,"31124","24","Word","Low",0,-1055.02
"863",33,"3",30,"31235","35","Word","High",1,956.92
"863",33,"3",31,"33237","37","Consonant String","High",1,469.8
"863",33,"3",32,"32146","46","Pseudo-Word","Low",1,1361.02
"863",33,"3",33,"31229","29","Word","High",1,459.26
"863",33,"3",34,"33110","10","Consonant String","Low",1,582.45
"863",33,"3",36,"33146","46","Consonant String","Low",1,1150.01
"863",33,"3",37,"32217","17","Pseudo-Word","High",1,508.89
"863",33,"3",38,"31112","12","Word","Low",1,992.1
"863",33,"3",39,"32227","27","Pseudo-Word","High",1,579
"863",33,"3",40,"32213","13","Pseudo-Word","High",0,-813.54
"863",33,"3",41,"32207","07","Pseudo-Word","High",1,540.75
"863",33,"3",42,"32102","02","Pseudo-Word","Low",1,2796.37
"863",33,"3",43,"32201","01","Pseudo-Word","High",0,-958.37
"863",33,"3",44,"33239","39","Consonant String","High",1,696.25
"863",33,"3",45,"33134","34","Consonant String","Low",1,473.11
"863",33,"3",47,"33116","16","Consonant String","Low",0,-1160.35
"863",33,"3",48,"33233","33","Consonant String","High",0,-1263.59
"863",33,"3",49,"32223","23","Pseudo-Word","High",0,-1087.85
"863",33,"3",50,"31144","44","Word","Low",1,1505.44
"863",33,"3",51,"33225","25","Consonant String","High",0,-1561.39
"864",50,"4",1,"42218","18","Pseudo-Word","High",1,1797.44
"864",50,"4",57,"41248","48","Word","High",1,1109.72
"864",50,"4",68,"43109","09","Consonant String","Low",0,-1533.32
"864",50,"4",79,"41220","20","Word","High",1,1262.27
"864",50,"4",90,"43202","02","Consonant String","High",0,-1581.88
"864",50,"4",101,"41103","03","Word","Low",1,1335.83
"864",50,"4",112,"41224","24","Word","High",1,1344.76
"864",50,"4",123,"42103","03","Pseudo-Word","Low",1,1250.03
"864",50,"4",134,"41133","33","Word","Low",1,1338.3
"864",50,"4",2,"42240","40","Pseudo-Word","High",1,1856.27
"864",50,"4",13,"41232","32","Word","High",1,1196.56
"864",50,"4",24,"42131","31","Pseudo-Word","Low",1,1474.82
"864",50,"4",35,"43210","10","Consonant String","High",0,-1634.45
"864",50,"4",46,"41117","17","Word","Low",1,1258.39
"864",50,"4",52,"43244","44","Consonant String","High",0,-1323.67
"864",50,"4",53,"43214","14","Consonant String","High",0,-1303.27
"864",50,"4",54,"43139","39","Consonant String","Low",1,1517.54
"864",50,"4",55,"43242","42","Consonant String","High",1,1430.16
"864",50,"4",56,"43226","26","Consonant String","High",0,-1720.12
"864",50,"4",58,"42125","25","Pseudo-Word","Low",0,-2026.77
"864",50,"4",59,"41208","08","Word","High",1,1201.74
"864",50,"4",60,"41147","47","Word","Low",1,924.99
"864",50,"4",61,"41141","41","Word","Low",1,1387.57
"864",50,"4",62,"43143","43","Consonant String","Low",0,-988.5
"864",50,"4",63,"43135","35","Consonant String","Low",0,-839.39
"864",50,"4",64,"41139","39","Word","Low",1,956.29
"864",50,"4",65,"41101","01","Word","Low",0,-1266.54
"864",50,"4",66,"42133","33","Pseudo-Word","Low",1,1409.14
"864",50,"4",67,"43236","36","Consonant String","High",1,1413.75
"864",50,"4",69,"43238","38","Consonant String","High",0,-1203.36
"864",50,"4",70,"41129","29","Word","Low",1,906.59
"864",50,"4",71,"42119","19","Pseudo-Word","Low",0,-1745.87
"864",50,"4",72,"42147","47","Pseudo-Word","Low",1,1379.15
"864",50,"4",73,"41119","19","Word","Low",1,1338.1
"864",50,"4",74,"42141","41","Pseudo-Word","Low",1,917.02
"864",50,"4",75,"43248","48","Consonant String","High",1,1916.62
"864",50,"4",76,"43147","47","Consonant String","Low",1,1871.28
"864",50,"4",77,"42139","39","Pseudo-Word","Low",1,1750.93
"864",50,"4",78,"41242","42","Word","High",1,1049.21
"864",50,"4",80,"43234","34","Consonant String","High",0,-1269.47
"864",50,"4",81,"41226","26","Word","High",1,942.05
"864",50,"4",82,"41135","35","Word","Low",0,-1626.31
"864",50,"4",83,"41212","12","Word","High",1,1510.28
"864",50,"4",84,"41121","21","Word","Low",1,1017.88
"864",50,"4",85,"41127","27","Word","Low",1,1042.45
"864",50,"4",86,"43105","05","Consonant String","Low",1,1505.71
"864",50,"4",87,"42230","30","Pseudo-Word","High",1,1047.98
"864",50,"4",88,"43246","46","Consonant String","High",0,-1103.22
"864",50,"4",89,"43123","23","Consonant String","Low",1,914.46
"864",50,"4",91,"43121","21","Consonant String","Low",1,1081.04
"864",50,"4",92,"41143","43","Word","Low",0,-912.94
"864",50,"4",93,"42123","23","Pseudo-Word","Low",1,903.51
"864",50,"4",94,"41228","28","Word","High",1,922.74
"864",50,"4",95,"43127","27","Consonant String","Low",0,-1017.31
"864",50,"4",96,"43115","15","Consonant String","Low",0,-1255.88
"864",50,"4",97,"41230","30","Word","High",1,1038.14
"864",50,"4",98,"41125","25","Word","Low",1,764.03
"864",50,"4",99,"42135","35","Pseudo-Word","Low",1,792.58
"864",50,"4",100,"43222","22","Consonant String","High",0,-1343.83
"864",50,"4",102,"41222","22","Word","High",1,1278.09
"864",50,"4",103,"42238","38","Pseudo-Word","High",1,1085.02
"864",50,"4",104,"43117","17","Consonant String","Low",0,-974.92
"864",50,"4",105,"43113","13","Consonant String","Low",0,-1183.5
"864",50,"4",106,"43240","40","Consonant String","High",0,-1903.46
"864",50,"4",107,"42204","04","Pseudo-Word","High",1,1452.77
"864",50,"4",108,"42222","22","Pseudo-Word","High",1,1180.04
"864",50,"4",109,"43101","01","Consonant String","Low",1,1274.96
"864",50,"4",110,"42101","01","Pseudo-Word","Low",1,1270.56
"864",50,"4",111,"42143","43","Pseudo-Word","Low",0,-1545.17
"864",50,"4",113,"43141","41","Consonant String","Low",1,1244.42
"864",50,"4",114,"43206","06","Consonant String","High",1,1851.73
"864",50,"4",115,"42206","06","Pseudo-Word","High",0,-1344.03
"864",50,"4",116,"43224","24","Consonant String","High",0,-1226.75
"864",50,"4",117,"41214","14","Word","High",1,948.66
"864",50,"4",118,"41115","15","Word","Low",1,920.9
"864",50,"4",119,"43131","31","Consonant String","Low",1,1402.82
"864",50,"4",120,"42137","37","Pseudo-Word","Low",0,-1162.08
"864",50,"4",121,"42214","14","Pseudo-Word","High",1,1562.69
"864",50,"4",122,"43145","45","Consonant String","Low",1,1128.29
"864",50,"4",124,"42216","16","Pseudo-Word","High",0,-1466.22
"864",50,"4",125,"41109","09","Word","Low",1,741.81
"864",50,"4",126,"41111","11","Word","Low",1,1031.03
"864",50,"4",127,"42127","27","Pseudo-Word","Low",1,774.93
"864",50,"4",128,"43216","16","Consonant String","High",0,-1805.53
"864",50,"4",129,"42107","07","Pseudo-Word","Low",1,1090.8
"864",50,"4",130,"42208","08","Pseudo-Word","High",1,900.71
"864",50,"4",131,"42232","32","Pseudo-Word","High",1,1276.95
"864",50,"4",132,"42226","26","Pseudo-Word","High",1,953.87
"864",50,"4",133,"42242","42","Pseudo-Word","High",1,982.12
"864",50,"4",135,"42234","34","Pseudo-Word","High",1,851
"864",50,"4",136,"42117","17","Pseudo-Word","Low",1,1550.26
"864",50,"4",137,"43103","03","Consonant String","Low",1,1273.54
"864",50,"4",138,"42246","46","Pseudo-Word","High",1,865.11
"864",50,"4",139,"43125","25","Consonant String","Low",1,1079.7
"864",50,"4",140,"41216","16","Word","High",1,839.58
"864",50,"4",141,"41145","45","Word","Low",1,852.48
"864",50,"4",142,"43204","04","Consonant String","High",1,958.7
"864",50,"4",143,"43208","08","Consonant String","High",0,-840.27
"864",50,"4",144,"43137","37","Consonant String","Low",0,-1266.18
"864",50,"4",3,"41113","13","Word","Low",0,-974.76
"864",50,"4",4,"41137","37","Word","Low",0,-1516.35
"864",50,"4",5,"43218","18","Consonant String","High",0,-1202.96
"864",50,"4",6,"42105","05","Pseudo-Word","Low",1,914.19
"864",50,"4",7,"41105","05","Word","Low",1,1042.76
"864",50,"4",8,"42111","11","Pseudo-Word","Low",1,1140.02
"864",50,"4",9,"43228","28","Consonant String","High",1,1513.94
"864",50,"4",10,"42109","09","Pseudo-Word","Low",1,786.53
"864",50,"4",11,"42244","44","Pseudo-Word","High",1,1198.43
"864",50,"4",12,"43129","29","Consonant String","Low",1,1501.71
"864",50,"4",14,"42121","21","Pseudo-Word","Low",1,1459.98
"864",50,"4",15,"42212","12","Pseudo-Word","High",1,1459.6
"864",50,"4",16,"41210","10","Word","High",1,962.2
"864",50,"4",17,"41236","36","Word","High",1,1122.77
"864",50,"4",18,"41206","06","Word","High",1,935.34
"864",50,"4",19,"43220","20","Consonant String","High",0,-1145.25
"864",50,"4",20,"42220","20","Pseudo-Word","High",1,1068.5
"864",50,"4",21,"43111","11","Consonant String","Low",1,900.07
"864",50,"4",22,"41240","40","Word","High",1,963.3
"864",50,"4",23,"41244","44","Word","High",1,1177.88
"864",50,"4",25,"41107","07","Word","Low",1,963.79
"864",50,"4",26,"43133","33","Consonant String","Low",1,863.35
"864",50,"4",27,"43232","32","Consonant String","High",1,1281.93
"864",50,"4",28,"43119","19","Consonant String","Low",0,-1426.87
"864",50,"4",29,"42236","36","Pseudo-Word","High",1,972.79
"864",50,"4",30,"42129","29","Pseudo-Word","Low",1,1264.37
"864",50,"4",31,"41131","31","Word","Low",1,1079.96
"864",50,"4",32,"41218","18","Word","High",1,1038.87
"864",50,"4",33,"43230","30","Consonant String","High",1,1452.8
"864",50,"4",34,"42145","45","Pseudo-Word","Low",1,1133.06
"864",50,"4",36,"42210","10","Pseudo-Word","High",1,1169.97
"864",50,"4",37,"41202","02","Word","High",1,1098.57
"864",50,"4",38,"41123","23","Word","Low",1,907.8
"864",50,"4",39,"42248","48","Pseudo-Word","High",1,1045.37
"864",50,"4",40,"41204","04","Word","High",1,847.61
"864",50,"4",41,"43107","07","Consonant String","Low",1,977.83
"864",50,"4",42,"42113","13","Pseudo-Word","Low",1,980.73
"864",50,"4",43,"41238","38","Word","High",1,877.63
"864",50,"4",44,"42228","28","Pseudo-Word","High",1,1212.54
"864",50,"4",45,"41246","46","Word","High",1,1069.13
"864",50,"4",47,"42224","24","Pseudo-Word","High",0,-1243.71
"864",50,"4",48,"41234","34","Word","High",1,835.95
"864",50,"4",49,"42115","15","Pseudo-Word","Low",1,1318.87
"864",50,"4",50,"42202","02","Pseudo-Word","High",1,1769.49
"864",50,"4",51,"43212","12","Consonant String","High",0,-1242.11
"865",67,"1",1,"13213","13","Consonant String","High",0,-733.2
"865",67,"1",57,"12201","01","Pseudo-Word","High",1,532.41
"865",67,"1",68,"11221","21","Word","High",1,729.61
"865",67,"1",79,"11233","33","Word","High",1,717.82
"865",67,"1",90,"13243","43","Consonant String","High",1,1071.68
"865",67,"1",101,"11130","30","Word","Low",1,539.57
"865",67,"1",112,"12243","43","Pseudo-Word","High",1,1107.78
"865",67,"1",123,"13233","33","Consonant String","High",0,-682.67
"865",67,"1",134,"11241","41","Word","High",1,659.87
"865",67,"1",2,"12229","29","Pseudo-Word","High",0,-1182.78
"865",67,"1",13,"13110","10","Consonant String","Low",0,-705.01
"865",67,"1",24,"11227","27","Word","High",1,653.55
"865",67,"1",35,"12215","15","Pseudo-Word","High",1,865.08
"865",67,"1",46,"11140","40","Word","Low",1,454.95
"865",67,"1",52,"12148","48","Pseudo-Word","Low",1,954.49
"865",67,"1",53,"11205","05","Word","High",1,1054.05
"865",67,"1",54,"11219","19","Word","High",0,-1125.62
"865",67,"1",55,"13108","08","Consonant String","Low",0,-748.85
"865",67,"1",56,"12205","05","Pseudo-Word","High",1,1155.41
"865",67,"1",58,"12134","34","Pseudo-Word","Low",0,-813.99
"865",67,"1",59,"11207","07","Word","High",1,782.85
"865",67,"1",60,"11142","42","Word","Low",1,542.05
"865",67,"1",61,"11225","25","Word","High",1,723.58
"865",67,"1",62,"13146","46","Consonant String","Low",1,782.47
"865",67,"1",63,"13106","06","Consonant String","Low",0,-610.68
"865",67,"1",64,"13116","16","Consonant String","Low",1,788.54
"865",67,"1",65,"11128","28","Word","Low",1,734.76
"865",67,"1",66,"12211","11","Pseudo-Word","High",1,1121.97
"865",67,"1",67,"11229","29","Word","High",1,773.88
"865",67,"1",69,"12219","19","Pseudo-Word","High",1,536.74
"865",67,"1",70,"12116","16","Pseudo-Word","Low",0,-691.93
"865",67,"1",71,"12130","30","Pseudo-Word","Low",1,585.47
"865",67,"1",72,"13231","31","Consonant String","High",1,638.67
"865",67,"1",73,"12146","46","Pseudo-Word","Low",0,-740.87
"865",67,"1",74,"11126","26","Word","Low",1,910.09
"865",67,"1",75,"12223","23","Pseudo-Word","High",1,917.98
"865",67,"1",76,"11243","43","Word","High",1,602.86
"865",67,"1",77,"13132","32","Consonant String","Low",0,-613.38
"865",67,"1",78,"13223","23","Consonant String","High",1,1104.27
"865",67,"1",80,"13239","39","Consonant String","High",1,413.82
"865",67,"1",81,"12122","22","Pseudo-Word","Low",1,605.66
"865",67,"1",82,"13120","20","Consonant String","Low",1,556.2
"865",67,"1",83,"12235","35","Pseudo-Word","High",1,877.73
"865",67,"1",84,"12221","21","Pseudo-Word","High",1,638.94
"865",67,"1",85,"13142","42","Consonant String","Low",1,781.15
"865",67,"1",86,"12112","12","Pseudo-Word","Low",1,596.36
"865",67,"1",87,"12233","33","Pseudo-Word","High",1,528.88
"865",67,"1",88,"13229","29","Consonant String","High",0,-518.07
"865",67,"1",89,"12110","10","Pseudo-Word","Low",0,-638.93
"865",67,"1",91,"13237","37","Consonant String","High",0,-551.12
"865",67,"1",92,"13203","03","Consonant String","High",1,1069.67
"865",67,"1",93,"11102","02","Word","Low",1,660.56
"865",67,"1",94,"13207","07","Consonant String","High",0,-462.42
"865",67,"1",95,"13112","12","Consonant String","Low",1,580.27
"865",67,"1",96,"12124","24","Pseudo-Word","Low",1,605.47
"865",67,"1",97,"13102","02","Consonant String","Low",1,771
"865",67,"1",98,"11217","17","Word","High",1,790.88
"865",67,"1",99,"11132","32","Word","Low",1,584.08
"865",67,"1",100,"13114","14","Consonant String","Low",1,561.28
"865",67,"1",102,"11114","14","Word","Low",1,716.14
"865",67,"1",103,"13124","24","Consonant String","Low",0,-1135.03
"865",67,"1",104,"11144","44","Word","Low",1,580.26
"865",67,"1",105,"11231","31","Word","High",1,556.44
"865",67,"1",106,"11124","24","Word","Low",1,432.96
"865",67,"1",107,"11148","48","Word","Low",1,493.15
"865",67,"1",108,"11146","46","Word","Low",1,578.67
"865",67,"1",109,"12225","25","Pseudo-Word","High",1,1143.88
"865",67,"1",110,"11120","20","Word","Low",1,435.45
"865",67,"1",111,"12241","41","Pseudo-Word","High",0,-1534.66
"865",67,"1",113,"13128","28","Consonant String","Low",1,549.92
"865",67,"1",114,"11112","12","Word","Low",1,663.44
"865",67,"1",115,"13235","35","Consonant String","High",1,773.31
"865",67,"1",116,"13219","19","Consonant String","High",1,428.36
"865",67,"1",117,"11237","37","Word","High",1,747.55
"865",67,"1",118,"11116","16","Word","Low",1,593.09
"865",67,"1",119,"12213","13","Pseudo-Word","High",1,690.62
"865",67,"1",120,"12237","37","Pseudo-Word","High",1,571.83
"865",67,"1",121,"13247","47","Consonant String","High",0,-652.68
"865",67,"1",122,"12239","39","Pseudo-Word","High",1,619.22
"865",67,"1",124,"13126","26","Consonant String","Low",0,-519.08
"865",67,"1",125,"13134","34","Consonant String","Low",0,-617.94
"865",67,"1",126,"11215","15","Word","High",0,-866.81
"865",67,"1",127,"12120","20","Pseudo-Word","Low",1,439.68
"865",67,"1",128,"11235","35","Word","High",0,-794.88
"865",67,"1",129,"12245","45","Pseudo-Word","High",1,983.43
"865",67,"1",130,"12118","18","Pseudo-Word","Low",1,652.64
"865",67,"1",131,"12227","27","Pseudo-Word","High",1,632.18
"865",67,"1",132,"12203","03","Pseudo-Word","High",1,638.38
"865",67,"1",133,"13122","22","Consonant String","Low",0,-454.58
"865",67,"1",135,"13205","05","Consonant String","High",1,455.08
"865",67,"1",136,"11247","47","Word","High",1,504.61
"865",67,"1",137,"13130","30","Consonant String","Low",0,-549.13
"865",67,"1",138,"13136","36","Consonant String","Low",1,417.65
"865",67,"1",139,"11106","06","Word","Low",1,1075.52
"865",67,"1",140,"13118","18","Consonant String","Low",0,-540.74
"865",67,"1",141,"12132","32","Pseudo-Word","Low",1,900.94
"865",67,"1",142,"13215","15","Consonant String","High",1,532.49
"865",67,"1",143,"11223","23","Word","High",1,799.69
"865",67,"1",144,"13245","45","Consonant String","High",1,487.22
"865",67,"1",3,"11110","10","Word","Low",1,619.41
"865",67,"1",4,"13138","38","Consonant String","Low",1,583.28
"865",67,"1",5,"11239","39","Word","High",1,827.48
"865",67,"1",6,"13104","04","Consonant String","Low",1,489.68
"865",67,"1",7,"13144","44","Consonant String","Low",1,350.87
"865",67,"1",8,"12217","17","Pseudo-Word","High",1,729.38
"865",67,"1",9,"12102","02","Pseudo-Word","Low",0,-496.59
"865",67,"1",10,"12209","09","Pseudo-Word","High",1,626.11
"865",67,"1",11,"12231","31","Pseudo-Word","High",0,-995.32
"865",67,"1",12,"12138","38","Pseudo-Word","Low",1,586.86
"865",67,"1",14,"12126","26","Pseudo-Word","Low",1,626.07
"865",67,"1",15,"12128","28","Pseudo-Word","Low",1,702.26
"865",67,"1",16,"13217","17","Consonant String","High",1,402.8
"865",67,"1",17,"13211","11","Consonant String","High",0,-446.3
"865",67,"1",18,"11138","38","Word","Low",1,487.82
"865",67,"1",19,"13221","21","Consonant String","High",1,502.01
"865",67,"1",20,"11136","36","Word","Low",1,545.51
"865",67,"1",21,"11211","11","Word","High",1,572.06
"865",67,"1",22,"12136","36","Pseudo-Word","Low",1,581.92
"865",67,"1",23,"11203","03","Word","High",1,499.1
"865",67,"1",25,"11122","22","Word","Low",1,618.63
"865",67,"1",26,"11245","45","Word","High",1,643.5
"865",67,"1",27,"13225","25","Consonant String","High",0,-592.03
"865",67,"1",28,"13227","27","Consonant String","High",1,397.55
"865",67,"1",29,"12247","47","Pseudo-Word","High",1,710.07
"865",67,"1",30,"13201","01","Consonant String","High",1,522.94
"865",67,"1",31,"12104","04","Pseudo-Word","Low",0,-591.8
"865",67,"1",32,"11134","34","Word","Low",1,488.32
"865",67,"1",33,"12144","44","Pseudo-Word","Low",1,600.52
"865",67,"1",34,"11118","18","Word","Low",1,518.04
"865",67,"1",36,"11213","13","Word","High",1,601.9
"865",67,"1",37,"13241","41","Consonant String","High",0,-654.43
"865",67,"1",38,"13148","48","Consonant String","Low",1,490.96
"865",67,"1",39,"12108","08","Pseudo-Word","Low",1,699.15
"865",67,"1",40,"11104","04","Word","Low",1,818.69
"865",67,"1",41,"13140","40","Consonant String","Low",1,526.57
"865",67,"1",42,"13209","09","Consonant String","High",1,548.76
"865",67,"1",43,"12142","42","Pseudo-Word","Low",1,592.28
"865",67,"1",44,"12114","14","Pseudo-Word","Low",1,719.81
"865",67,"1",45,"11201","01","Word","High",1,893.7
"865",67,"1",47,"12207","07","Pseudo-Word","High",1,545.24
"865",67,"1",48,"12106","06","Pseudo-Word","Low",1,612.78
"865",67,"1",49,"11209","09","Word","High",1,531.63
"865",67,"1",50,"11108","08","Word","Low",1,494.83
"865",67,"1",51,"12140","40","Pseudo-Word","Low",1,541.34
"866",33,"2",1,"23212","12","Consonant String","High",1,822.23
"866",33,"2",57,"22236","36","Pseudo-Word","High",0,-931.45
"866",33,"2",68,"21226","26","Word","High",1,761.02
"866",33,"2",79,"23119","19","Consonant String","Low",0,-780.23
"866",33,"2",90,"22129","29","Pseudo-Word","Low",0,-1095.8
"866",33,"2",101,"23147","47","Consonant String","Low",0,-802.7
"866",33,"2",112,"21145","45","Word","Low",0,-698.58
"866",33,"2",123,"21117","17","Word","Low",1,953.46
"866",33,"2",134,"22224","24","Pseudo-Word","High",1,900.36
"866",33,"2",2,"21127","27","Word","Low",1,792.25
"866",33,"2",13,"23141","41","Consonant String","Low",0,-966.14
"866",33,"2",24,"22131","31","Pseudo-Word","Low",1,1096.38
"866",33,"2",35,"23131","31","Consonant String","Low",1,995.3
"866",33,"2",46,"21214","14","Word","High",1,778.19
"866",33,"2",52,"22230","30","Pseudo-Word","High",0,-906.75
"866",33,"2",53,"23135","35","Consonant String","Low",1,720.63
"866",33,"2",54,"21216","16","Word","High",0,-979.86
"866",33,"2",55,"23117","17","Consonant String","Low",1,773.41
"866",33,"2",56,"23234","34","Consonant String","High",1,708.63
"866",33,"2",58,"22208","08","Pseudo-Word","High",1,614.5
"866",33,"2",59,"21125","25","Word","Low",1,696.72
"866",33,"2",60,"22228","28","Pseudo-Word","High",0,-837.59
"866",33,"2",61,"21234","34","Word","High",1,746.15
"866",33,"2",62,"23109","09","Consonant String","Low",1,757.02
"866",33,"2",63,"21228","28","Word","High",0,-725.9
"866",33,"2",64,"23107","07","Consonant String","Low",1,599.45
"866",33,"2",65,"23113","13","Consonant String","Low",0,-886.32
"866",33,"2",66,"22115","15","Pseudo-Word","Low",1,717.88
"866",33,"2",67,"23224","24","Consonant String","High",0,-869.09
"866",33,"2",69,"21248","48","Word","High",1,919.32
"866",33,"2",70,"21230","30","Word","High",0,-674.54
"866",33,"2",71,"23244","44","Consonant String","High",1,833.79
"866",33,"2",72,"23204","04","Consonant String","High",1,806.31
"866",33,"2",73,"22226","26","Pseudo-Word","High",1,775.19
"866",33,"2",74,"23125","25","Consonant String","Low",1,809.75
"866",33,"2",75,"21208","08","Word","High",1,675.96
"866",33,"2",76,"21206","06","Word","High",1,655.5
"866",33,"2",77,"22248","48","Pseudo-Word","High",1,674.37
"866",33,"2",78,"22133","33","Pseudo-Word","Low",1,876.59
"866",33,"2",80,"21143","43","Word","Low",1,770.14
"866",33,"2",81,"21139","39","Word","Low",0,-784.36
"866",33,"2",82,"21218","18","Word","High",1,635.9
"866",33,"2",83,"22240","40","Pseudo-Word","High",0,-748.45
"866",33,"2",84,"21222","22","Word","High",1,608.32
"866",33,"2",85,"22242","42","Pseudo-Word","High",0,-609.18
"866",33,"2",86,"21202","02","Word","High",1,688.4
"866",33,"2",87,"23210","10","Consonant String","High",1,667.94
"866",33,"2",88,"23228","28","Consonant String","High",1,871.15
"866",33,"2",89,"21137","37","Word","Low",1,785.37
"866",33,"2",91,"21133","33","Word","Low",1,701.93
"866",33,"2",92,"23214","14","Consonant String","High",1,729.8
"866",33,"2",93,"22238","38","Pseudo-Word","High",0,-906.35
"866",33,"2",94,"21111","11","Word","Low",1,549.23
"866",33,"2",95,"22222","22","Pseudo-Word","High",1,600.1
"866",33,"2",96,"21131","31","Word","Low",1,675.96
"866",33,"2",97,"22220","20","Pseudo-Word","High",1,684.51
"866",33,"2",98,"21236","36","Word","High",1,773.05
"866",33,"2",99,"21147","47","Word","Low",0,-700.27
"866",33,"2",100,"22111","11","Pseudo-Word","Low",1,532.13
"866",33,"2",102,"23208","08","Consonant String","High",1,645.67
"866",33,"2",103,"22109","09","Pseudo-Word","Low",1,546.53
"866",33,"2",104,"23143","43","Consonant String","Low",0,-574.4
"866",33,"2",105,"22232","32","Pseudo-Word","High",1,617.6
"866",33,"2",106,"23226","26","Consonant String","High",1,679.8
"866",33,"2",107,"23115","15","Consonant String","Low",1,482.34
"866",33,"2",108,"23137","37","Consonant String","Low",1,662.86
"866",33,"2",109,"22143","43","Pseudo-Word","Low",1,520.06
"866",33,"2",110,"22206","06","Pseudo-Word","High",1,565.26
"866",33,"2",111,"21240","40","Word","High",1,536.45
"866",33,"2",113,"22147","47","Pseudo-Word","Low",1,448.97
"866",33,"2",114,"22117","17","Pseudo-Word","Low",1,563.83
"866",33,"2",115,"23232","32","Consonant String","High",1,562.02
"866",33,"2",116,"23129","29","Consonant String","Low",1,735.48
"866",33,"2",117,"23206","06","Consonant String","High",1,693.02
"866",33,"2",118,"22119","19","Pseudo-Word","Low",1,566.89
"866",33,"2",119,"21246","46","Word","High",1,780.1
"866",33,"2",120,"22246","46","Pseudo-Word","High",0,-568.65
"866",33,"2",121,"22137","37","Pseudo-Word","Low",1,489.83
"866",33,"2",122,"23220","20","Consonant String","High",1,757.37
"866",33,"2",124,"23103","03","Consonant String","Low",1,624.25
"866",33,"2",125,"22216","16","Pseudo-Word","High",1,636.45
"866",33,"2",126,"23121","21","Consonant String","Low",0,-866
"866",33,"2",127,"22123","23","Pseudo-Word","Low",1,612.22
"866",33,"2",128,"21101","01","Word","Low",0,-817.42
"866",33,"2",129,"22210","10","Pseudo-Word","High",1,642.63
"866",33,"2",130,"23236","36","Consonant String","High",0,-699.5
"866",33,"2",131,"22101","01","Pseudo-Word","Low",1,849.39
"866",33,"2",132,"21113","13","Word","Low",1,689.28
"866",33,"2",133,"22135","35","Pseudo-Word","Low",1,699.82
"866",33,"2",135,"21141","41","Word","Low",1,822.7
"866",33,"2",136,"21105","05","Word","Low",1,498.91
"866",33,"2",137,"21238","38","Word","High",1,775.77
"866",33,"2",138,"22113","13","Pseudo-Word","Low",1,788.32
"866",33,"2",139,"21103","03","Word","Low",1,640.87
"866",33,"2",140,"21224","24","Word","High",1,713.41
"866",33,"2",141,"23248","48","Consonant String","High",1,603.62
"866",33,"2",142,"23222","22","Consonant String","High",1,743.49
"866",33,"2",143,"21204","04","Word","High",1,655.36
"866",33,"2",144,"21210","10","Word","High",1,649.24
"866",33,"2",3,"21121","21","Word","Low",1,502.1
"866",33,"2",4,"23123","23","Consonant String","Low",1,641.96
"866",33,"2",5,"22212","12","Pseudo-Word","High",1,618.83
"866",33,"2",6,"22121","21","Pseudo-Word","Low",1,687.04
"866",33,"2",7,"23145","45","Consonant String","Low",1,670.58
"866",33,"2",8,"21135","35","Word","Low",1,659.79
"866",33,"2",9,"23101","01","Consonant String","Low",0,-734.99
"866",33,"2",10,"21242","42","Word","High",1,644.53
"866",33,"2",11,"23105","05","Consonant String","Low",1,1043.42
"866",33,"2",12,"22107","07","Pseudo-Word","Low",1,765.32
"866",33,"2",14,"23238","38","Consonant String","High",0,-689.54
"866",33,"2",15,"23133","33","Consonant String","Low",1,678.07
"866",33,"2",16,"22214","14","Pseudo-Word","High",1,647.61
"866",33,"2",17,"22244","44","Pseudo-Word","High",1,619.48
"866",33,"2",18,"23216","16","Consonant String","High",0,-681.69
"866",33,"2",19,"23139","39","Consonant String","Low",0,-890.23
"866",33,"2",20,"21232","32","Word","High",0,-728.79
"866",33,"2",21,"21109","09","Word","Low",1,525.33
"866",33,"2",22,"22127","27","Pseudo-Word","Low",1,652.86
"866",33,"2",23,"22139","39","Pseudo-Word","Low",0,-869.75
"866",33,"2",25,"22125","25","Pseudo-Word","Low",1,736.95
"866",33,"2",26,"22105","05","Pseudo-Word","Low",1,653.51
"866",33,"2",27,"21212","12","Word","High",1,564.38
"866",33,"2",28,"23240","40","Consonant String","High",1,844.57
"866",33,"2",29,"23230","30","Consonant String","High",0,-616.46
"866",33,"2",30,"22145","45","Pseudo-Word","Low",1,695.67
"866",33,"2",31,"21244","44","Word","High",1,661.53
"866",33,"2",32,"22204","04","Pseudo-Word","High",1,579.74
"866",33,"2",33,"22202","02","Pseudo-Word","High",0,-920.29
"866",33,"2",34,"21119","19","Word","Low",1,515.51
"866",33,"2",36,"23202","02","Consonant String","High",1,943.71
"866",33,"2",37,"23242","42","Consonant String","High",0,-707.6
"866",33,"2",38,"22103","03","Pseudo-Word","Low",1,549.47
"866",33,"2",39,"22141","41","Pseudo-Word","Low",1,656.33
"866",33,"2",40,"21107","07","Word","Low",1,568.2
"866",33,"2",41,"21220","20","Word","High",1,742.4
"866",33,"2",42,"23246","46","Consonant String","High",1,1082.3
"866",33,"2",43,"23218","18","Consonant String","High",0,-981.87
"866",33,"2",44,"23127","27","Consonant String","Low",1,638.43
"866",33,"2",45,"23111","11","Consonant String","Low",1,599.96
"866",33,"2",47,"22234","34","Pseudo-Word","High",1,680.84
"866",33,"2",48,"21123","23","Word","Low",1,629.36
"866",33,"2",49,"21115","15","Word","Low",1,564.91
"866",33,"2",50,"21129","29","Word","Low",1,659.11
"866",33,"2",51,"22218","18","Pseudo-Word","High",0,-796.31
"867",50,"3",1,"31120","20","Word","Low",1,873.48
"867",50,"3",57,"32110","10","Pseudo-Word","Low",0,-1119.05
"867",50,"3",68,"33237","37","Consonant String","High",0,-1757.65
"867",50,"3",79,"31243","43","Word","High",1,826.25
"867",50,"3",90,"32223","23","Pseudo-Word","High",1,864.14
"867",50,"3",101,"31233","33","Word","High",1,1805.75
"867",50,"3",112,"32116","16","Pseudo-Word","Low",1,1137.02
"867",50,"3",123,"31225","25","Word","High",1,765.93
"867",50,"3",134,"33223","23","Consonant String","High",0,-1767.53
"867",50,"3",2,"33132","32","Consonant String","Low",0,-1328.15
"867",50,"3",13,"31209","09","Word","High",1,663.05
"867",50,"3",24,"31239","39","Word","High",1,1010.61
"867",50,"3",35,"32247","47","Pseudo-Word","High",1,1544.2
"867",50,"3",46,"33114","14","Consonant String","Low",1,729.46
"867",50,"3",52,"32239","39","Pseudo-Word","High",1,908.35
"867",50,"3",53,"32233","33","Pseudo-Word","High",1,992.57
"867",50,"3",54,"33207","07","Consonant String","High",0,-912.81
"867",50,"3",55,"32136","36","Pseudo-Word","Low",0,-2045.43
"867",50,"3",56,"33108","08","Consonant String","Low",1,975.71
"867",50,"3",58,"33136","36","Consonant String","Low",1,541.59
"867",50,"3",59,"33243","43","Consonant String","High",1,815.8
"867",50,"3",60,"33106","06","Consonant String","Low",1,805.36
"867",50,"3",61,"32118","18","Pseudo-Word","Low",1,1618.61
"867",50,"3",62,"33239","39","Consonant String","High",1,580.19
"867",50,"3",63,"31207","07","Word","High",1,825.07
"867",50,"3",64,"32231","31","Pseudo-Word","High",1,732.61
"867",50,"3",65,"32213","13","Pseudo-Word","High",1,687.49
"867",50,"3",66,"31128","28","Word","Low",1,1137.38
"867",50,"3",67,"32114","14","Pseudo-Word","Low",1,616.27
"867",50,"3",69,"32205","05","Pseudo-Word","High",1,854.82
"867",50,"3",70,"31219","19","Word","High",1,592.03
"867",50,"3",71,"33227","27","Consonant String","High",1,602.23
"867",50,"3",72,"31136","36","Word","Low",1,1041.45
"867",50,"3",73,"31132","32","Word","Low",1,644.67
"867",50,"3",74,"31106","06","Word","Low",1,518.88
"867",50,"3",75,"32130","30","Pseudo-Word","Low",1,913.42
"867",50,"3",76,"33138","38","Consonant String","Low",1,896.98
"867",50,"3",77,"33120","20","Consonant String","Low",1,665.19
"867",50,"3",78,"31205","05","Word","High",1,834.74
"867",50,"3",80,"33219","19","Consonant String","High",0,-956.64
"867",50,"3",81,"33229","29","Consonant String","High",1,1582.9
"867",50,"3",82,"31203","03","Word","High",1,634.82
"867",50,"3",83,"31122","22","Word","Low",1,520.68
"867",50,"3",84,"33124","24","Consonant String","Low",1,538.21
"867",50,"3",85,"31221","21","Word","High",1,603.07
"867",50,"3",86,"31215","15","Word","High",1,422.26
"867",50,"3",87,"32209","09","Pseudo-Word","High",0,-1104.81
"867",50,"3",88,"32229","29","Pseudo-Word","High",0,-673.04
"867",50,"3",89,"32134","34","Pseudo-Word","Low",1,578.56
"867",50,"3",91,"32104","04","Pseudo-Word","Low",1,577.43
"867",50,"3",92,"31235","35","Word","High",1,696.3
"867",50,"3",93,"33126","26","Consonant String","Low",0,-1917.57
"867",50,"3",94,"32128","28","Pseudo-Word","Low",1,650.17
"867",50,"3",95,"33245","45","Consonant String","High",1,664.38
"867",50,"3",96,"32120","20","Pseudo-Word","Low",1,447.91
"867",50,"3",97,"31231","31","Word","High",1,584.1
"867",50,"3",98,"32237","37","Pseudo-Word","High",1,564.95
"867",50,"3",99,"33142","42","Consonant String","Low",0,-1105.51
"867",50,"3",100,"31130","30","Word","Low",1,556.74
"867",50,"3",102,"33110","10","Consonant String","Low",1,559.93
"867",50,"3",103,"32217","17","Pseudo-Word","High",1,655.46
"867",50,"3",104,"33217","17","Consonant String","High",0,-552.66
"867",50,"3",105,"31227","27","Word","High",1,588.86
"867",50,"3",106,"31211","11","Word","High",1,537.72
"867",50,"3",107,"33203","03","Consonant String","High",1,804.59
"867",50,"3",108,"33130","30","Consonant String","Low",1,810.81
"867",50,"3",109,"32243","43","Pseudo-Word","High",1,675.35
"867",50,"3",110,"33201","01","Consonant String","High",1,679.23
"867",50,"3",111,"31140","40","Word","Low",1,1584.15
"867",50,"3",113,"31110","10","Word","Low",1,1790.11
"867",50,"3",114,"32219","19","Pseudo-Word","High",0,-616.04
"867",50,"3",115,"31134","34","Word","Low",1,852.59
"867",50,"3",116,"32106","06","Pseudo-Word","Low",1,570.04
"867",50,"3",117,"32235","35","Pseudo-Word","High",1,712.58
"867",50,"3",118,"32142","42","Pseudo-Word","Low",1,688.12
"867",50,"3",119,"32108","08","Pseudo-Word","Low",1,533.98
"867",50,"3",120,"31126","26","Word","Low",1,572.85
"867",50,"3",121,"31118","18","Word","Low",1,451.37
"867",50,"3",122,"33128","28","Consonant String","Low",1,562.57
"867",50,"3",124,"33247","47","Consonant String","High",0,-489.1
"867",50,"3",125,"31104","04","Word","Low",1,604.95
"867",50,"3",126,"32102","02","Pseudo-Word","Low",1,715.16
"867",50,"3",127,"33140","40","Consonant String","Low",1,605.69
"867",50,"3",128,"31112","12","Word","Low",1,524.89
"867",50,"3",129,"32221","21","Pseudo-Word","High",1,662.42
"867",50,"3",130,"32241","41","Pseudo-Word","High",1,791.97
"867",50,"3",131,"32227","27","Pseudo-Word","High",1,638.18
"867",50,"3",132,"31247","47","Word","High",1,636.05
"867",50,"3",133,"33209","09","Consonant String","High",1,929.93
"867",50,"3",135,"32245","45","Pseudo-Word","High",1,1378.84
"867",50,"3",136,"32144","44","Pseudo-Word","Low",0,-541.75
"867",50,"3",137,"32207","07","Pseudo-Word","High",1,1234.97
"867",50,"3",138,"33213","13","Consonant String","High",1,617.85
"867",50,"3",139,"32124","24","Pseudo-Word","Low",0,-1420.45
"867",50,"3",140,"33221","21","Consonant String","High",1,1232.04
"867",50,"3",141,"31116","16","Word","Low",0,-970.96
"867",50,"3",142,"33116","16","Consonant String","Low",1,688.51
"867",50,"3",143,"32132","32","Pseudo-Word","Low",1,535.38
"867",50,"3",144,"32215","15","Pseudo-Word","High",0,-1549.28
"867",50,"3",3,"33122","22","Consonant String","Low",0,-514.53
"867",50,"3",4,"32112","12","Pseudo-Word","Low",0,-1553.11
"867",50,"3",5,"33235","35","Consonant String","High",1,1066.37
"867",50,"3",6,"31102","02","Word","Low",1,1495.96
"867",50,"3",7,"32122","22","Pseudo-Word","Low",1,1048.23
"867",50,"3",8,"31217","17","Word","High",1,897.47
"867",50,"3",9,"31142","42","Word","Low",0,-588.68
"867",50,"3",10,"31114","14","Word","Low",0,-755.55
"867",50,"3",11,"32146","46","Pseudo-Word","Low",0,-748.77
"867",50,"3",12,"33118","18","Consonant String","Low",0,-851.98
"867",50,"3",14,"33215","15","Consonant String","High",1,819.21
"867",50,"3",15,"32203","03","Pseudo-Word","High",0,-1888.81
"867",50,"3",16,"32148","48","Pseudo-Word","Low",1,1168.76
"867",50,"3",17,"32211","11","Pseudo-Word","High",1,726.33
"867",50,"3",18,"33148","48","Consonant String","Low",0,-1967.26
"867",50,"3",19,"31241","41","Word","High",1,895.88
"867",50,"3",20,"32140","40","Pseudo-Word","Low",1,1018.11
"867",50,"3",21,"33241","41","Consonant String","High",1,551.66
"867",50,"3",22,"33205","05","Consonant String","High",0,-735.87
"867",50,"3",23,"33112","12","Consonant String","Low",1,577.73
"867",50,"3",25,"32126","26","Pseudo-Word","Low",1,1015.62
"867",50,"3",26,"33233","33","Consonant String","High",0,-636.17
"867",50,"3",27,"31124","24","Word","Low",1,660.05
"867",50,"3",28,"31201","01","Word","High",1,1011.6
"867",50,"3",29,"33104","04","Consonant String","Low",0,-607.16
"867",50,"3",30,"32201","01","Pseudo-Word","High",1,1072.38
"867",50,"3",31,"33134","34","Consonant String","Low",1,600.93
"867",50,"3",32,"31223","23","Word","High",1,723.13
"867",50,"3",33,"33231","31","Consonant String","High",0,-482.67
"867",50,"3",34,"33211","11","Consonant String","High",0,-669.54
"867",50,"3",36,"32138","38","Pseudo-Word","Low",1,798.07
"867",50,"3",37,"31146","46","Word","Low",1,732.3
"867",50,"3",38,"31213","13","Word","High",1,505.16
"867",50,"3",39,"32225","25","Pseudo-Word","High",1,595.35
"867",50,"3",40,"33146","46","Consonant String","Low",0,-499.55
"867",50,"3",41,"31138","38","Word","Low",1,495.74
"867",50,"3",42,"31245","45","Word","High",1,529.93
"867",50,"3",43,"31237","37","Word","High",1,506.79
"867",50,"3",44,"31144","44","Word","Low",1,482.98
"867",50,"3",45,"31108","08","Word","Low",1,587.84
"867",50,"3",47,"33144","44","Consonant String","Low",1,562.7
"867",50,"3",48,"33102","02","Consonant String","Low",1,1345.27
"867",50,"3",49,"31229","29","Word","High",1,685.5
"867",50,"3",50,"31148","48","Word","Low",1,540.38
"867",50,"3",51,"33225","25","Consonant String","High",0,-788.23
"868",50,"4",1,"43123","23","Consonant String","Low",1,641.75
"868",50,"4",57,"43141","41","Consonant String","Low",1,958.97
"868",50,"4",68,"41244","44","Word","High",1,802.52
"868",50,"4",79,"42230","30","Pseudo-Word","High",1,1611.77
"868",50,"4",90,"42137","37","Pseudo-Word","Low",0,-884.34
"868",50,"4",101,"43129","29","Consonant String","Low",0,-942.24
"868",50,"4",112,"43236","36","Consonant String","High",1,977.14
"868",50,"4",123,"43125","25","Consonant String","Low",1,767.03
"868",50,"4",134,"43226","26","Consonant String","High",0,-1134.59
"868",50,"4",2,"41248","48","Word","High",1,768.48
"868",50,"4",13,"43107","07","Consonant String","Low",1,1050.04
"868",50,"4",24,"42224","24","Pseudo-Word","High",1,880.27
"868",50,"4",35,"41145","45","Word","Low",0,-1041.16
"868",50,"4",46,"43111","11","Consonant String","Low",1,740.38
"868",50,"4",52,"42117","17","Pseudo-Word","Low",1,943.26
"868",50,"4",53,"42141","41","Pseudo-Word","Low",1,823.48
"868",50,"4",54,"43105","05","Consonant String","Low",1,820.03
"868",50,"4",55,"42119","19","Pseudo-Word","Low",1,663.57
"868",50,"4",56,"41103","03","Word","Low",1,658.11
"868",50,"4",58,"42234","34","Pseudo-Word","High",1,637.32
"868",50,"4",59,"42123","23","Pseudo-Word","Low",1,653.16
"868",50,"4",60,"43101","01","Consonant String","Low",0,-972.38
"868",50,"4",61,"43218","18","Consonant String","High",0,-738.93
"868",50,"4",62,"42206","06","Pseudo-Word","High",1,816.81
"868",50,"4",63,"41115","15","Word","Low",1,527.34
"868",50,"4",64,"43121","21","Consonant String","Low",1,1009.21
"868",50,"4",65,"41139","39","Word","Low",1,574.74
"868",50,"4",66,"43131","31","Consonant String","Low",1,904.29
"868",50,"4",67,"43230","30","Consonant String","High",1,776.51
"868",50,"4",69,"41121","21","Word","Low",1,517.39
"868",50,"4",70,"41220","20","Word","High",1,650.91
"868",50,"4",71,"42228","28","Pseudo-Word","High",1,575.1
"868",50,"4",72,"41131","31","Word","Low",1,537.96
"868",50,"4",73,"42121","21","Pseudo-Word","Low",1,717.82
"868",50,"4",74,"42133","33","Pseudo-Word","Low",1,589.36
"868",50,"4",75,"41137","37","Word","Low",0,-1007.23
"868",50,"4",76,"43246","46","Consonant String","High",0,-769.46
"868",50,"4",77,"42131","31","Pseudo-Word","Low",1,790
"868",50,"4",78,"43212","12","Consonant String","High",1,1147.9
"868",50,"4",80,"43143","43","Consonant String","Low",0,-706.12
"868",50,"4",81,"43133","33","Consonant String","Low",1,645.32
"868",50,"4",82,"42208","08","Pseudo-Word","High",1,573.52
"868",50,"4",83,"41133","33","Word","Low",1,515.04
"868",50,"4",84,"42147","47","Pseudo-Word","Low",0,-1061.59
"868",50,"4",85,"42218","18","Pseudo-Word","High",1,635.14
"868",50,"4",86,"43113","13","Consonant String","Low",1,1130.02
"868",50,"4",87,"42248","48","Pseudo-Word","High",1,557.9
"868",50,"4",88,"42113","13","Pseudo-Word","Low",1,802.44
"868",50,"4",89,"43234","34","Consonant String","High",1,910.66
"868",50,"4",91,"41224","24","Word","High",1,659.21
"868",50,"4",92,"41232","32","Word","High",1,516.73
"868",50,"4",93,"41129","29","Word","Low",1,611.26
"868",50,"4",94,"41125","25","Word","Low",1,700.78
"868",50,"4",95,"41143","43","Word","Low",1,717
"868",50,"4",96,"42214","14","Pseudo-Word","High",1,659.53
"868",50,"4",97,"42236","36","Pseudo-Word","High",1,916.07
"868",50,"4",98,"41222","22","Word","High",1,669.62
"868",50,"4",99,"41113","13","Word","Low",1,674.16
"868",50,"4",100,"42210","10","Pseudo-Word","High",1,1116.71
"868",50,"4",102,"41216","16","Word","High",1,616.27
"868",50,"4",103,"43147","47","Consonant String","Low",1,992.81
"868",50,"4",104,"41119","19","Word","Low",1,629.02
"868",50,"4",105,"43119","19","Consonant String","Low",0,-1026.91
"868",50,"4",106,"41202","02","Word","High",1,1169.81
"868",50,"4",107,"42143","43","Pseudo-Word","Low",1,925.38
"868",50,"4",108,"43137","37","Consonant String","Low",0,-895.27
"868",50,"4",109,"41210","10","Word","High",1,699.48
"868",50,"4",110,"41240","40","Word","High",1,743.69
"868",50,"4",111,"43216","16","Consonant String","High",1,940.9
"868",50,"4",113,"42129","29","Pseudo-Word","Low",1,712.79
"868",50,"4",114,"43103","03","Consonant String","Low",1,715.33
"868",50,"4",115,"42101","01","Pseudo-Word","Low",1,834.86
"868",50,"4",116,"43224","24","Consonant String","High",0,-808.17
"868",50,"4",117,"42244","44","Pseudo-Word","High",1,617.37
"868",50,"4",118,"41214","14","Word","High",1,609.91
"868",50,"4",119,"42216","16","Pseudo-Word","High",1,897.44
"868",50,"4",120,"42202","02","Pseudo-Word","High",1,710.65
"868",50,"4",121,"43214","14","Consonant String","High",0,-1300.21
"868",50,"4",122,"41105","05","Word","Low",1,576.43
"868",50,"4",124,"41236","36","Word","High",1,715.3
"868",50,"4",125,"42103","03","Pseudo-Word","Low",1,564.84
"868",50,"4",126,"41135","35","Word","Low",1,638.36
"868",50,"4",127,"41226","26","Word","High",1,871.23
"868",50,"4",128,"42139","39","Pseudo-Word","Low",1,979.79
"868",50,"4",129,"41230","30","Word","High",0,-597.68
"868",50,"4",130,"43208","08","Consonant String","High",1,1062.9
"868",50,"4",131,"41212","12","Word","High",1,770.46
"868",50,"4",132,"43139","39","Consonant String","Low",1,681
"868",50,"4",133,"42135","35","Pseudo-Word","Low",1,744.87
"868",50,"4",135,"43210","10","Consonant String","High",1,1019.09
"868",50,"4",136,"43240","40","Consonant String","High",1,736.64
"868",50,"4",137,"41242","42","Word","High",1,721.51
"868",50,"4",138,"42109","09","Pseudo-Word","Low",1,791.05
"868",50,"4",139,"41206","06","Word","High",1,884.93
"868",50,"4",140,"42246","46","Pseudo-Word","High",1,755.81
"868",50,"4",141,"43115","15","Consonant String","Low",1,658.03
"868",50,"4",142,"41117","17","Word","Low",1,650.54
"868",50,"4",143,"42127","27","Pseudo-Word","Low",1,868.75
"868",50,"4",144,"42212","12","Pseudo-Word","High",1,636.29
"868",50,"4",3,"43228","28","Consonant String","High",0,-746.16
"868",50,"4",4,"43244","44","Consonant String","High",1,722.37
"868",50,"4",5,"41147","47","Word","Low",0,-805.93
"868",50,"4",6,"43135","35","Consonant String","Low",1,1284.16
"868",50,"4",7,"42220","20","Pseudo-Word","High",1,619.05
"868",50,"4",8,"42107","07","Pseudo-Word","Low",1,587.58
"868",50,"4",9,"43222","22","Consonant String","High",1,916.46
"868",50,"4",10,"43248","48","Consonant String","High",1,1177.03
"868",50,"4",11,"41107","07","Word","Low",1,648.92
"868",50,"4",12,"42145","45","Pseudo-Word","Low",1,792.12
"868",50,"4",14,"43220","20","Consonant String","High",0,-734.34
"868",50,"4",15,"41109","09","Word","Low",1,631.2
"868",50,"4",16,"43238","38","Consonant String","High",0,-833.08
"868",50,"4",17,"43202","02","Consonant String","High",0,-627.95
"868",50,"4",18,"41204","04","Word","High",1,716.82
"868",50,"4",19,"42222","22","Pseudo-Word","High",1,788.36
"868",50,"4",20,"42238","38","Pseudo-Word","High",1,1135.26
"868",50,"4",21,"43117","17","Consonant String","Low",1,868.15
"868",50,"4",22,"41127","27","Word","Low",1,694.7
"868",50,"4",23,"42204","04","Pseudo-Word","High",1,776.91
"868",50,"4",25,"43145","45","Consonant String","Low",0,-958.79
"868",50,"4",26,"41238","38","Word","High",1,840.35
"868",50,"4",27,"41228","28","Word","High",1,620.23
"868",50,"4",28,"42242","42","Pseudo-Word","High",1,698.75
"868",50,"4",29,"42125","25","Pseudo-Word","Low",1,869.97
"868",50,"4",30,"43206","06","Consonant String","High",1,783.52
"868",50,"4",31,"43204","04","Consonant String","High",0,-1042.4
"868",50,"4",32,"41101","01","Word","Low",1,633.63
"868",50,"4",33,"42232","32","Pseudo-Word","High",1,833.5
"868",50,"4",34,"43127","27","Consonant String","Low",1,776.38
"868",50,"4",36,"42226","26","Pseudo-Word","High",1,896.26
"868",50,"4",37,"42105","05","Pseudo-Word","Low",1,573.47
"868",50,"4",38,"42111","11","Pseudo-Word","Low",1,615
"868",50,"4",39,"41141","41","Word","Low",1,583.53
"868",50,"4",40,"41218","18","Word","High",1,583.38
"868",50,"4",41,"42115","15","Pseudo-Word","Low",1,624.25
"868",50,"4",42,"43242","42","Consonant String","High",0,-872.79
"868",50,"4",43,"43232","32","Consonant String","High",1,602.33
"868",50,"4",44,"41234","34","Word","High",1,523.52
"868",50,"4",45,"41123","23","Word","Low",1,535.05
"868",50,"4",47,"42240","40","Pseudo-Word","High",1,544.9
"868",50,"4",48,"41111","11","Word","Low",1,456.08
"868",50,"4",49,"43109","09","Consonant String","Low",1,762.28
"868",50,"4",50,"41246","46","Word","High",1,586.82
"868",50,"4",51,"41208","08","Word","High",1,606.68
"869",33,"1",1,"13140","40","Consonant String","Low",1,781.28
"869",33,"1",57,"13124","24","Consonant String","Low",0,-899.84
"869",33,"1",68,"13130","30","Consonant String","Low",0,-811.73
"869",33,"1",79,"13225","25","Consonant String","High",0,-693.93
"869",33,"1",90,"11205","05","Word","High",1,544.8
"869",33,"1",101,"12215","15","Pseudo-Word","High",1,539.66
"869",33,"1",112,"12120","20","Pseudo-Word","Low",1,442.18
"869",33,"1",123,"13104","04","Consonant String","Low",1,849.05
"869",33,"1",134,"13112","12","Consonant String","Low",0,-826.93
"869",33,"1",2,"12231","31","Pseudo-Word","High",0,-872.49
"869",33,"1",13,"11130","30","Word","Low",1,702.71
"869",33,"1",24,"11114","14","Word","Low",1,417.57
"869",33,"1",35,"11217","17","Word","High",1,653.76
"869",33,"1",46,"12241","41","Pseudo-Word","High",1,1913.68
"869",33,"1",52,"13120","20","Consonant String","Low",1,443.95
"869",33,"1",53,"12239","39","Pseudo-Word","High",1,786.81
"869",33,"1",54,"13231","31","Consonant String","High",1,797.36
"869",33,"1",55,"11209","09","Word","High",1,435.23
"869",33,"1",56,"11245","45","Word","High",1,742.75
"869",33,"1",58,"13229","29","Consonant String","High",0,-986.65
"869",33,"1",59,"12207","07","Pseudo-Word","High",1,764.21
"869",33,"1",60,"12140","40","Pseudo-Word","Low",1,551.41
"869",33,"1",61,"13243","43","Consonant String","High",0,-864.28
"869",33,"1",62,"13247","47","Consonant String","High",0,-749.5
"869",33,"1",63,"11106","06","Word","Low",1,662.38
"869",33,"1",64,"11201","01","Word","High",1,559.57
"869",33,"1",65,"12243","43","Pseudo-Word","High",1,852.39
"869",33,"1",66,"13217","17","Consonant String","High",1,657.67
"869",33,"1",67,"13118","18","Consonant String","Low",1,552.53
"869",33,"1",69,"13116","16","Consonant String","Low",1,610.39
"869",33,"1",70,"11229","29","Word","High",1,720.59
"869",33,"1",71,"11247","47","Word","High",0,-1114.81
"869",33,"1",72,"12245","45","Pseudo-Word","High",1,948.06
"869",33,"1",73,"13136","36","Consonant String","Low",0,-609.94
"869",33,"1",74,"11243","43","Word","High",1,971.15
"869",33,"1",75,"11213","13","Word","High",0,-1061.4
"869",33,"1",76,"11239","39","Word","High",1,1105.65
"869",33,"1",77,"13239","39","Consonant String","High",0,-750.53
"869",33,"1",78,"12235","35","Pseudo-Word","High",0,-713.42
"869",33,"1",80,"11148","48","Word","Low",1,724.62
"869",33,"1",81,"11235","35","Word","High",1,941.83
"869",33,"1",82,"13237","37","Consonant String","High",0,-566.72
"869",33,"1",83,"11138","38","Word","Low",1,678.92
"869",33,"1",84,"13207","07","Consonant String","High",1,597.46
"869",33,"1",85,"12233","33","Pseudo-Word","High",1,971.34
"869",33,"1",86,"12201","01","Pseudo-Word","High",0,-679.55
"869",33,"1",87,"13102","02","Consonant String","Low",1,832.1
"869",33,"1",88,"11136","36","Word","Low",1,506.65
"869",33,"1",89,"11122","22","Word","Low",1,707.5
"869",33,"1",91,"13106","06","Consonant String","Low",1,932.39
"869",33,"1",92,"12146","46","Pseudo-Word","Low",0,-590.94
"869",33,"1",93,"13114","14","Consonant String","Low",1,575.47
"869",33,"1",94,"13241","41","Consonant String","High",0,-674
"869",33,"1",95,"12104","04","Pseudo-Word","Low",0,-974.22
"869",33,"1",96,"12144","44","Pseudo-Word","Low",1,968.46
"869",33,"1",97,"13148","48","Consonant String","Low",0,-456.66
"869",33,"1",98,"11215","15","Word","High",1,535.52
"869",33,"1",99,"11223","23","Word","High",1,603.04
"869",33,"1",100,"11112","12","Word","Low",0,-623.91
"869",33,"1",102,"11241","41","Word","High",1,708.11
"869",33,"1",103,"11211","11","Word","High",1,673.99
"869",33,"1",104,"12229","29","Pseudo-Word","High",0,-1069.21
"869",33,"1",105,"12203","03","Pseudo-Word","High",1,572.42
"869",33,"1",106,"12110","10","Pseudo-Word","Low",1,689.62
"869",33,"1",107,"11132","32","Word","Low",1,656.17
"869",33,"1",108,"13213","13","Consonant String","High",1,471.03
"869",33,"1",109,"11221","21","Word","High",1,569.23
"869",33,"1",110,"13215","15","Consonant String","High",0,-751.42
"869",33,"1",111,"12142","42","Pseudo-Word","Low",0,-614.29
"869",33,"1",113,"12213","13","Pseudo-Word","High",1,1031.52
"869",33,"1",114,"12217","17","Pseudo-Word","High",1,660.06
"869",33,"1",115,"13132","32","Consonant String","Low",0,-533.27
"869",33,"1",116,"12132","32","Pseudo-Word","Low",1,506.4
"869",33,"1",117,"11225","25","Word","High",1,977.28
"869",33,"1",118,"13227","27","Consonant String","High",0,-809.85
"869",33,"1",119,"12221","21","Pseudo-Word","High",1,882.06
"869",33,"1",120,"12128","28","Pseudo-Word","Low",1,687.62
"869",33,"1",121,"13219","19","Consonant String","High",0,-959.17
"869",33,"1",122,"12138","38","Pseudo-Word","Low",1,1811.43
"869",33,"1",124,"13221","21","Consonant String","High",0,-1415.73
"869",33,"1",125,"13108","08","Consonant String","Low",1,639.97
"869",33,"1",126,"11110","10","Word","Low",1,726.52
"869",33,"1",127,"13144","44","Consonant String","Low",1,773.06
"869",33,"1",128,"11124","24","Word","Low",1,543.26
"869",33,"1",129,"11118","18","Word","Low",1,515.13
"869",33,"1",130,"12227","27","Pseudo-Word","High",1,1053.33
"869",33,"1",131,"12108","08","Pseudo-Word","Low",1,838.23
"869",33,"1",132,"12130","30","Pseudo-Word","Low",1,835.79
"869",33,"1",133,"11237","37","Word","High",1,859.35
"869",33,"1",135,"12112","12","Pseudo-Word","Low",1,662.56
"869",33,"1",136,"11134","34","Word","Low",1,506.75
"869",33,"1",137,"11140","40","Word","Low",1,479.61
"869",33,"1",138,"11126","26","Word","Low",1,501.13
"869",33,"1",139,"13110","10","Consonant String","Low",1,1684.03
"869",33,"1",140,"13122","22","Consonant String","Low",1,1006.64
"869",33,"1",141,"11227","27","Word","High",1,864.54
"869",33,"1",142,"13138","38","Consonant String","Low",1,1014.77
"869",33,"1",143,"12126","26","Pseudo-Word","Low",1,760
"869",33,"1",144,"12114","14","Pseudo-Word","Low",1,720.21
"869",33,"1",3,"13245","45","Consonant String","High",1,616.41
"869",33,"1",4,"12106","06","Pseudo-Word","Low",1,624.61
"869",33,"1",5,"11104","04","Word","Low",1,699.81
"869",33,"1",6,"13128","28","Consonant String","Low",1,882.69
"869",33,"1",7,"11102","02","Word","Low",1,571.24
"869",33,"1",8,"13146","46","Consonant String","Low",1,651.44
"869",33,"1",9,"12205","05","Pseudo-Word","High",0,-617.31
"869",33,"1",10,"11231","31","Word","High",1,567.51
"869",33,"1",11,"11146","46","Word","Low",1,637.71
"869",33,"1",12,"12247","47","Pseudo-Word","High",0,-1587.27
"869",33,"1",14,"13235","35","Consonant String","High",1,765.87
"869",33,"1",15,"11144","44","Word","Low",1,479.07
"869",33,"1",16,"12136","36","Pseudo-Word","Low",1,478.59
"869",33,"1",17,"13142","42","Consonant String","Low",0,-933.13
"869",33,"1",18,"13223","23","Consonant String","High",0,-709.69
"869",33,"1",19,"12237","37","Pseudo-Word","High",1,1128.91
"869",33,"1",20,"13203","03","Consonant String","High",1,885.48
"869",33,"1",21,"11142","42","Word","Low",1,768.03
"869",33,"1",22,"11219","19","Word","High",1,719.25
"869",33,"1",23,"13126","26","Consonant String","Low",1,1319.48
"869",33,"1",25,"11108","08","Word","Low",1,760.72
"869",33,"1",26,"12124","24","Pseudo-Word","Low",1,580.93
"869",33,"1",27,"13201","01","Consonant String","High",1,922.48
"869",33,"1",28,"12122","22","Pseudo-Word","Low",0,-815.7
"869",33,"1",29,"11203","03","Word","High",0,-1507.94
"869",33,"1",30,"12134","34","Pseudo-Word","Low",1,1079.21
"869",33,"1",31,"11233","33","Word","High",1,985.79
"869",33,"1",32,"12223","23","Pseudo-Word","High",1,1758.39
"869",33,"1",33,"13209","09","Consonant String","High",0,-686.32
"869",33,"1",34,"13233","33","Consonant String","High",0,-621.85
"869",33,"1",36,"13134","34","Consonant String","Low",0,-876.06
"869",33,"1",37,"12211","11","Pseudo-Word","High",1,944.62
"869",33,"1",38,"12225","25","Pseudo-Word","High",1,1302.53
"869",33,"1",39,"12102","02","Pseudo-Word","Low",0,-941.45
"869",33,"1",40,"12148","48","Pseudo-Word","Low",1,668.34
"869",33,"1",41,"13211","11","Consonant String","High",1,898.56
"869",33,"1",42,"11116","16","Word","Low",0,-963.45
"869",33,"1",43,"12209","09","Pseudo-Word","High",0,-949.68
"869",33,"1",44,"13205","05","Consonant String","High",0,-1224.59
"869",33,"1",45,"11207","07","Word","High",1,920.84
"869",33,"1",47,"12118","18","Pseudo-Word","Low",0,-1506.08
"869",33,"1",48,"12116","16","Pseudo-Word","Low",1,1329.03
"869",33,"1",49,"11128","28","Word","Low",1,718.61
"869",33,"1",50,"11120","20","Word","Low",1,524.81
"869",33,"1",51,"12219","19","Pseudo-Word","High",0,-984.02
"870",33,"2",1,"21115","15","Word","Low",1,906.48
"870",33,"2",57,"22137","37","Pseudo-Word","Low",1,688.36
"870",33,"2",68,"22143","43","Pseudo-Word","Low",0,-997.93
"870",33,"2",79,"21214","14","Word","High",1,715.81
"870",33,"2",90,"21242","42","Word","High",1,559.02
"870",33,"2",101,"22232","32","Pseudo-Word","High",1,753.22
"870",33,"2",112,"23236","36","Consonant String","High",0,-593.09
"870",33,"2",123,"21101","01","Word","Low",0,-1559
"870",33,"2",134,"21133","33","Word","Low",1,897.27
"870",33,"2",2,"23119","19","Consonant String","Low",1,1534.18
"870",33,"2",13,"21137","37","Word","Low",1,566.76
"870",33,"2",24,"23131","31","Consonant String","Low",1,841.97
"870",33,"2",35,"21216","16","Word","High",0,-1790.9
"870",33,"2",46,"22135","35","Pseudo-Word","Low",0,-569.5
"870",33,"2",52,"23224","24","Consonant String","High",0,-1260.73
"870",33,"2",53,"21204","04","Word","High",1,808.97
"870",33,"2",54,"22119","19","Pseudo-Word","Low",1,741.19
"870",33,"2",55,"21218","18","Word","High",0,-1051.08
"870",33,"2",56,"23228","28","Consonant String","High",0,-556.97
"870",33,"2",58,"21208","08","Word","High",1,650.83
"870",33,"2",59,"23143","43","Consonant String","Low",0,-742.7
"870",33,"2",60,"23202","02","Consonant String","High",0,-1029.6
"870",33,"2",61,"21139","39","Word","Low",1,635.15
"870",33,"2",62,"21230","30","Word","High",1,797.7
"870",33,"2",63,"23111","11","Consonant String","Low",0,-1176.6
"870",33,"2",64,"23214","14","Consonant String","High",1,822.17
"870",33,"2",65,"23242","42","Consonant String","High",1,552.38
"870",33,"2",66,"23125","25","Consonant String","Low",1,848.25
"870",33,"2",67,"21228","28","Word","High",0,-663.13
"870",33,"2",69,"22107","07","Pseudo-Word","Low",1,677.34
"870",33,"2",70,"22238","38","Pseudo-Word","High",1,1081.9
"870",33,"2",71,"23230","30","Consonant String","High",1,1021.47
"870",33,"2",72,"22248","48","Pseudo-Word","High",0,-512.69
"870",33,"2",73,"21236","36","Word","High",1,1480.92
"870",33,"2",74,"22244","44","Pseudo-Word","High",1,1238.52
"870",33,"2",75,"22141","41","Pseudo-Word","Low",1,708.1
"870",33,"2",76,"22139","39","Pseudo-Word","Low",1,732.98
"870",33,"2",77,"22121","21","Pseudo-Word","Low",1,590.53
"870",33,"2",78,"22222","22","Pseudo-Word","High",1,595.04
"870",33,"2",80,"21212","12","Word","High",1,596.91
"870",33,"2",81,"22234","34","Pseudo-Word","High",1,772.79
"870",33,"2",82,"22105","05","Pseudo-Word","Low",1,610.99
"870",33,"2",83,"22123","23","Pseudo-Word","Low",1,621.2
"870",33,"2",84,"21234","34","Word","High",1,550.4
"870",33,"2",85,"23107","07","Consonant String","Low",1,610.26
"870",33,"2",86,"23238","38","Consonant String","High",1,1315.49
"870",33,"2",87,"23115","15","Consonant String","Low",1,525.72
"870",33,"2",88,"22204","04","Pseudo-Word","High",1,634.26
"870",33,"2",89,"21206","06","Word","High",1,573.79
"870",33,"2",91,"23139","39","Consonant String","Low",1,919
"870",33,"2",92,"21226","26","Word","High",1,1183.24
"870",33,"2",93,"22133","33","Pseudo-Word","Low",1,921.81
"870",33,"2",94,"21103","03","Word","Low",1,432.02
"870",33,"2",95,"21244","44","Word","High",1,534.54
"870",33,"2",96,"21131","31","Word","Low",0,-663.08
"870",33,"2",97,"22113","13","Pseudo-Word","Low",1,681.28
"870",33,"2",98,"22212","12","Pseudo-Word","High",1,443.82
"870",33,"2",99,"23141","41","Consonant String","Low",0,-902.68
"870",33,"2",100,"23129","29","Consonant String","Low",0,-1008.58
"870",33,"2",102,"21111","11","Word","Low",1,665.48
"870",33,"2",103,"23121","21","Consonant String","Low",1,728.68
"870",33,"2",104,"21248","48","Word","High",0,-522.21
"870",33,"2",105,"23234","34","Consonant String","High",1,480.4
"870",33,"2",106,"22226","26","Pseudo-Word","High",0,-1369.96
"870",33,"2",107,"22218","18","Pseudo-Word","High",0,-717.2
"870",33,"2",108,"22230","30","Pseudo-Word","High",1,787.42
"870",33,"2",109,"21147","47","Word","Low",1,567.97
"870",33,"2",110,"21224","24","Word","High",1,555.15
"870",33,"2",111,"21202","02","Word","High",0,-1432.06
"870",33,"2",113,"23210","10","Consonant String","High",1,820.64
"870",33,"2",114,"23208","08","Consonant String","High",1,1105.88
"870",33,"2",115,"23212","12","Consonant String","High",1,556.76
"870",33,"2",116,"21145","45","Word","Low",0,-471.69
"870",33,"2",117,"22145","45","Pseudo-Word","Low",1,1231.91
"870",33,"2",118,"21246","46","Word","High",0,-899.49
"870",33,"2",119,"21240","40","Word","High",1,685.38
"870",33,"2",120,"23244","44","Consonant String","High",0,-1931.98
"870",33,"2",121,"23135","35","Consonant String","Low",1,2861.66
"870",33,"2",122,"22109","09","Pseudo-Word","Low",1,507.99
"870",33,"2",124,"23117","17","Consonant String","Low",1,715.19
"870",33,"2",125,"23105","05","Consonant String","Low",1,815.41
"870",33,"2",126,"22101","01","Pseudo-Word","Low",0,-575.61
"870",33,"2",127,"21119","19","Word","Low",1,586.14
"870",33,"2",128,"21129","29","Word","Low",1,946.69
"870",33,"2",129,"23218","18","Consonant String","High",1,742.58
"870",33,"2",130,"22115","15","Pseudo-Word","Low",1,590.46
"870",33,"2",131,"22224","24","Pseudo-Word","High",1,820.01
"870",33,"2",132,"23206","06","Consonant String","High",1,772.21
"870",33,"2",133,"21135","35","Word","Low",1,562.42
"870",33,"2",135,"21113","13","Word","Low",1,878.62
"870",33,"2",136,"22206","06","Pseudo-Word","High",1,568.17
"870",33,"2",137,"23222","22","Consonant String","High",0,-936.39
"870",33,"2",138,"23123","23","Consonant String","Low",1,639.94
"870",33,"2",139,"22216","16","Pseudo-Word","High",1,549.47
"870",33,"2",140,"23220","20","Consonant String","High",1,613.33
"870",33,"2",141,"23248","48","Consonant String","High",0,-871.54
"870",33,"2",142,"22214","14","Pseudo-Word","High",1,496.76
"870",33,"2",143,"22220","20","Pseudo-Word","High",1,652.62
"870",33,"2",144,"23204","04","Consonant String","High",1,577.48
"870",33,"2",3,"22129","29","Pseudo-Word","Low",0,-658.02
"870",33,"2",4,"23226","26","Consonant String","High",0,-1571.26
"870",33,"2",5,"21127","27","Word","Low",1,800.53
"870",33,"2",6,"23133","33","Consonant String","Low",1,924.41
"870",33,"2",7,"22228","28","Pseudo-Word","High",1,612.63
"870",33,"2",8,"22111","11","Pseudo-Word","Low",1,490.83
"870",33,"2",9,"21125","25","Word","Low",1,485.34
"870",33,"2",10,"22131","31","Pseudo-Word","Low",0,-651.87
"870",33,"2",11,"21220","20","Word","High",1,766.75
"870",33,"2",12,"22246","46","Pseudo-Word","High",0,-1289.98
"870",33,"2",14,"22236","36","Pseudo-Word","High",1,1226.58
"870",33,"2",15,"21143","43","Word","Low",0,-637.15
"870",33,"2",16,"23145","45","Consonant String","Low",0,-1064.7
"870",33,"2",17,"23232","32","Consonant String","High",1,1472.96
"870",33,"2",18,"21121","21","Word","Low",1,510.21
"870",33,"2",19,"21117","17","Word","Low",1,566.41
"870",33,"2",20,"21232","32","Word","High",1,1091.62
"870",33,"2",21,"21141","41","Word","Low",1,544.51
"870",33,"2",22,"21107","07","Word","Low",1,574.37
"870",33,"2",23,"21109","09","Word","Low",1,548.56
"870",33,"2",25,"22103","03","Pseudo-Word","Low",1,577.43
"870",33,"2",26,"23246","46","Consonant String","High",0,-570.96
"870",33,"2",27,"22147","47","Pseudo-Word","Low",1,606.15
"870",33,"2",28,"23113","13","Consonant String","Low",1,692.02
"870",33,"2",29,"23109","09","Consonant String","Low",1,531.9
"870",33,"2",30,"21222","22","Word","High",1,590.41
"870",33,"2",31,"23127","27","Consonant String","Low",1,1626
"870",33,"2",32,"23137","37","Consonant String","Low",0,-977.6
"870",33,"2",33,"22202","02","Pseudo-Word","High",0,-1331.18
"870",33,"2",34,"22210","10","Pseudo-Word","High",1,559.76
"870",33,"2",36,"23147","47","Consonant String","Low",1,1621.99
"870",33,"2",37,"23240","40","Consonant String","High",1,956.26
"870",33,"2",38,"23101","01","Consonant String","Low",1,1497.18
"870",33,"2",39,"22127","27","Pseudo-Word","Low",1,883.11
"870",33,"2",40,"21123","23","Word","Low",1,566.66
"870",33,"2",41,"21238","38","Word","High",1,588.86
"870",33,"2",42,"23103","03","Consonant String","Low",1,574.38
"870",33,"2",43,"23216","16","Consonant String","High",1,653.59
"870",33,"2",44,"22117","17","Pseudo-Word","Low",1,537.45
"870",33,"2",45,"22125","25","Pseudo-Word","Low",0,-487.98
"870",33,"2",47,"21105","05","Word","Low",1,458.5
"870",33,"2",48,"21210","10","Word","High",1,427.34
"870",33,"2",49,"22242","42","Pseudo-Word","High",0,-743.88
"870",33,"2",50,"22208","08","Pseudo-Word","High",0,-857.76
"870",33,"2",51,"22240","40","Pseudo-Word","High",1,446.97
"871",33,"3",1,"33116","16","Consonant String","Low",0,-1401.43
"871",33,"3",57,"31134","34","Word","Low",1,1270.36
"871",33,"3",68,"33102","02","Consonant String","Low",1,1280.61
"871",33,"3",79,"32227","27","Pseudo-Word","High",1,1848.23
"871",33,"3",90,"31132","32","Word","Low",1,1545.19
"871",33,"3",101,"31140","40","Word","Low",1,1433.13
"871",33,"3",112,"31110","10","Word","Low",1,1396.73
"871",33,"3",123,"33138","38","Consonant String","Low",1,1367.67
"871",33,"3",134,"33144","44","Consonant String","Low",1,2110.96
"871",33,"3",2,"32124","24","Pseudo-Word","Low",1,2279.29
"871",33,"3",13,"33221","21","Consonant String","High",1,2463.98
"871",33,"3",24,"31231","31","Word","High",1,2115.33
"871",33,"3",35,"33229","29","Consonant String","High",0,-1799.65
"871",33,"3",46,"33142","42","Consonant String","Low",0,-2049.64
"871",33,"3",52,"31247","47","Word","High",0,-3266.67
"871",33,"3",53,"33239","39","Consonant String","High",1,1671.05
"871",33,"3",54,"33209","09","Consonant String","High",1,2471.37
"871",33,"3",55,"33146","46","Consonant String","Low",1,2229.73
"871",33,"3",56,"33207","07","Consonant String","High",1,1699.37
"871",33,"3",58,"32209","09","Pseudo-Word","High",0,-2050.35
"871",33,"3",59,"31217","17","Word","High",0,-1872.33
"871",33,"3",60,"32225","25","Pseudo-Word","High",1,1918.63
"871",33,"3",61,"33114","14","Consonant String","Low",0,-2077.96
"871",33,"3",62,"33130","30","Consonant String","Low",0,-1815.61
"871",33,"3",63,"32126","26","Pseudo-Word","Low",0,-2036.92
"871",33,"3",64,"33112","12","Consonant String","Low",0,-1723.57
"871",33,"3",65,"31243","43","Word","High",0,-2061.88
"871",33,"3",66,"31235","35","Word","High",1,2007.2
"871",33,"3",67,"33124","24","Consonant String","Low",1,2479.21
"871",33,"3",69,"32128","28","Pseudo-Word","Low",0,-2493.91
"871",33,"3",70,"33245","45","Consonant String","High",1,2008.92
"871",33,"3",71,"33106","06","Consonant String","Low",0,-2093.25
"871",33,"3",72,"32144","44","Pseudo-Word","Low",0,-2080.25
"871",33,"3",73,"32102","02","Pseudo-Word","Low",0,-2234.91
"871",33,"3",74,"33203","03","Consonant String","High",1,2341.59
"871",33,"3",75,"31108","08","Word","Low",1,1570.58
"871",33,"3",76,"31116","16","Word","Low",1,2210.89
"871",33,"3",77,"31130","30","Word","Low",1,1365.19
"871",33,"3",78,"33213","13","Consonant String","High",0,-2082.48
"871",33,"3",80,"33219","19","Consonant String","High",1,1737.13
"871",33,"3",81,"33233","33","Consonant String","High",1,2020.77
"871",33,"3",82,"33140","40","Consonant String","Low",0,-1980.1
"871",33,"3",83,"32207","07","Pseudo-Word","High",1,2163.76
"871",33,"3",84,"31233","33","Word","High",1,888.03
"871",33,"3",85,"32142","42","Pseudo-Word","Low",0,-1623.62
"871",33,"3",86,"33128","28","Consonant String","Low",1,2264.93
"871",33,"3",87,"32247","47","Pseudo-Word","High",1,2443.29
"871",33,"3",88,"32136","36","Pseudo-Word","Low",1,2039.3
"871",33,"3",89,"32217","17","Pseudo-Word","High",0,-1940.95
"871",33,"3",91,"33134","34","Consonant String","Low",1,2083.6
"871",33,"3",92,"33120","20","Consonant String","Low",0,-2654.3
"871",33,"3",93,"32118","18","Pseudo-Word","Low",1,1831.3
"871",33,"3",94,"32231","31","Pseudo-Word","High",1,1704.93
"871",33,"3",95,"32134","34","Pseudo-Word","Low",1,2447.93
"871",33,"3",96,"33122","22","Consonant String","Low",1,1822.93
"871",33,"3",97,"33104","04","Consonant String","Low",0,-1229.2
"871",33,"3",98,"33136","36","Consonant String","Low",0,-1924.82
"871",33,"3",99,"32235","35","Pseudo-Word","High",1,1856.13
"871",33,"3",100,"32138","38","Pseudo-Word","Low",0,-2189.12
"871",33,"3",102,"31104","04","Word","Low",0,-2089.78
"871",33,"3",103,"31237","37","Word","High",1,2457.46
"871",33,"3",104,"31146","46","Word","Low",1,2982.52
"871",33,"3",105,"33215","15","Consonant String","High",1,2105.22
"871",33,"3",106,"32221","21","Pseudo-Word","High",1,2364.25
"871",33,"3",107,"31122","22","Word","Low",1,2009.58
"871",33,"3",108,"32241","41","Pseudo-Word","High",1,1598.88
"871",33,"3",109,"32211","11","Pseudo-Word","High",1,1795.84
"871",33,"3",110,"32213","13","Pseudo-Word","High",0,-1908.82
"871",33,"3",111,"31136","36","Word","Low",1,1731.12
"871",33,"3",113,"33217","17","Consonant String","High",0,-2167.78
"871",33,"3",114,"31112","12","Word","Low",1,1736.08
"871",33,"3",115,"31126","26","Word","Low",1,1532.71
"871",33,"3",116,"32130","30","Pseudo-Word","Low",1,1376.64
"871",33,"3",117,"31245","45","Word","High",1,2111.28
"871",33,"3",118,"33201","01","Consonant String","High",1,2380.62
"871",33,"3",119,"32237","37","Pseudo-Word","High",1,1796.28
"871",33,"3",120,"32122","22","Pseudo-Word","Low",1,1299.23
"871",33,"3",121,"33247","47","Consonant String","High",1,3201.25
"871",33,"3",122,"32203","03","Pseudo-Word","High",1,1924.28
"871",33,"3",124,"31223","23","Word","High",1,1323.57
"871",33,"3",125,"31201","01","Word","High",0,-1930.86
"871",33,"3",126,"31209","09","Word","High",1,1374.48
"871",33,"3",127,"31203","03","Word","High",1,1778.77
"871",33,"3",128,"32132","32","Pseudo-Word","Low",1,1731.4
"871",33,"3",129,"31138","38","Word","Low",1,2011.04
"871",33,"3",130,"33205","05","Consonant String","High",1,2154.37
"871",33,"3",131,"32104","04","Pseudo-Word","Low",1,2843.4
"871",33,"3",132,"31120","20","Word","Low",1,2533.45
"871",33,"3",133,"32108","08","Pseudo-Word","Low",0,-2107.14
"871",33,"3",135,"31239","39","Word","High",0,-2133.14
"871",33,"3",136,"32146","46","Pseudo-Word","Low",1,2856.17
"871",33,"3",137,"31207","07","Word","High",1,2386.22
"871",33,"3",138,"31221","21","Word","High",1,2129.9
"871",33,"3",139,"33227","27","Consonant String","High",1,1381.53
"871",33,"3",140,"32239","39","Pseudo-Word","High",1,2213.16
"871",33,"3",141,"31148","48","Word","Low",1,1780.48
"871",33,"3",142,"32205","05","Pseudo-Word","High",1,1611.11
"871",33,"3",143,"33132","32","Consonant String","Low",1,1879.42
"871",33,"3",144,"32112","12","Pseudo-Word","Low",1,2049.06
"871",33,"3",3,"33126","26","Consonant String","Low",1,1658.05
"871",33,"3",4,"31124","24","Word","Low",1,1293.32
"871",33,"3",5,"32245","45","Pseudo-Word","High",1,1705.25
"871",33,"3",6,"31227","27","Word","High",1,2409.25
"871",33,"3",7,"32114","14","Pseudo-Word","Low",0,-1934.59
"871",33,"3",8,"33110","10","Consonant String","Low",0,-2033.25
"871",33,"3",9,"31211","11","Word","High",1,1955.9
"871",33,"3",10,"33223","23","Consonant String","High",0,-1448.86
"871",33,"3",11,"31142","42","Word","Low",1,2278.84
"871",33,"3",12,"31114","14","Word","Low",1,1725.5
"871",33,"3",14,"31225","25","Word","High",1,1693.13
"871",33,"3",15,"31118","18","Word","Low",1,1478.08
"871",33,"3",16,"32140","40","Pseudo-Word","Low",0,-2048.71
"871",33,"3",17,"31219","19","Word","High",0,-1493.68
"871",33,"3",18,"32201","01","Pseudo-Word","High",0,-1677.63
"871",33,"3",19,"31213","13","Word","High",1,1641.25
"871",33,"3",20,"33118","18","Consonant String","Low",1,1768.22
"871",33,"3",21,"31144","44","Word","Low",1,1843.52
"871",33,"3",22,"33148","48","Consonant String","Low",0,-2479.53
"871",33,"3",23,"32148","48","Pseudo-Word","Low",1,2019.2
"871",33,"3",25,"31205","05","Word","High",1,2247.54
"871",33,"3",26,"32215","15","Pseudo-Word","High",0,-2303.55
"871",33,"3",27,"32110","10","Pseudo-Word","Low",0,-2843.6
"871",33,"3",28,"33241","41","Consonant String","High",0,-1694.62
"871",33,"3",29,"31102","02","Word","Low",0,-1934.58
"871",33,"3",30,"32116","16","Pseudo-Word","Low",1,1961.24
"871",33,"3",31,"31106","06","Word","Low",1,2771.6
"871",33,"3",32,"31128","28","Word","Low",1,1868.95
"871",33,"3",33,"33231","31","Consonant String","High",1,2420.28
"871",33,"3",34,"33235","35","Consonant String","High",1,2059.63
"871",33,"3",36,"31215","15","Word","High",0,-2532.98
"871",33,"3",37,"32229","29","Pseudo-Word","High",0,-2137.66
"871",33,"3",38,"33225","25","Consonant String","High",1,2323.34
"871",33,"3",39,"32243","43","Pseudo-Word","High",0,-2304.69
"871",33,"3",40,"31241","41","Word","High",0,-2647.73
"871",33,"3",41,"33211","11","Consonant String","High",0,-1552.73
"871",33,"3",42,"31229","29","Word","High",1,1834.69
"871",33,"3",43,"32219","19","Pseudo-Word","High",0,-2419.36
"871",33,"3",44,"32223","23","Pseudo-Word","High",1,2422.72
"871",33,"3",45,"33237","37","Consonant String","High",1,2506.09
"871",33,"3",47,"32233","33","Pseudo-Word","High",1,2586.13
"871",33,"3",48,"33108","08","Consonant String","Low",0,-2627.86
"871",33,"3",49,"32106","06","Pseudo-Word","Low",1,2047.54
"871",33,"3",50,"32120","20","Pseudo-Word","Low",1,2486.54
"871",33,"3",51,"33243","43","Consonant String","High",0,-2516.25
"872",33,"4",1,"41117","17","Word","Low",1,2077.59
"872",33,"4",57,"41127","27","Word","Low",1,739.21
"872",33,"4",68,"42206","06","Pseudo-Word","High",1,921.76
"872",33,"4",79,"42107","07","Pseudo-Word","Low",1,1295.01
"872",33,"4",90,"43107","07","Consonant String","Low",1,684.92
"872",33,"4",101,"43135","35","Consonant String","Low",1,883.47
"872",33,"4",112,"42202","02","Pseudo-Word","High",0,-1455.04
"872",33,"4",123,"42121","21","Pseudo-Word","Low",1,637.96
"872",33,"4",134,"43246","46","Consonant String","High",1,1100.51
"872",33,"4",2,"41107","07","Word","Low",1,576.4
"872",33,"4",13,"42234","34","Pseudo-Word","High",1,752.94
"872",33,"4",24,"42244","44","Pseudo-Word","High",1,975.83
"872",33,"4",35,"41226","26","Word","High",1,894.39
"872",33,"4",46,"42232","32","Pseudo-Word","High",1,602.28
"872",33,"4",52,"42109","09","Pseudo-Word","Low",1,862.15
"872",33,"4",53,"43228","28","Consonant String","High",0,-1461.4
"872",33,"4",54,"42238","38","Pseudo-Word","High",1,2305.72
"872",33,"4",55,"43131","31","Consonant String","Low",1,1683.72
"872",33,"4",56,"41228","28","Word","High",1,1601.34
"872",33,"4",58,"43216","16","Consonant String","High",0,-2030.33
"872",33,"4",59,"42246","46","Pseudo-Word","High",0,-1466.97
"872",33,"4",60,"42230","30","Pseudo-Word","High",0,-1106.23
"872",33,"4",61,"41216","16","Word","High",0,-1574.17
"872",33,"4",62,"43119","19","Consonant String","Low",0,-1234.44
"872",33,"4",63,"42129","29","Pseudo-Word","Low",0,-1359.04
"872",33,"4",64,"42210","10","Pseudo-Word","High",1,947.3
"872",33,"4",65,"42103","03","Pseudo-Word","Low",1,732.19
"872",33,"4",66,"42131","31","Pseudo-Word","Low",1,917.74
"872",33,"4",67,"41214","14","Word","High",1,702.96
"872",33,"4",69,"41202","02","Word","High",0,-1723.87
"872",33,"4",70,"42113","13","Pseudo-Word","Low",0,-1709.18
"872",33,"4",71,"43137","37","Consonant String","Low",1,977.45
"872",33,"4",72,"41206","06","Word","High",1,1039.02
"872",33,"4",73,"42240","40","Pseudo-Word","High",1,2312.64
"872",33,"4",74,"42119","19","Pseudo-Word","Low",1,1320.96
"872",33,"4",75,"41230","30","Word","High",1,825.2
"872",33,"4",76,"41232","32","Word","High",1,663.75
"872",33,"4",77,"41139","39","Word","Low",1,720.96
"872",33,"4",78,"42117","17","Pseudo-Word","Low",1,1811.22
"872",33,"4",80,"42212","12","Pseudo-Word","High",1,834.49
"872",33,"4",81,"42204","04","Pseudo-Word","High",1,1097.05
"872",33,"4",82,"43214","14","Consonant String","High",1,2045.01
"872",33,"4",83,"43133","33","Consonant String","Low",0,-1220.98
"872",33,"4",84,"42133","33","Pseudo-Word","Low",1,825.22
"872",33,"4",85,"41105","05","Word","Low",1,625.76
"872",33,"4",86,"41210","10","Word","High",1,781.3
"872",33,"4",87,"42242","42","Pseudo-Word","High",1,1050.86
"872",33,"4",88,"43125","25","Consonant String","Low",1,855.75
"872",33,"4",89,"42218","18","Pseudo-Word","High",0,-855.64
"872",33,"4",91,"41115","15","Word","Low",1,666.52
"872",33,"4",92,"41208","08","Word","High",1,631.72
"872",33,"4",93,"43113","13","Consonant String","Low",1,2111.32
"872",33,"4",94,"42226","26","Pseudo-Word","High",1,881.61
"872",33,"4",95,"43226","26","Consonant String","High",1,1572.2
"872",33,"4",96,"43127","27","Consonant String","Low",1,1085.47
"872",33,"4",97,"41103","03","Word","Low",1,647.03
"872",33,"4",98,"42143","43","Pseudo-Word","Low",1,1641.95
"872",33,"4",99,"42145","45","Pseudo-Word","Low",1,996.87
"872",33,"4",100,"42101","01","Pseudo-Word","Low",0,-1046.78
"872",33,"4",102,"42216","16","Pseudo-Word","High",0,-1303.7
"872",33,"4",103,"42224","24","Pseudo-Word","High",1,1299.62
"872",33,"4",104,"43115","15","Consonant String","Low",1,1383.56
"872",33,"4",105,"43240","40","Consonant String","High",0,-1873.18
"872",33,"4",106,"42236","36","Pseudo-Word","High",1,1016.47
"872",33,"4",107,"43230","30","Consonant String","High",0,-1877.74
"872",33,"4",108,"41242","42","Word","High",1,668.35
"872",33,"4",109,"41246","46","Word","High",1,670.54
"872",33,"4",110,"43129","29","Consonant String","Low",0,-1880.79
"872",33,"4",111,"42137","37","Pseudo-Word","Low",1,573.4
"872",33,"4",113,"43139","39","Consonant String","Low",1,961.61
"872",33,"4",114,"43208","08","Consonant String","High",1,1211.85
"872",33,"4",115,"41218","18","Word","High",0,-1042.1
"872",33,"4",116,"41147","47","Word","Low",1,647.16
"872",33,"4",117,"43111","11","Consonant String","Low",1,763.03
"872",33,"4",118,"42214","14","Pseudo-Word","High",1,948.25
"872",33,"4",119,"41222","22","Word","High",1,869.15
"872",33,"4",120,"43232","32","Consonant String","High",1,1212.38
"872",33,"4",121,"43147","47","Consonant String","Low",1,1325.64
"872",33,"4",122,"41145","45","Word","Low",1,2219.27
"872",33,"4",124,"41119","19","Word","Low",1,1660.61
"872",33,"4",125,"41240","40","Word","High",1,649.86
"872",33,"4",126,"42105","05","Pseudo-Word","Low",1,757.74
"872",33,"4",127,"41101","01","Word","Low",1,751.95
"872",33,"4",128,"41131","31","Word","Low",1,646.83
"872",33,"4",129,"43204","04","Consonant String","High",1,770.69
"872",33,"4",130,"41143","43","Word","Low",1,694.91
"872",33,"4",131,"43143","43","Consonant String","Low",0,-1661.82
"872",33,"4",132,"42123","23","Pseudo-Word","Low",1,625.07
"872",33,"4",133,"43141","41","Consonant String","Low",1,612.61
"872",33,"4",135,"41141","41","Word","Low",1,976.82
"872",33,"4",136,"42139","39","Pseudo-Word","Low",1,615.38
"872",33,"4",137,"41133","33","Word","Low",1,585.57
"872",33,"4",138,"43244","44","Consonant String","High",1,1012.12
"872",33,"4",139,"42222","22","Pseudo-Word","High",1,740.34
"872",33,"4",140,"41121","21","Word","Low",1,591.88
"872",33,"4",141,"43222","22","Consonant String","High",1,857.75
"872",33,"4",142,"43220","20","Consonant String","High",0,-1105.99
"872",33,"4",143,"41125","25","Word","Low",1,652.88
"872",33,"4",144,"43123","23","Consonant String","Low",1,1282.77
"872",33,"4",3,"42111","11","Pseudo-Word","Low",1,634.34
"872",33,"4",4,"41137","37","Word","Low",1,585.88
"872",33,"4",5,"42127","27","Pseudo-Word","Low",1,639.41
"872",33,"4",6,"43109","09","Consonant String","Low",1,713.94
"872",33,"4",7,"41204","04","Word","High",1,698.15
"872",33,"4",8,"43210","10","Consonant String","High",0,-1064.04
"872",33,"4",9,"41109","09","Word","Low",1,537.26
"872",33,"4",10,"43202","02","Consonant String","High",1,1952.84
"872",33,"4",11,"41113","13","Word","Low",1,867.78
"872",33,"4",12,"42147","47","Pseudo-Word","Low",1,1388.04
"872",33,"4",14,"41135","35","Word","Low",1,725.61
"872",33,"4",15,"41212","12","Word","High",1,1041.17
"872",33,"4",16,"43224","24","Consonant String","High",0,-1972.12
"872",33,"4",17,"43218","18","Consonant String","High",0,-1718.43
"872",33,"4",18,"43105","05","Consonant String","Low",1,1265.71
"872",33,"4",19,"41248","48","Word","High",1,570.94
"872",33,"4",20,"41244","44","Word","High",1,637.14
"872",33,"4",21,"42141","41","Pseudo-Word","Low",1,587.67
"872",33,"4",22,"41234","34","Word","High",1,669.2
"872",33,"4",23,"42248","48","Pseudo-Word","High",1,615.41
"872",33,"4",25,"43103","03","Consonant String","Low",1,854.61
"872",33,"4",26,"43236","36","Consonant String","High",1,1524.52
"872",33,"4",27,"41123","23","Word","Low",1,668.77
"872",33,"4",28,"43212","12","Consonant String","High",0,-1778.03
"872",33,"4",29,"43248","48","Consonant String","High",1,719.63
"872",33,"4",30,"42135","35","Pseudo-Word","Low",1,943.84
"872",33,"4",31,"41220","20","Word","High",1,790.73
"872",33,"4",32,"41238","38","Word","High",1,880.29
"872",33,"4",33,"42125","25","Pseudo-Word","Low",1,660.84
"872",33,"4",34,"43117","17","Consonant String","Low",1,2329.11
"872",33,"4",36,"43145","45","Consonant String","Low",0,-1312.77
"872",33,"4",37,"43101","01","Consonant String","Low",0,-1291.03
"872",33,"4",38,"43238","38","Consonant String","High",0,-1257.62
"872",33,"4",39,"41224","24","Word","High",1,664.52
"872",33,"4",40,"42228","28","Pseudo-Word","High",0,-703.72
"872",33,"4",41,"42115","15","Pseudo-Word","Low",1,2436.66
"872",33,"4",42,"43121","21","Consonant String","Low",1,537.3
"872",33,"4",43,"41111","11","Word","Low",1,909.83
"872",33,"4",44,"43206","06","Consonant String","High",0,-1315.08
"872",33,"4",45,"43234","34","Consonant String","High",1,538.31
"872",33,"4",47,"41236","36","Word","High",1,585.84
"872",33,"4",48,"43242","42","Consonant String","High",1,2991.47
"872",33,"4",49,"42220","20","Pseudo-Word","High",1,783.48
"872",33,"4",50,"41129","29","Word","Low",1,758.02
"872",33,"4",51,"42208","08","Pseudo-Word","High",1,729.22
"873",33,"2",1,"21103","03","Word","Low",1,669.75
"873",33,"2",57,"22236","36","Pseudo-Word","High",0,-1328.97
"873",33,"2",68,"22244","44","Pseudo-Word","High",0,-711.55
"873",33,"2",79,"22222","22","Pseudo-Word","High",1,615.75
"873",33,"2",90,"21208","08","Word","High",1,756.95
"873",33,"2",101,"23224","24","Consonant String","High",0,-839.83
"873",33,"2",112,"22127","27","Pseudo-Word","Low",1,980.38
"873",33,"2",123,"21117","17","Word","Low",1,1124.96
"873",33,"2",134,"23111","11","Consonant String","Low",1,628.18
"873",33,"2",2,"23135","35","Consonant String","Low",1,746.72
"873",33,"2",13,"21236","36","Word","High",1,880.59
"873",33,"2",24,"23133","33","Consonant String","Low",1,817.14
"873",33,"2",35,"21230","30","Word","High",1,1265.38
"873",33,"2",46,"22226","26","Pseudo-Word","High",1,861.61
"873",33,"2",52,"21246","46","Word","High",1,583.82
"873",33,"2",53,"23147","47","Consonant String","Low",1,1458.38
"873",33,"2",54,"23115","15","Consonant String","Low",1,1007.31
"873",33,"2",55,"22131","31","Pseudo-Word","Low",1,529.19
"873",33,"2",56,"21109","09","Word","Low",1,556.71
"873",33,"2",58,"21113","13","Word","Low",1,473.57
"873",33,"2",59,"22220","20","Pseudo-Word","High",1,753.76
"873",33,"2",60,"21133","33","Word","Low",1,540.63
"873",33,"2",61,"21129","29","Word","Low",1,620.16
"873",33,"2",62,"22105","05","Pseudo-Word","Low",1,1273.37
"873",33,"2",63,"21228","28","Word","High",0,-729.62
"873",33,"2",64,"22246","46","Pseudo-Word","High",1,1119.16
"873",33,"2",65,"22147","47","Pseudo-Word","Low",1,738.4
"873",33,"2",66,"23208","08","Consonant String","High",1,512.92
"873",33,"2",67,"23117","17","Consonant String","Low",1,1520.15
"873",33,"2",69,"23143","43","Consonant String","Low",0,-586.4
"873",33,"2",70,"23137","37","Consonant String","Low",0,-1130.94
"873",33,"2",71,"23129","29","Consonant String","Low",1,673.51
"873",33,"2",72,"23121","21","Consonant String","Low",1,450.7
"873",33,"2",73,"22133","33","Pseudo-Word","Low",1,559.55
"873",33,"2",74,"21115","15","Word","Low",1,1043.76
"873",33,"2",75,"23222","22","Consonant String","High",1,891.66
"873",33,"2",76,"23107","07","Consonant String","Low",1,721.55
"873",33,"2",77,"23119","19","Consonant String","Low",1,1043.77
"873",33,"2",78,"22129","29","Pseudo-Word","Low",0,-1844.7
"873",33,"2",80,"21147","47","Word","Low",1,1304.65
"873",33,"2",81,"23125","25","Consonant String","Low",1,465.54
"873",33,"2",82,"21143","43","Word","Low",0,-512.73
"873",33,"2",83,"22141","41","Pseudo-Word","Low",1,575.93
"873",33,"2",84,"21210","10","Word","High",1,557.45
"873",33,"2",85,"21202","02","Word","High",1,1534.35
"873",33,"2",86,"22224","24","Pseudo-Word","High",0,-913.93
"873",33,"2",87,"21119","19","Word","Low",1,901.17
"873",33,"2",88,"21240","40","Word","High",1,621.04
"873",33,"2",89,"23246","46","Consonant String","High",1,897.25
"873",33,"2",91,"23236","36","Consonant String","High",0,-1025.14
"873",33,"2",92,"22234","34","Pseudo-Word","High",1,588.7
"873",33,"2",93,"22123","23","Pseudo-Word","Low",1,443.22
"873",33,"2",94,"22228","28","Pseudo-Word","High",0,-1292.11
"873",33,"2",95,"23145","45","Consonant String","Low",1,1888.06
"873",33,"2",96,"22119","19","Pseudo-Word","Low",1,524.65
"873",33,"2",97,"23242","42","Consonant String","High",1,669.84
"873",33,"2",98,"22113","13","Pseudo-Word","Low",1,489.04
"873",33,"2",99,"23101","01","Consonant String","Low",1,872.57
"873",33,"2",100,"21242","42","Word","High",1,692.79
"873",33,"2",102,"21105","05","Word","Low",1,761.66
"873",33,"2",103,"23216","16","Consonant String","High",1,627.88
"873",33,"2",104,"22238","38","Pseudo-Word","High",0,-593.41
"873",33,"2",105,"22107","07","Pseudo-Word","Low",1,652.27
"873",33,"2",106,"22242","42","Pseudo-Word","High",1,617.14
"873",33,"2",107,"22139","39","Pseudo-Word","Low",1,1031.35
"873",33,"2",108,"21214","14","Word","High",1,587.91
"873",33,"2",109,"23240","40","Consonant String","High",0,-1736.47
"873",33,"2",110,"21224","24","Word","High",1,516.07
"873",33,"2",111,"22103","03","Pseudo-Word","Low",1,487.25
"873",33,"2",113,"22210","10","Pseudo-Word","High",1,827.78
"873",33,"2",114,"21121","21","Word","Low",1,477.32
"873",33,"2",115,"23212","12","Consonant String","High",1,803.85
"873",33,"2",116,"23238","38","Consonant String","High",0,-766.31
"873",33,"2",117,"21226","26","Word","High",1,876.53
"873",33,"2",118,"21131","31","Word","Low",1,655.07
"873",33,"2",119,"21218","18","Word","High",1,531.94
"873",33,"2",120,"21238","38","Word","High",1,792.47
"873",33,"2",121,"22117","17","Pseudo-Word","Low",1,815.35
"873",33,"2",122,"23113","13","Consonant String","Low",1,600.56
"873",33,"2",124,"21248","48","Word","High",1,499.43
"873",33,"2",125,"23202","02","Consonant String","High",1,867.29
"873",33,"2",126,"21220","20","Word","High",1,489.5
"873",33,"2",127,"21127","27","Word","Low",1,478.03
"873",33,"2",128,"22216","16","Pseudo-Word","High",1,595.54
"873",33,"2",129,"22232","32","Pseudo-Word","High",1,607.41
"873",33,"2",130,"22111","11","Pseudo-Word","Low",1,647.27
"873",33,"2",131,"22115","15","Pseudo-Word","Low",0,-933.14
"873",33,"2",132,"21204","04","Word","High",0,-986.71
"873",33,"2",133,"23109","09","Consonant String","Low",1,594.25
"873",33,"2",135,"21139","39","Word","Low",1,514.12
"873",33,"2",136,"23244","44","Consonant String","High",0,-572.31
"873",33,"2",137,"23206","06","Consonant String","High",0,-982.52
"873",33,"2",138,"22240","40","Pseudo-Word","High",1,1402.11
"873",33,"2",139,"23139","39","Consonant String","Low",0,-1319.04
"873",33,"2",140,"21222","22","Word","High",1,619.27
"873",33,"2",141,"23127","27","Consonant String","Low",1,997.49
"873",33,"2",142,"22218","18","Pseudo-Word","High",1,567.38
"873",33,"2",143,"21123","23","Word","Low",1,501.57
"873",33,"2",144,"22202","02","Pseudo-Word","High",1,707.43
"873",33,"2",3,"21111","11","Word","Low",1,620.3
"873",33,"2",4,"22125","25","Pseudo-Word","Low",1,549.49
"873",33,"2",5,"21206","06","Word","High",1,548.36
"873",33,"2",6,"23204","04","Consonant String","High",1,628.22
"873",33,"2",7,"21107","07","Word","Low",1,492.74
"873",33,"2",8,"23234","34","Consonant String","High",1,752.61
"873",33,"2",9,"22248","48","Pseudo-Word","High",1,618.49
"873",33,"2",10,"23214","14","Consonant String","High",1,804.69
"873",33,"2",11,"23232","32","Consonant String","High",1,671.57
"873",33,"2",12,"23141","41","Consonant String","Low",1,1436.81
"873",33,"2",14,"22137","37","Pseudo-Word","Low",0,-848.39
"873",33,"2",15,"22214","14","Pseudo-Word","High",1,977.3
"873",33,"2",16,"23103","03","Consonant String","Low",1,640.83
"873",33,"2",17,"21145","45","Word","Low",1,1179.39
"873",33,"2",18,"22135","35","Pseudo-Word","Low",1,839.97
"873",33,"2",19,"22230","30","Pseudo-Word","High",0,-994.53
"873",33,"2",20,"23248","48","Consonant String","High",0,-624.41
"873",33,"2",21,"21212","12","Word","High",1,615.62
"873",33,"2",22,"21137","37","Word","Low",0,-669.81
"873",33,"2",23,"22121","21","Pseudo-Word","Low",1,621.01
"873",33,"2",25,"23105","05","Consonant String","Low",1,1214.23
"873",33,"2",26,"23230","30","Consonant String","High",1,1092.49
"873",33,"2",27,"23228","28","Consonant String","High",0,-515.38
"873",33,"2",28,"21101","01","Word","Low",1,683.58
"873",33,"2",29,"22143","43","Pseudo-Word","Low",1,1323.14
"873",33,"2",30,"21244","44","Word","High",0,-746.39
"873",33,"2",31,"23123","23","Consonant String","Low",1,519.25
"873",33,"2",32,"21125","25","Word","Low",1,856.46
"873",33,"2",33,"23131","31","Consonant String","Low",0,-803.34
"873",33,"2",34,"22101","01","Pseudo-Word","Low",1,593.22
"873",33,"2",36,"23218","18","Consonant String","High",0,-1065.11
"873",33,"2",37,"22109","09","Pseudo-Word","Low",1,716.33
"873",33,"2",38,"22206","06","Pseudo-Word","High",1,617.54
"873",33,"2",39,"23226","26","Consonant String","High",0,-1143.76
"873",33,"2",40,"21234","34","Word","High",1,637.65
"873",33,"2",41,"22208","08","Pseudo-Word","High",1,1231.21
"873",33,"2",42,"21141","41","Word","Low",1,615.79
"873",33,"2",43,"21135","35","Word","Low",1,738.99
"873",33,"2",44,"21232","32","Word","High",1,606.53
"873",33,"2",45,"22145","45","Pseudo-Word","Low",1,578.39
"873",33,"2",47,"23210","10","Consonant String","High",1,740.93
"873",33,"2",48,"22204","04","Pseudo-Word","High",1,644.47
"873",33,"2",49,"21216","16","Word","High",0,-618.34
"873",33,"2",50,"22212","12","Pseudo-Word","High",1,718.54
"873",33,"2",51,"23220","20","Consonant String","High",0,-1075.76
